id,title,story,category,theme,setting,mood,keywords,searchable_text,word_count,reading_time_min
ST-0001,The Whispers of Haunted Forest,"The autumn wind howled through the barren boughs of Forest at Midnight, carrying with it a chill that sank deep into bone.

A sudden plummet in temperature turned every breath into silver vapor. Soft, wet whispers echoed from empty corners, repeating forgotten names. The floorboards vibrated with heavy, deliberate footfalls descending from an empty staircase where no living soul could stand.

The clock in the bell tower struck four, and as dawn crept over the horizon, the apparitions dissolved back into the mist, leaving the grim truth forever locked within Forest at Midnight.",Horror,Haunted Forest,Forest at Midnight,Scary,"ghost, woods, shadows, night, terror, creepy, whisper, fog, horror, haunted forest, scary",whispers haunted forest whispers haunted forest horror horror horror haunted forest haunted forest forest midnight forest midnight scary scary ghost woods shadows night terror creepy whisper fog horror haunted forest scary ghost woods shadows night terror creepy whisper fog horror haunted forest scary autumn wind howled barren boughs forest midnight carrying chill sank deep bone sudden plummet temperature turned every breath silver vapor soft wet whispers echoed empty corners repeating forgotten names floorboards vibrated heavy deliberate footfalls descending empty staircase living soul stand clock bell tower struck four dawn crept horizon apparitions dissolved back mist leaving grim truth forever locked within forest midnight,93,1
ST-0002,The Curse of Victorian Mansion,"Nobody ventured near Decaying Manor after twilight, for the old folk remembered the tragedy that had stained its soil decades ago.

From beneath the damp earth and broken masonry, an unearthly glow arose. Ancient runes carved into the threshold flared with spectral light as a towering shroud drifted forward, radiating centuries of unresolved grief and malice.

No one ever returned to investigate Decaying Manor again, and to this day, locals cross the road when walking past its shadowed gates.",Horror,Victorian Mansion,Decaying Manor,Terrifying,"mansion, spectral, haunted house, attic, screams, curse, shiver, horror, victorian mansion, terrifying",curse victorian mansion curse victorian mansion horror horror horror victorian mansion victorian mansion decaying manor decaying manor terrifying terrifying mansion spectral haunted house attic screams curse shiver horror victorian mansion terrifying mansion spectral haunted house attic screams curse shiver horror victorian mansion terrifying nobody ventured near decaying manor twilight old folk remembered tragedy stained soil decades ago beneath damp earth broken masonry unearthly glow arose ancient runes carved threshold flared spectral light towering shroud drifted forward radiating centuries unresolved grief malice one ever returned investigate decaying manor day locals cross road walking past shadowed gates,79,1
ST-0003,Shadows Over Midnight Cemetery,"A suffocating blanket of midnight fog rolled across Foggy Graveyard, swallowing every familiar landmark in impenetrable gray.

The air grew thick with the scent of stagnant water and rotting flowers. An icy draft extinguished all torches at once, leaving only the sound of hurried, ragged breathing that did not belong to any human in the room.

With a desperate surge of adrenaline, the sole survivor scrambled through the shattered gateway, leaving behind every lantern and notebook, swearing never to look back at Foggy Graveyard.",Horror,Midnight Cemetery,Foggy Graveyard,Eerie,"tombstone, crypt, undead, fog, skeletons, cold, spirits, grave, horror, midnight cemetery, eerie",shadows midnight cemetery shadows midnight cemetery horror horror horror midnight cemetery midnight cemetery foggy graveyard foggy graveyard eerie eerie tombstone crypt undead fog skeletons cold spirits grave horror midnight cemetery eerie tombstone crypt undead fog skeletons cold spirits grave horror midnight cemetery eerie suffocating blanket midnight fog rolled across foggy graveyard swallowing every familiar landmark impenetrable gray air grew thick scent stagnant water rotting flowers icy draft extinguished torches leaving sound hurried ragged breathing belong human room desperate surge adrenaline sole survivor scrambled shattered gateway leaving behind every lantern notebook swearing never look back foggy graveyard,84,1
ST-0004,The Phantom of Cursed Lighthouse,"The iron gates of Rocky Stormy Coast stood half-open, groaning on rusted hinges as the midnight hour struck.

As the solitary lantern sputtered and died, rhythmic scratching sounded from the interior walls. Pale, translucent fingers emerged from the darkness, gripping the cold stone. Shadows detached themselves from the floor, circling silently with hollow, sorrowful eyes that seemed to demand answers.

When morning light finally broke through the gray clouds, the search party discovered only an abandoned brass lantern on the moss, surrounded by dozens of barefoot tracks that abruptly vanished into thin air.",Horror,Cursed Lighthouse,Rocky Stormy Coast,Chilling,"lighthouse, beacon, drowned, ocean, shipwreck, phantom, storm, horror, cursed lighthouse, chilling",phantom cursed lighthouse phantom cursed lighthouse horror horror horror cursed lighthouse cursed lighthouse rocky stormy coast rocky stormy coast chilling chilling lighthouse beacon drowned ocean shipwreck phantom storm horror cursed lighthouse chilling lighthouse beacon drowned ocean shipwreck phantom storm horror cursed lighthouse chilling iron gates rocky stormy coast stood half open groaning rusted hinges midnight hour struck solitary lantern sputtered died rhythmic scratching sounded interior walls pale translucent fingers emerged darkness gripping cold stone shadows detached floor circling silently hollow sorrowful eyes seemed demand answers morning light finally broke gray clouds search party discovered abandoned brass lantern moss surrounded dozens barefoot tracks abruptly vanished thin air,93,1
ST-0005,The Haunting of Asylum Whispers,"Silence in Abandoned Sanitarium was never peaceful; it was the tense stillness of a predator waiting in the blackness.

A sudden plummet in temperature turned every breath into silver vapor. Soft, wet whispers echoed from empty corners, repeating forgotten names. The floorboards vibrated with heavy, deliberate footfalls descending from an empty staircase where no living soul could stand.

The clock in the bell tower struck four, and as dawn crept over the horizon, the apparitions dissolved back into the mist, leaving the grim truth forever locked within Abandoned Sanitarium.",Horror,Asylum Whispers,Abandoned Sanitarium,Unsettling,"asylum, hollow, footsteps, echoes, darkness, madness, chilling, horror, asylum whispers, unsettling",haunting asylum whispers haunting asylum whispers horror horror horror asylum whispers asylum whispers abandoned sanitarium abandoned sanitarium unsettling unsettling asylum hollow footsteps echoes darkness madness chilling horror asylum whispers unsettling asylum hollow footsteps echoes darkness madness chilling horror asylum whispers unsettling silence abandoned sanitarium never peaceful tense stillness predator waiting blackness sudden plummet temperature turned every breath silver vapor soft wet whispers echoed empty corners repeating forgotten names floorboards vibrated heavy deliberate footfalls descending empty staircase living soul stand clock bell tower struck four dawn crept horizon apparitions dissolved back mist leaving grim truth forever locked within abandoned sanitarium,89,1
ST-0006,Midnight in Ancient Crypt,"The autumn wind howled through the barren boughs of Catacombs Beneath the City, carrying with it a chill that sank deep into bone.

From beneath the damp earth and broken masonry, an unearthly glow arose. Ancient runes carved into the threshold flared with spectral light as a towering shroud drifted forward, radiating centuries of unresolved grief and malice.

No one ever returned to investigate Catacombs Beneath the City again, and to this day, locals cross the road when walking past its shadowed gates.",Horror,Ancient Crypt,Catacombs Beneath the City,Claustrophobic,"catacombs, bones, tunnels, torches, sealed, mummy, horror, ancient crypt, claustrophobic",midnight ancient crypt midnight ancient crypt horror horror horror ancient crypt ancient crypt catacombs beneath city catacombs beneath city claustrophobic claustrophobic catacombs bones tunnels torches sealed mummy horror ancient crypt claustrophobic catacombs bones tunnels torches sealed mummy horror ancient crypt claustrophobic autumn wind howled barren boughs catacombs beneath city carrying chill sank deep bone beneath damp earth broken masonry unearthly glow arose ancient runes carved threshold flared spectral light towering shroud drifted forward radiating centuries unresolved grief malice one ever returned investigate catacombs beneath city day locals cross road walking past shadowed gates,83,1
ST-0007,The Specter of The Mirror's Double,"Nobody ventured near Antique Dressing Room after twilight, for the old folk remembered the tragedy that had stained its soil decades ago.

The air grew thick with the scent of stagnant water and rotting flowers. An icy draft extinguished all torches at once, leaving only the sound of hurried, ragged breathing that did not belong to any human in the room.

With a desperate surge of adrenaline, the sole survivor scrambled through the shattered gateway, leaving behind every lantern and notebook, swearing never to look back at Antique Dressing Room.",Horror,The Mirror's Double,Antique Dressing Room,Sinister,"reflection, mirror, doppelganger, glass, watcher, creepy, unnatural, horror, the mirror's double, sinister",specter mirror double specter mirror double horror horror horror mirror double mirror double antique dressing room antique dressing room sinister sinister reflection mirror doppelganger glass watcher creepy unnatural horror mirror double sinister reflection mirror doppelganger glass watcher creepy unnatural horror mirror double sinister nobody ventured near antique dressing room twilight old folk remembered tragedy stained soil decades ago air grew thick scent stagnant water rotting flowers icy draft extinguished torches leaving sound hurried ragged breathing belong human room desperate surge adrenaline sole survivor scrambled shattered gateway leaving behind every lantern notebook swearing never look back antique dressing room,90,1
ST-0008,The Secrets of The Forgotten Well,"A suffocating blanket of midnight fog rolled across Overgrown Village Square, swallowing every familiar landmark in impenetrable gray.

As the solitary lantern sputtered and died, rhythmic scratching sounded from the interior walls. Pale, translucent fingers emerged from the darkness, gripping the cold stone. Shadows detached themselves from the floor, circling silently with hollow, sorrowful eyes that seemed to demand answers.

When morning light finally broke through the gray clouds, the search party discovered only an abandoned brass lantern on the moss, surrounded by dozens of barefoot tracks that abruptly vanished into thin air.",Horror,The Forgotten Well,Overgrown Village Square,Haunting,"well, depths, water, chains, echo, darkness, dread, horror, the forgotten well, haunting",secrets forgotten well secrets forgotten well horror horror horror forgotten well forgotten well overgrown village square overgrown village square haunting haunting well depths water chains echo darkness dread horror forgotten well haunting well depths water chains echo darkness dread horror forgotten well haunting suffocating blanket midnight fog rolled across overgrown village square swallowing every familiar landmark impenetrable gray solitary lantern sputtered died rhythmic scratching sounded interior walls pale translucent fingers emerged darkness gripping cold stone shadows detached floor circling silently hollow sorrowful eyes seemed demand answers morning light finally broke gray clouds search party discovered abandoned brass lantern moss surrounded dozens barefoot tracks abruptly vanished thin air,93,1
ST-0009,The Eerie Tale of Haunted Forest,"The iron gates of Forest at Midnight stood half-open, groaning on rusted hinges as the midnight hour struck.

A sudden plummet in temperature turned every breath into silver vapor. Soft, wet whispers echoed from empty corners, repeating forgotten names. The floorboards vibrated with heavy, deliberate footfalls descending from an empty staircase where no living soul could stand.

The clock in the bell tower struck four, and as dawn crept over the horizon, the apparitions dissolved back into the mist, leaving the grim truth forever locked within Forest at Midnight.",Horror,Haunted Forest,Forest at Midnight,Scary,"ghost, woods, shadows, night, terror, creepy, whisper, fog, horror, haunted forest, scary",eerie tale haunted forest eerie tale haunted forest horror horror horror haunted forest haunted forest forest midnight forest midnight scary scary ghost woods shadows night terror creepy whisper fog horror haunted forest scary ghost woods shadows night terror creepy whisper fog horror haunted forest scary iron gates forest midnight stood half open groaning rusted hinges midnight hour struck sudden plummet temperature turned every breath silver vapor soft wet whispers echoed empty corners repeating forgotten names floorboards vibrated heavy deliberate footfalls descending empty staircase living soul stand clock bell tower struck four dawn crept horizon apparitions dissolved back mist leaving grim truth forever locked within forest midnight,89,1
ST-0010,The Dark Echoes of Victorian Mansion,"Silence in Decaying Manor was never peaceful; it was the tense stillness of a predator waiting in the blackness.

From beneath the damp earth and broken masonry, an unearthly glow arose. Ancient runes carved into the threshold flared with spectral light as a towering shroud drifted forward, radiating centuries of unresolved grief and malice.

No one ever returned to investigate Decaying Manor again, and to this day, locals cross the road when walking past its shadowed gates.",Horror,Victorian Mansion,Decaying Manor,Terrifying,"mansion, spectral, haunted house, attic, screams, curse, shiver, horror, victorian mansion, terrifying",dark echoes victorian mansion dark echoes victorian mansion horror horror horror victorian mansion victorian mansion decaying manor decaying manor terrifying terrifying mansion spectral haunted house attic screams curse shiver horror victorian mansion terrifying mansion spectral haunted house attic screams curse shiver horror victorian mansion terrifying silence decaying manor never peaceful tense stillness predator waiting blackness beneath damp earth broken masonry unearthly glow arose ancient runes carved threshold flared spectral light towering shroud drifted forward radiating centuries unresolved grief malice one ever returned investigate decaying manor day locals cross road walking past shadowed gates,77,1
ST-0011,The Whispers of Midnight Cemetery,"The autumn wind howled through the barren boughs of Foggy Graveyard, carrying with it a chill that sank deep into bone.

The air grew thick with the scent of stagnant water and rotting flowers. An icy draft extinguished all torches at once, leaving only the sound of hurried, ragged breathing that did not belong to any human in the room.

With a desperate surge of adrenaline, the sole survivor scrambled through the shattered gateway, leaving behind every lantern and notebook, swearing never to look back at Foggy Graveyard.",Horror,Midnight Cemetery,Foggy Graveyard,Eerie,"tombstone, crypt, undead, fog, skeletons, cold, spirits, grave, horror, midnight cemetery, eerie",whispers midnight cemetery whispers midnight cemetery horror horror horror midnight cemetery midnight cemetery foggy graveyard foggy graveyard eerie eerie tombstone crypt undead fog skeletons cold spirits grave horror midnight cemetery eerie tombstone crypt undead fog skeletons cold spirits grave horror midnight cemetery eerie autumn wind howled barren boughs foggy graveyard carrying chill sank deep bone air grew thick scent stagnant water rotting flowers icy draft extinguished torches leaving sound hurried ragged breathing belong human room desperate surge adrenaline sole survivor scrambled shattered gateway leaving behind every lantern notebook swearing never look back foggy graveyard,88,1
ST-0012,The Curse of Cursed Lighthouse,"Nobody ventured near Rocky Stormy Coast after twilight, for the old folk remembered the tragedy that had stained its soil decades ago.

As the solitary lantern sputtered and died, rhythmic scratching sounded from the interior walls. Pale, translucent fingers emerged from the darkness, gripping the cold stone. Shadows detached themselves from the floor, circling silently with hollow, sorrowful eyes that seemed to demand answers.

When morning light finally broke through the gray clouds, the search party discovered only an abandoned brass lantern on the moss, surrounded by dozens of barefoot tracks that abruptly vanished into thin air.",Horror,Cursed Lighthouse,Rocky Stormy Coast,Chilling,"lighthouse, beacon, drowned, ocean, shipwreck, phantom, storm, horror, cursed lighthouse, chilling",curse cursed lighthouse curse cursed lighthouse horror horror horror cursed lighthouse cursed lighthouse rocky stormy coast rocky stormy coast chilling chilling lighthouse beacon drowned ocean shipwreck phantom storm horror cursed lighthouse chilling lighthouse beacon drowned ocean shipwreck phantom storm horror cursed lighthouse chilling nobody ventured near rocky stormy coast twilight old folk remembered tragedy stained soil decades ago solitary lantern sputtered died rhythmic scratching sounded interior walls pale translucent fingers emerged darkness gripping cold stone shadows detached floor circling silently hollow sorrowful eyes seemed demand answers morning light finally broke gray clouds search party discovered abandoned brass lantern moss surrounded dozens barefoot tracks abruptly vanished thin air,97,1
ST-0013,Shadows Over Asylum Whispers,"A suffocating blanket of midnight fog rolled across Abandoned Sanitarium, swallowing every familiar landmark in impenetrable gray.

A sudden plummet in temperature turned every breath into silver vapor. Soft, wet whispers echoed from empty corners, repeating forgotten names. The floorboards vibrated with heavy, deliberate footfalls descending from an empty staircase where no living soul could stand.

The clock in the bell tower struck four, and as dawn crept over the horizon, the apparitions dissolved back into the mist, leaving the grim truth forever locked within Abandoned Sanitarium.",Horror,Asylum Whispers,Abandoned Sanitarium,Unsettling,"asylum, hollow, footsteps, echoes, darkness, madness, chilling, horror, asylum whispers, unsettling",shadows asylum whispers shadows asylum whispers horror horror horror asylum whispers asylum whispers abandoned sanitarium abandoned sanitarium unsettling unsettling asylum hollow footsteps echoes darkness madness chilling horror asylum whispers unsettling asylum hollow footsteps echoes darkness madness chilling horror asylum whispers unsettling suffocating blanket midnight fog rolled across abandoned sanitarium swallowing every familiar landmark impenetrable gray sudden plummet temperature turned every breath silver vapor soft wet whispers echoed empty corners repeating forgotten names floorboards vibrated heavy deliberate footfalls descending empty staircase living soul stand clock bell tower struck four dawn crept horizon apparitions dissolved back mist leaving grim truth forever locked within abandoned sanitarium,87,1
ST-0014,The Phantom of Ancient Crypt,"The iron gates of Catacombs Beneath the City stood half-open, groaning on rusted hinges as the midnight hour struck.

From beneath the damp earth and broken masonry, an unearthly glow arose. Ancient runes carved into the threshold flared with spectral light as a towering shroud drifted forward, radiating centuries of unresolved grief and malice.

No one ever returned to investigate Catacombs Beneath the City again, and to this day, locals cross the road when walking past its shadowed gates.",Horror,Ancient Crypt,Catacombs Beneath the City,Claustrophobic,"catacombs, bones, tunnels, torches, sealed, mummy, horror, ancient crypt, claustrophobic",phantom ancient crypt phantom ancient crypt horror horror horror ancient crypt ancient crypt catacombs beneath city catacombs beneath city claustrophobic claustrophobic catacombs bones tunnels torches sealed mummy horror ancient crypt claustrophobic catacombs bones tunnels torches sealed mummy horror ancient crypt claustrophobic iron gates catacombs beneath city stood half open groaning rusted hinges midnight hour struck beneath damp earth broken masonry unearthly glow arose ancient runes carved threshold flared spectral light towering shroud drifted forward radiating centuries unresolved grief malice one ever returned investigate catacombs beneath city day locals cross road walking past shadowed gates,79,1
ST-0015,The Haunting of The Mirror's Double,"Silence in Antique Dressing Room was never peaceful; it was the tense stillness of a predator waiting in the blackness.

The air grew thick with the scent of stagnant water and rotting flowers. An icy draft extinguished all torches at once, leaving only the sound of hurried, ragged breathing that did not belong to any human in the room.

With a desperate surge of adrenaline, the sole survivor scrambled through the shattered gateway, leaving behind every lantern and notebook, swearing never to look back at Antique Dressing Room.",Horror,The Mirror's Double,Antique Dressing Room,Sinister,"reflection, mirror, doppelganger, glass, watcher, creepy, unnatural, horror, the mirror's double, sinister",haunting mirror double haunting mirror double horror horror horror mirror double mirror double antique dressing room antique dressing room sinister sinister reflection mirror doppelganger glass watcher creepy unnatural horror mirror double sinister reflection mirror doppelganger glass watcher creepy unnatural horror mirror double sinister silence antique dressing room never peaceful tense stillness predator waiting blackness air grew thick scent stagnant water rotting flowers icy draft extinguished torches leaving sound hurried ragged breathing belong human room desperate surge adrenaline sole survivor scrambled shattered gateway leaving behind every lantern notebook swearing never look back antique dressing room,88,1
ST-0016,Midnight in The Forgotten Well,"The autumn wind howled through the barren boughs of Overgrown Village Square, carrying with it a chill that sank deep into bone.

As the solitary lantern sputtered and died, rhythmic scratching sounded from the interior walls. Pale, translucent fingers emerged from the darkness, gripping the cold stone. Shadows detached themselves from the floor, circling silently with hollow, sorrowful eyes that seemed to demand answers.

When morning light finally broke through the gray clouds, the search party discovered only an abandoned brass lantern on the moss, surrounded by dozens of barefoot tracks that abruptly vanished into thin air.",Horror,The Forgotten Well,Overgrown Village Square,Haunting,"well, depths, water, chains, echo, darkness, dread, horror, the forgotten well, haunting",midnight forgotten well midnight forgotten well horror horror horror forgotten well forgotten well overgrown village square overgrown village square haunting haunting well depths water chains echo darkness dread horror forgotten well haunting well depths water chains echo darkness dread horror forgotten well haunting autumn wind howled barren boughs overgrown village square carrying chill sank deep bone solitary lantern sputtered died rhythmic scratching sounded interior walls pale translucent fingers emerged darkness gripping cold stone shadows detached floor circling silently hollow sorrowful eyes seemed demand answers morning light finally broke gray clouds search party discovered abandoned brass lantern moss surrounded dozens barefoot tracks abruptly vanished thin air,97,1
ST-0017,The Specter of Haunted Forest,"Nobody ventured near Forest at Midnight after twilight, for the old folk remembered the tragedy that had stained its soil decades ago.

A sudden plummet in temperature turned every breath into silver vapor. Soft, wet whispers echoed from empty corners, repeating forgotten names. The floorboards vibrated with heavy, deliberate footfalls descending from an empty staircase where no living soul could stand.

The clock in the bell tower struck four, and as dawn crept over the horizon, the apparitions dissolved back into the mist, leaving the grim truth forever locked within Forest at Midnight.",Horror,Haunted Forest,Forest at Midnight,Scary,"ghost, woods, shadows, night, terror, creepy, whisper, fog, horror, haunted forest, scary",specter haunted forest specter haunted forest horror horror horror haunted forest haunted forest forest midnight forest midnight scary scary ghost woods shadows night terror creepy whisper fog horror haunted forest scary ghost woods shadows night terror creepy whisper fog horror haunted forest scary nobody ventured near forest midnight twilight old folk remembered tragedy stained soil decades ago sudden plummet temperature turned every breath silver vapor soft wet whispers echoed empty corners repeating forgotten names floorboards vibrated heavy deliberate footfalls descending empty staircase living soul stand clock bell tower struck four dawn crept horizon apparitions dissolved back mist leaving grim truth forever locked within forest midnight,93,1
ST-0018,The Secrets of Victorian Mansion,"A suffocating blanket of midnight fog rolled across Decaying Manor, swallowing every familiar landmark in impenetrable gray.

From beneath the damp earth and broken masonry, an unearthly glow arose. Ancient runes carved into the threshold flared with spectral light as a towering shroud drifted forward, radiating centuries of unresolved grief and malice.

No one ever returned to investigate Decaying Manor again, and to this day, locals cross the road when walking past its shadowed gates.",Horror,Victorian Mansion,Decaying Manor,Terrifying,"mansion, spectral, haunted house, attic, screams, curse, shiver, horror, victorian mansion, terrifying",secrets victorian mansion secrets victorian mansion horror horror horror victorian mansion victorian mansion decaying manor decaying manor terrifying terrifying mansion spectral haunted house attic screams curse shiver horror victorian mansion terrifying mansion spectral haunted house attic screams curse shiver horror victorian mansion terrifying suffocating blanket midnight fog rolled across decaying manor swallowing every familiar landmark impenetrable gray beneath damp earth broken masonry unearthly glow arose ancient runes carved threshold flared spectral light towering shroud drifted forward radiating centuries unresolved grief malice one ever returned investigate decaying manor day locals cross road walking past shadowed gates,75,1
ST-0019,The Eerie Tale of Midnight Cemetery,"The iron gates of Foggy Graveyard stood half-open, groaning on rusted hinges as the midnight hour struck.

The air grew thick with the scent of stagnant water and rotting flowers. An icy draft extinguished all torches at once, leaving only the sound of hurried, ragged breathing that did not belong to any human in the room.

With a desperate surge of adrenaline, the sole survivor scrambled through the shattered gateway, leaving behind every lantern and notebook, swearing never to look back at Foggy Graveyard.",Horror,Midnight Cemetery,Foggy Graveyard,Eerie,"tombstone, crypt, undead, fog, skeletons, cold, spirits, grave, horror, midnight cemetery, eerie",eerie tale midnight cemetery eerie tale midnight cemetery horror horror horror midnight cemetery midnight cemetery foggy graveyard foggy graveyard eerie eerie tombstone crypt undead fog skeletons cold spirits grave horror midnight cemetery eerie tombstone crypt undead fog skeletons cold spirits grave horror midnight cemetery eerie iron gates foggy graveyard stood half open groaning rusted hinges midnight hour struck air grew thick scent stagnant water rotting flowers icy draft extinguished torches leaving sound hurried ragged breathing belong human room desperate surge adrenaline sole survivor scrambled shattered gateway leaving behind every lantern notebook swearing never look back foggy graveyard,84,1
ST-0020,The Dark Echoes of Cursed Lighthouse,"Silence in Rocky Stormy Coast was never peaceful; it was the tense stillness of a predator waiting in the blackness.

As the solitary lantern sputtered and died, rhythmic scratching sounded from the interior walls. Pale, translucent fingers emerged from the darkness, gripping the cold stone. Shadows detached themselves from the floor, circling silently with hollow, sorrowful eyes that seemed to demand answers.

When morning light finally broke through the gray clouds, the search party discovered only an abandoned brass lantern on the moss, surrounded by dozens of barefoot tracks that abruptly vanished into thin air.",Horror,Cursed Lighthouse,Rocky Stormy Coast,Chilling,"lighthouse, beacon, drowned, ocean, shipwreck, phantom, storm, horror, cursed lighthouse, chilling",dark echoes cursed lighthouse dark echoes cursed lighthouse horror horror horror cursed lighthouse cursed lighthouse rocky stormy coast rocky stormy coast chilling chilling lighthouse beacon drowned ocean shipwreck phantom storm horror cursed lighthouse chilling lighthouse beacon drowned ocean shipwreck phantom storm horror cursed lighthouse chilling silence rocky stormy coast never peaceful tense stillness predator waiting blackness solitary lantern sputtered died rhythmic scratching sounded interior walls pale translucent fingers emerged darkness gripping cold stone shadows detached floor circling silently hollow sorrowful eyes seemed demand answers morning light finally broke gray clouds search party discovered abandoned brass lantern moss surrounded dozens barefoot tracks abruptly vanished thin air,95,1
ST-0021,The Whispers of Asylum Whispers,"The autumn wind howled through the barren boughs of Abandoned Sanitarium, carrying with it a chill that sank deep into bone.

A sudden plummet in temperature turned every breath into silver vapor. Soft, wet whispers echoed from empty corners, repeating forgotten names. The floorboards vibrated with heavy, deliberate footfalls descending from an empty staircase where no living soul could stand.

The clock in the bell tower struck four, and as dawn crept over the horizon, the apparitions dissolved back into the mist, leaving the grim truth forever locked within Abandoned Sanitarium.",Horror,Asylum Whispers,Abandoned Sanitarium,Unsettling,"asylum, hollow, footsteps, echoes, darkness, madness, chilling, horror, asylum whispers, unsettling",whispers asylum whispers whispers asylum whispers horror horror horror asylum whispers asylum whispers abandoned sanitarium abandoned sanitarium unsettling unsettling asylum hollow footsteps echoes darkness madness chilling horror asylum whispers unsettling asylum hollow footsteps echoes darkness madness chilling horror asylum whispers unsettling autumn wind howled barren boughs abandoned sanitarium carrying chill sank deep bone sudden plummet temperature turned every breath silver vapor soft wet whispers echoed empty corners repeating forgotten names floorboards vibrated heavy deliberate footfalls descending empty staircase living soul stand clock bell tower struck four dawn crept horizon apparitions dissolved back mist leaving grim truth forever locked within abandoned sanitarium,91,1
ST-0022,The Curse of Ancient Crypt,"Nobody ventured near Catacombs Beneath the City after twilight, for the old folk remembered the tragedy that had stained its soil decades ago.

From beneath the damp earth and broken masonry, an unearthly glow arose. Ancient runes carved into the threshold flared with spectral light as a towering shroud drifted forward, radiating centuries of unresolved grief and malice.

No one ever returned to investigate Catacombs Beneath the City again, and to this day, locals cross the road when walking past its shadowed gates.",Horror,Ancient Crypt,Catacombs Beneath the City,Claustrophobic,"catacombs, bones, tunnels, torches, sealed, mummy, horror, ancient crypt, claustrophobic",curse ancient crypt curse ancient crypt horror horror horror ancient crypt ancient crypt catacombs beneath city catacombs beneath city claustrophobic claustrophobic catacombs bones tunnels torches sealed mummy horror ancient crypt claustrophobic catacombs bones tunnels torches sealed mummy horror ancient crypt claustrophobic nobody ventured near catacombs beneath city twilight old folk remembered tragedy stained soil decades ago beneath damp earth broken masonry unearthly glow arose ancient runes carved threshold flared spectral light towering shroud drifted forward radiating centuries unresolved grief malice one ever returned investigate catacombs beneath city day locals cross road walking past shadowed gates,83,1
ST-0023,Shadows Over The Mirror's Double,"A suffocating blanket of midnight fog rolled across Antique Dressing Room, swallowing every familiar landmark in impenetrable gray.

The air grew thick with the scent of stagnant water and rotting flowers. An icy draft extinguished all torches at once, leaving only the sound of hurried, ragged breathing that did not belong to any human in the room.

With a desperate surge of adrenaline, the sole survivor scrambled through the shattered gateway, leaving behind every lantern and notebook, swearing never to look back at Antique Dressing Room.",Horror,The Mirror's Double,Antique Dressing Room,Sinister,"reflection, mirror, doppelganger, glass, watcher, creepy, unnatural, horror, the mirror's double, sinister",shadows mirror double shadows mirror double horror horror horror mirror double mirror double antique dressing room antique dressing room sinister sinister reflection mirror doppelganger glass watcher creepy unnatural horror mirror double sinister reflection mirror doppelganger glass watcher creepy unnatural horror mirror double sinister suffocating blanket midnight fog rolled across antique dressing room swallowing every familiar landmark impenetrable gray air grew thick scent stagnant water rotting flowers icy draft extinguished torches leaving sound hurried ragged breathing belong human room desperate surge adrenaline sole survivor scrambled shattered gateway leaving behind every lantern notebook swearing never look back antique dressing room,86,1
ST-0024,The Phantom of The Forgotten Well,"The iron gates of Overgrown Village Square stood half-open, groaning on rusted hinges as the midnight hour struck.

As the solitary lantern sputtered and died, rhythmic scratching sounded from the interior walls. Pale, translucent fingers emerged from the darkness, gripping the cold stone. Shadows detached themselves from the floor, circling silently with hollow, sorrowful eyes that seemed to demand answers.

When morning light finally broke through the gray clouds, the search party discovered only an abandoned brass lantern on the moss, surrounded by dozens of barefoot tracks that abruptly vanished into thin air.",Horror,The Forgotten Well,Overgrown Village Square,Haunting,"well, depths, water, chains, echo, darkness, dread, horror, the forgotten well, haunting",phantom forgotten well phantom forgotten well horror horror horror forgotten well forgotten well overgrown village square overgrown village square haunting haunting well depths water chains echo darkness dread horror forgotten well haunting well depths water chains echo darkness dread horror forgotten well haunting iron gates overgrown village square stood half open groaning rusted hinges midnight hour struck solitary lantern sputtered died rhythmic scratching sounded interior walls pale translucent fingers emerged darkness gripping cold stone shadows detached floor circling silently hollow sorrowful eyes seemed demand answers morning light finally broke gray clouds search party discovered abandoned brass lantern moss surrounded dozens barefoot tracks abruptly vanished thin air,93,1
ST-0025,The Haunting of Haunted Forest,"Silence in Forest at Midnight was never peaceful; it was the tense stillness of a predator waiting in the blackness.

A sudden plummet in temperature turned every breath into silver vapor. Soft, wet whispers echoed from empty corners, repeating forgotten names. The floorboards vibrated with heavy, deliberate footfalls descending from an empty staircase where no living soul could stand.

The clock in the bell tower struck four, and as dawn crept over the horizon, the apparitions dissolved back into the mist, leaving the grim truth forever locked within Forest at Midnight.",Horror,Haunted Forest,Forest at Midnight,Scary,"ghost, woods, shadows, night, terror, creepy, whisper, fog, horror, haunted forest, scary",haunting haunted forest haunting haunted forest horror horror horror haunted forest haunted forest forest midnight forest midnight scary scary ghost woods shadows night terror creepy whisper fog horror haunted forest scary ghost woods shadows night terror creepy whisper fog horror haunted forest scary silence forest midnight never peaceful tense stillness predator waiting blackness sudden plummet temperature turned every breath silver vapor soft wet whispers echoed empty corners repeating forgotten names floorboards vibrated heavy deliberate footfalls descending empty staircase living soul stand clock bell tower struck four dawn crept horizon apparitions dissolved back mist leaving grim truth forever locked within forest midnight,91,1
ST-0026,Midnight in Victorian Mansion,"The autumn wind howled through the barren boughs of Decaying Manor, carrying with it a chill that sank deep into bone.

From beneath the damp earth and broken masonry, an unearthly glow arose. Ancient runes carved into the threshold flared with spectral light as a towering shroud drifted forward, radiating centuries of unresolved grief and malice.

No one ever returned to investigate Decaying Manor again, and to this day, locals cross the road when walking past its shadowed gates.",Horror,Victorian Mansion,Decaying Manor,Terrifying,"mansion, spectral, haunted house, attic, screams, curse, shiver, horror, victorian mansion, terrifying",midnight victorian mansion midnight victorian mansion horror horror horror victorian mansion victorian mansion decaying manor decaying manor terrifying terrifying mansion spectral haunted house attic screams curse shiver horror victorian mansion terrifying mansion spectral haunted house attic screams curse shiver horror victorian mansion terrifying autumn wind howled barren boughs decaying manor carrying chill sank deep bone beneath damp earth broken masonry unearthly glow arose ancient runes carved threshold flared spectral light towering shroud drifted forward radiating centuries unresolved grief malice one ever returned investigate decaying manor day locals cross road walking past shadowed gates,79,1
ST-0027,The Specter of Midnight Cemetery,"Nobody ventured near Foggy Graveyard after twilight, for the old folk remembered the tragedy that had stained its soil decades ago.

The air grew thick with the scent of stagnant water and rotting flowers. An icy draft extinguished all torches at once, leaving only the sound of hurried, ragged breathing that did not belong to any human in the room.

With a desperate surge of adrenaline, the sole survivor scrambled through the shattered gateway, leaving behind every lantern and notebook, swearing never to look back at Foggy Graveyard.",Horror,Midnight Cemetery,Foggy Graveyard,Eerie,"tombstone, crypt, undead, fog, skeletons, cold, spirits, grave, horror, midnight cemetery, eerie",specter midnight cemetery specter midnight cemetery horror horror horror midnight cemetery midnight cemetery foggy graveyard foggy graveyard eerie eerie tombstone crypt undead fog skeletons cold spirits grave horror midnight cemetery eerie tombstone crypt undead fog skeletons cold spirits grave horror midnight cemetery eerie nobody ventured near foggy graveyard twilight old folk remembered tragedy stained soil decades ago air grew thick scent stagnant water rotting flowers icy draft extinguished torches leaving sound hurried ragged breathing belong human room desperate surge adrenaline sole survivor scrambled shattered gateway leaving behind every lantern notebook swearing never look back foggy graveyard,88,1
ST-0028,The Secrets of Cursed Lighthouse,"A suffocating blanket of midnight fog rolled across Rocky Stormy Coast, swallowing every familiar landmark in impenetrable gray.

As the solitary lantern sputtered and died, rhythmic scratching sounded from the interior walls. Pale, translucent fingers emerged from the darkness, gripping the cold stone. Shadows detached themselves from the floor, circling silently with hollow, sorrowful eyes that seemed to demand answers.

When morning light finally broke through the gray clouds, the search party discovered only an abandoned brass lantern on the moss, surrounded by dozens of barefoot tracks that abruptly vanished into thin air.",Horror,Cursed Lighthouse,Rocky Stormy Coast,Chilling,"lighthouse, beacon, drowned, ocean, shipwreck, phantom, storm, horror, cursed lighthouse, chilling",secrets cursed lighthouse secrets cursed lighthouse horror horror horror cursed lighthouse cursed lighthouse rocky stormy coast rocky stormy coast chilling chilling lighthouse beacon drowned ocean shipwreck phantom storm horror cursed lighthouse chilling lighthouse beacon drowned ocean shipwreck phantom storm horror cursed lighthouse chilling suffocating blanket midnight fog rolled across rocky stormy coast swallowing every familiar landmark impenetrable gray solitary lantern sputtered died rhythmic scratching sounded interior walls pale translucent fingers emerged darkness gripping cold stone shadows detached floor circling silently hollow sorrowful eyes seemed demand answers morning light finally broke gray clouds search party discovered abandoned brass lantern moss surrounded dozens barefoot tracks abruptly vanished thin air,93,1
ST-0029,The Eerie Tale of Asylum Whispers,"The iron gates of Abandoned Sanitarium stood half-open, groaning on rusted hinges as the midnight hour struck.

A sudden plummet in temperature turned every breath into silver vapor. Soft, wet whispers echoed from empty corners, repeating forgotten names. The floorboards vibrated with heavy, deliberate footfalls descending from an empty staircase where no living soul could stand.

The clock in the bell tower struck four, and as dawn crept over the horizon, the apparitions dissolved back into the mist, leaving the grim truth forever locked within Abandoned Sanitarium.",Horror,Asylum Whispers,Abandoned Sanitarium,Unsettling,"asylum, hollow, footsteps, echoes, darkness, madness, chilling, horror, asylum whispers, unsettling",eerie tale asylum whispers eerie tale asylum whispers horror horror horror asylum whispers asylum whispers abandoned sanitarium abandoned sanitarium unsettling unsettling asylum hollow footsteps echoes darkness madness chilling horror asylum whispers unsettling asylum hollow footsteps echoes darkness madness chilling horror asylum whispers unsettling iron gates abandoned sanitarium stood half open groaning rusted hinges midnight hour struck sudden plummet temperature turned every breath silver vapor soft wet whispers echoed empty corners repeating forgotten names floorboards vibrated heavy deliberate footfalls descending empty staircase living soul stand clock bell tower struck four dawn crept horizon apparitions dissolved back mist leaving grim truth forever locked within abandoned sanitarium,87,1
ST-0030,The Dark Echoes of Ancient Crypt,"Silence in Catacombs Beneath the City was never peaceful; it was the tense stillness of a predator waiting in the blackness.

From beneath the damp earth and broken masonry, an unearthly glow arose. Ancient runes carved into the threshold flared with spectral light as a towering shroud drifted forward, radiating centuries of unresolved grief and malice.

No one ever returned to investigate Catacombs Beneath the City again, and to this day, locals cross the road when walking past its shadowed gates.",Horror,Ancient Crypt,Catacombs Beneath the City,Claustrophobic,"catacombs, bones, tunnels, torches, sealed, mummy, horror, ancient crypt, claustrophobic",dark echoes ancient crypt dark echoes ancient crypt horror horror horror ancient crypt ancient crypt catacombs beneath city catacombs beneath city claustrophobic claustrophobic catacombs bones tunnels torches sealed mummy horror ancient crypt claustrophobic catacombs bones tunnels torches sealed mummy horror ancient crypt claustrophobic silence catacombs beneath city never peaceful tense stillness predator waiting blackness beneath damp earth broken masonry unearthly glow arose ancient runes carved threshold flared spectral light towering shroud drifted forward radiating centuries unresolved grief malice one ever returned investigate catacombs beneath city day locals cross road walking past shadowed gates,81,1
ST-0031,The Whispers of The Mirror's Double,"The autumn wind howled through the barren boughs of Antique Dressing Room, carrying with it a chill that sank deep into bone.

The air grew thick with the scent of stagnant water and rotting flowers. An icy draft extinguished all torches at once, leaving only the sound of hurried, ragged breathing that did not belong to any human in the room.

With a desperate surge of adrenaline, the sole survivor scrambled through the shattered gateway, leaving behind every lantern and notebook, swearing never to look back at Antique Dressing Room.",Horror,The Mirror's Double,Antique Dressing Room,Sinister,"reflection, mirror, doppelganger, glass, watcher, creepy, unnatural, horror, the mirror's double, sinister",whispers mirror double whispers mirror double horror horror horror mirror double mirror double antique dressing room antique dressing room sinister sinister reflection mirror doppelganger glass watcher creepy unnatural horror mirror double sinister reflection mirror doppelganger glass watcher creepy unnatural horror mirror double sinister autumn wind howled barren boughs antique dressing room carrying chill sank deep bone air grew thick scent stagnant water rotting flowers icy draft extinguished torches leaving sound hurried ragged breathing belong human room desperate surge adrenaline sole survivor scrambled shattered gateway leaving behind every lantern notebook swearing never look back antique dressing room,90,1
ST-0032,The Curse of The Forgotten Well,"Nobody ventured near Overgrown Village Square after twilight, for the old folk remembered the tragedy that had stained its soil decades ago.

As the solitary lantern sputtered and died, rhythmic scratching sounded from the interior walls. Pale, translucent fingers emerged from the darkness, gripping the cold stone. Shadows detached themselves from the floor, circling silently with hollow, sorrowful eyes that seemed to demand answers.

When morning light finally broke through the gray clouds, the search party discovered only an abandoned brass lantern on the moss, surrounded by dozens of barefoot tracks that abruptly vanished into thin air.",Horror,The Forgotten Well,Overgrown Village Square,Haunting,"well, depths, water, chains, echo, darkness, dread, horror, the forgotten well, haunting",curse forgotten well curse forgotten well horror horror horror forgotten well forgotten well overgrown village square overgrown village square haunting haunting well depths water chains echo darkness dread horror forgotten well haunting well depths water chains echo darkness dread horror forgotten well haunting nobody ventured near overgrown village square twilight old folk remembered tragedy stained soil decades ago solitary lantern sputtered died rhythmic scratching sounded interior walls pale translucent fingers emerged darkness gripping cold stone shadows detached floor circling silently hollow sorrowful eyes seemed demand answers morning light finally broke gray clouds search party discovered abandoned brass lantern moss surrounded dozens barefoot tracks abruptly vanished thin air,97,1
ST-0033,Shadows Over Haunted Forest,"A suffocating blanket of midnight fog rolled across Forest at Midnight, swallowing every familiar landmark in impenetrable gray.

A sudden plummet in temperature turned every breath into silver vapor. Soft, wet whispers echoed from empty corners, repeating forgotten names. The floorboards vibrated with heavy, deliberate footfalls descending from an empty staircase where no living soul could stand.

The clock in the bell tower struck four, and as dawn crept over the horizon, the apparitions dissolved back into the mist, leaving the grim truth forever locked within Forest at Midnight.",Horror,Haunted Forest,Forest at Midnight,Scary,"ghost, woods, shadows, night, terror, creepy, whisper, fog, horror, haunted forest, scary",shadows haunted forest shadows haunted forest horror horror horror haunted forest haunted forest forest midnight forest midnight scary scary ghost woods shadows night terror creepy whisper fog horror haunted forest scary ghost woods shadows night terror creepy whisper fog horror haunted forest scary suffocating blanket midnight fog rolled across forest midnight swallowing every familiar landmark impenetrable gray sudden plummet temperature turned every breath silver vapor soft wet whispers echoed empty corners repeating forgotten names floorboards vibrated heavy deliberate footfalls descending empty staircase living soul stand clock bell tower struck four dawn crept horizon apparitions dissolved back mist leaving grim truth forever locked within forest midnight,89,1
ST-0034,The Phantom of Victorian Mansion,"The iron gates of Decaying Manor stood half-open, groaning on rusted hinges as the midnight hour struck.

From beneath the damp earth and broken masonry, an unearthly glow arose. Ancient runes carved into the threshold flared with spectral light as a towering shroud drifted forward, radiating centuries of unresolved grief and malice.

No one ever returned to investigate Decaying Manor again, and to this day, locals cross the road when walking past its shadowed gates.",Horror,Victorian Mansion,Decaying Manor,Terrifying,"mansion, spectral, haunted house, attic, screams, curse, shiver, horror, victorian mansion, terrifying",phantom victorian mansion phantom victorian mansion horror horror horror victorian mansion victorian mansion decaying manor decaying manor terrifying terrifying mansion spectral haunted house attic screams curse shiver horror victorian mansion terrifying mansion spectral haunted house attic screams curse shiver horror victorian mansion terrifying iron gates decaying manor stood half open groaning rusted hinges midnight hour struck beneath damp earth broken masonry unearthly glow arose ancient runes carved threshold flared spectral light towering shroud drifted forward radiating centuries unresolved grief malice one ever returned investigate decaying manor day locals cross road walking past shadowed gates,75,1
ST-0035,The Haunting of Midnight Cemetery,"Silence in Foggy Graveyard was never peaceful; it was the tense stillness of a predator waiting in the blackness.

The air grew thick with the scent of stagnant water and rotting flowers. An icy draft extinguished all torches at once, leaving only the sound of hurried, ragged breathing that did not belong to any human in the room.

With a desperate surge of adrenaline, the sole survivor scrambled through the shattered gateway, leaving behind every lantern and notebook, swearing never to look back at Foggy Graveyard.",Horror,Midnight Cemetery,Foggy Graveyard,Eerie,"tombstone, crypt, undead, fog, skeletons, cold, spirits, grave, horror, midnight cemetery, eerie",haunting midnight cemetery haunting midnight cemetery horror horror horror midnight cemetery midnight cemetery foggy graveyard foggy graveyard eerie eerie tombstone crypt undead fog skeletons cold spirits grave horror midnight cemetery eerie tombstone crypt undead fog skeletons cold spirits grave horror midnight cemetery eerie silence foggy graveyard never peaceful tense stillness predator waiting blackness air grew thick scent stagnant water rotting flowers icy draft extinguished torches leaving sound hurried ragged breathing belong human room desperate surge adrenaline sole survivor scrambled shattered gateway leaving behind every lantern notebook swearing never look back foggy graveyard,86,1
ST-0036,Midnight in Cursed Lighthouse,"The autumn wind howled through the barren boughs of Rocky Stormy Coast, carrying with it a chill that sank deep into bone.

As the solitary lantern sputtered and died, rhythmic scratching sounded from the interior walls. Pale, translucent fingers emerged from the darkness, gripping the cold stone. Shadows detached themselves from the floor, circling silently with hollow, sorrowful eyes that seemed to demand answers.

When morning light finally broke through the gray clouds, the search party discovered only an abandoned brass lantern on the moss, surrounded by dozens of barefoot tracks that abruptly vanished into thin air.",Horror,Cursed Lighthouse,Rocky Stormy Coast,Chilling,"lighthouse, beacon, drowned, ocean, shipwreck, phantom, storm, horror, cursed lighthouse, chilling",midnight cursed lighthouse midnight cursed lighthouse horror horror horror cursed lighthouse cursed lighthouse rocky stormy coast rocky stormy coast chilling chilling lighthouse beacon drowned ocean shipwreck phantom storm horror cursed lighthouse chilling lighthouse beacon drowned ocean shipwreck phantom storm horror cursed lighthouse chilling autumn wind howled barren boughs rocky stormy coast carrying chill sank deep bone solitary lantern sputtered died rhythmic scratching sounded interior walls pale translucent fingers emerged darkness gripping cold stone shadows detached floor circling silently hollow sorrowful eyes seemed demand answers morning light finally broke gray clouds search party discovered abandoned brass lantern moss surrounded dozens barefoot tracks abruptly vanished thin air,97,1
ST-0037,The Specter of Asylum Whispers,"Nobody ventured near Abandoned Sanitarium after twilight, for the old folk remembered the tragedy that had stained its soil decades ago.

A sudden plummet in temperature turned every breath into silver vapor. Soft, wet whispers echoed from empty corners, repeating forgotten names. The floorboards vibrated with heavy, deliberate footfalls descending from an empty staircase where no living soul could stand.

The clock in the bell tower struck four, and as dawn crept over the horizon, the apparitions dissolved back into the mist, leaving the grim truth forever locked within Abandoned Sanitarium.",Horror,Asylum Whispers,Abandoned Sanitarium,Unsettling,"asylum, hollow, footsteps, echoes, darkness, madness, chilling, horror, asylum whispers, unsettling",specter asylum whispers specter asylum whispers horror horror horror asylum whispers asylum whispers abandoned sanitarium abandoned sanitarium unsettling unsettling asylum hollow footsteps echoes darkness madness chilling horror asylum whispers unsettling asylum hollow footsteps echoes darkness madness chilling horror asylum whispers unsettling nobody ventured near abandoned sanitarium twilight old folk remembered tragedy stained soil decades ago sudden plummet temperature turned every breath silver vapor soft wet whispers echoed empty corners repeating forgotten names floorboards vibrated heavy deliberate footfalls descending empty staircase living soul stand clock bell tower struck four dawn crept horizon apparitions dissolved back mist leaving grim truth forever locked within abandoned sanitarium,91,1
ST-0038,The Secrets of Ancient Crypt,"A suffocating blanket of midnight fog rolled across Catacombs Beneath the City, swallowing every familiar landmark in impenetrable gray.

From beneath the damp earth and broken masonry, an unearthly glow arose. Ancient runes carved into the threshold flared with spectral light as a towering shroud drifted forward, radiating centuries of unresolved grief and malice.

No one ever returned to investigate Catacombs Beneath the City again, and to this day, locals cross the road when walking past its shadowed gates.",Horror,Ancient Crypt,Catacombs Beneath the City,Claustrophobic,"catacombs, bones, tunnels, torches, sealed, mummy, horror, ancient crypt, claustrophobic",secrets ancient crypt secrets ancient crypt horror horror horror ancient crypt ancient crypt catacombs beneath city catacombs beneath city claustrophobic claustrophobic catacombs bones tunnels torches sealed mummy horror ancient crypt claustrophobic catacombs bones tunnels torches sealed mummy horror ancient crypt claustrophobic suffocating blanket midnight fog rolled across catacombs beneath city swallowing every familiar landmark impenetrable gray beneath damp earth broken masonry unearthly glow arose ancient runes carved threshold flared spectral light towering shroud drifted forward radiating centuries unresolved grief malice one ever returned investigate catacombs beneath city day locals cross road walking past shadowed gates,79,1
ST-0039,The Eerie Tale of The Mirror's Double,"The iron gates of Antique Dressing Room stood half-open, groaning on rusted hinges as the midnight hour struck.

The air grew thick with the scent of stagnant water and rotting flowers. An icy draft extinguished all torches at once, leaving only the sound of hurried, ragged breathing that did not belong to any human in the room.

With a desperate surge of adrenaline, the sole survivor scrambled through the shattered gateway, leaving behind every lantern and notebook, swearing never to look back at Antique Dressing Room.",Horror,The Mirror's Double,Antique Dressing Room,Sinister,"reflection, mirror, doppelganger, glass, watcher, creepy, unnatural, horror, the mirror's double, sinister",eerie tale mirror double eerie tale mirror double horror horror horror mirror double mirror double antique dressing room antique dressing room sinister sinister reflection mirror doppelganger glass watcher creepy unnatural horror mirror double sinister reflection mirror doppelganger glass watcher creepy unnatural horror mirror double sinister iron gates antique dressing room stood half open groaning rusted hinges midnight hour struck air grew thick scent stagnant water rotting flowers icy draft extinguished torches leaving sound hurried ragged breathing belong human room desperate surge adrenaline sole survivor scrambled shattered gateway leaving behind every lantern notebook swearing never look back antique dressing room,86,1
ST-0040,The Dark Echoes of The Forgotten Well,"Silence in Overgrown Village Square was never peaceful; it was the tense stillness of a predator waiting in the blackness.

As the solitary lantern sputtered and died, rhythmic scratching sounded from the interior walls. Pale, translucent fingers emerged from the darkness, gripping the cold stone. Shadows detached themselves from the floor, circling silently with hollow, sorrowful eyes that seemed to demand answers.

When morning light finally broke through the gray clouds, the search party discovered only an abandoned brass lantern on the moss, surrounded by dozens of barefoot tracks that abruptly vanished into thin air.",Horror,The Forgotten Well,Overgrown Village Square,Haunting,"well, depths, water, chains, echo, darkness, dread, horror, the forgotten well, haunting",dark echoes forgotten well dark echoes forgotten well horror horror horror forgotten well forgotten well overgrown village square overgrown village square haunting haunting well depths water chains echo darkness dread horror forgotten well haunting well depths water chains echo darkness dread horror forgotten well haunting silence overgrown village square never peaceful tense stillness predator waiting blackness solitary lantern sputtered died rhythmic scratching sounded interior walls pale translucent fingers emerged darkness gripping cold stone shadows detached floor circling silently hollow sorrowful eyes seemed demand answers morning light finally broke gray clouds search party discovered abandoned brass lantern moss surrounded dozens barefoot tracks abruptly vanished thin air,95,1
ST-0041,The Case of the Stolen Diamond,"Inspector Sterling adjusted his spectacles and knelt over the polished floor of Gilded London Museum, where every detail told a conflicting story.

Upon cross-referencing the guest registry against the train timetable, the investigator uncovered a glaring discrepancy: two distinct alibis relied on a pocket watch that had been deliberately advanced by half an hour.

As the handcuffs clicked shut, the culprit offered a wry, grudging smile, acknowledging that a single forgotten drop of blue ink had undone their flawless scheme at Gilded London Museum.",Mystery,Stolen Diamond,Gilded London Museum,Intriguing,"detective, clues, investigation, jewel, heist, alibi, vault, mystery, stolen diamond, intriguing",case stolen diamond case stolen diamond mystery mystery mystery stolen diamond stolen diamond gilded london museum gilded london museum intriguing intriguing detective clues investigation jewel heist alibi vault mystery stolen diamond intriguing detective clues investigation jewel heist alibi vault mystery stolen diamond intriguing inspector sterling adjusted spectacles knelt polished floor gilded london museum every detail told conflicting story upon cross referencing guest registry train timetable investigator uncovered glaring discrepancy two distinct alibis relied pocket watch deliberately advanced half hour handcuffs clicked shut culprit offered wry grudging smile acknowledging single forgotten drop blue ink undone flawless scheme gilded london museum,84,1
ST-0042,The Enigma of Cipher in the Manuscript,"The heavy mahogany doors of Old University Library had been locked from the inside, yet the velvet pedestal at the center stood completely bare.

Tapping the walnut paneling behind the bookshelf revealed a hollow resonance. A hidden spring clicked open, unveiling a leather-bound journal filled with encoded nautical coordinates and duplicate wax seal impressions.

Justice was served quietly as dawn broke, the ledger returned to its vault, and the enigma of Old University Library officially marked solved.",Mystery,Cipher in the Manuscript,Old University Library,Enigmatic,"cipher, puzzle, parchment, scholar, code, secret, archive, mystery, cipher in the manuscript, enigmatic",enigma cipher manuscript enigma cipher manuscript mystery mystery mystery cipher manuscript cipher manuscript old university library old university library enigmatic enigmatic cipher puzzle parchment scholar code secret archive mystery cipher manuscript enigmatic cipher puzzle parchment scholar code secret archive mystery cipher manuscript enigmatic heavy mahogany doors old university library locked inside yet velvet pedestal center stood completely bare tapping walnut paneling behind bookshelf revealed hollow resonance hidden spring clicked open unveiling leather bound journal filled encoded nautical coordinates duplicate wax seal impressions justice served quietly dawn broke ledger returned vault enigma old university library officially marked solved,77,1
ST-0043,The Secret of Midnight Express Murder,"A discreet telegram summoned the renowned detective to Trans-Continental Train on a stormy Tuesday morning when London was blanketed in yellow fog.

The suspect claimed to have been inspecting the conservatory during the blackout, yet the damp soles of their leather boots were caked with red clay found exclusively beneath the cellar window.

With calm precision, the detective laid out the incontrovertible chain of evidence before the assembled suspects, revealing the true mastermind before the local constabulary arrived.",Mystery,Midnight Express Murder,Trans-Continental Train,Suspenseful,"train, compartment, suspects, conductor, mystery, snowbound, midnight express murder, suspenseful",secret midnight express murder secret midnight express murder mystery mystery mystery midnight express murder midnight express murder trans continental train trans continental train suspenseful suspenseful train compartment suspects conductor mystery snowbound midnight express murder suspenseful train compartment suspects conductor mystery snowbound midnight express murder suspenseful discreet telegram summoned renowned detective trans continental train stormy tuesday morning london blanketed yellow fog suspect claimed inspecting conservatory blackout yet damp soles leather boots caked red clay found exclusively beneath cellar window calm precision detective laid incontrovertible chain evidence assembled suspects revealing true mastermind local constabulary arrived,78,1
ST-0044,The Mystery of Forged Masterpiece,"Among all the puzzles cataloged in the annals of Scotland Yard, the incident at Paris Art Gallery presented the most baffling contradictions.

Examining the perimeter with a silver pocket loupe, Sterling noticed a microscopic streak of blue pigment near the floor molding. A faint scent of bitter almonds lingered near the fireplace, and the clock on the mantelpiece had stopped precisely seven minutes before the alarm sounded.

The missing treasure was retrieved from its ingenious hiding spot inside the grandfather clock pendulum, closing one of the most celebrated cases in modern investigative history.",Mystery,Forged Masterpiece,Paris Art Gallery,Clever,"forgery, painting, canvas, magnifying glass, signature, museum, mystery, forged masterpiece, clever",mystery forged masterpiece mystery forged masterpiece mystery mystery mystery forged masterpiece forged masterpiece paris art gallery paris art gallery clever clever forgery painting canvas magnifying glass signature museum mystery forged masterpiece clever forgery painting canvas magnifying glass signature museum mystery forged masterpiece clever among puzzles cataloged annals scotland yard incident paris art gallery presented baffling contradictions examining perimeter silver pocket loupe sterling noticed microscopic streak blue pigment near floor molding faint scent bitter almonds lingered near fireplace clock mantelpiece stopped precisely seven minutes alarm sounded missing treasure retrieved ingenious hiding spot inside grandfather clock pendulum closing one celebrated cases modern investigative history,93,1
ST-0045,The Missing Missing Diplomat,"The storm had severed all telegraph lines connected to Foggy Thames Wharf, leaving seven nervous guests locked together with a master thief.

Upon cross-referencing the guest registry against the train timetable, the investigator uncovered a glaring discrepancy: two distinct alibis relied on a pocket watch that had been deliberately advanced by half an hour.

As the handcuffs clicked shut, the culprit offered a wry, grudging smile, acknowledging that a single forgotten drop of blue ink had undone their flawless scheme at Foggy Thames Wharf.",Mystery,Missing Diplomat,Foggy Thames Wharf,Tense,"docks, wharf, briefcase, fog, informant, conspiracy, detective, mystery, missing diplomat, tense",missing missing diplomat missing missing diplomat mystery mystery mystery missing diplomat missing diplomat foggy thames wharf foggy thames wharf tense tense docks wharf briefcase fog informant conspiracy detective mystery missing diplomat tense docks wharf briefcase fog informant conspiracy detective mystery missing diplomat tense storm severed telegraph lines connected foggy thames wharf leaving seven nervous guests locked together master thief upon cross referencing guest registry train timetable investigator uncovered glaring discrepancy two distinct alibis relied pocket watch deliberately advanced half hour handcuffs clicked shut culprit offered wry grudging smile acknowledging single forgotten drop blue ink undone flawless scheme foggy thames wharf,84,1
ST-0046,The Cipher of The Locked Study,"Inspector Sterling adjusted his spectacles and knelt over the polished floor of Country Manor Estate, where every detail told a conflicting story.

Tapping the walnut paneling behind the bookshelf revealed a hollow resonance. A hidden spring clicked open, unveiling a leather-bound journal filled with encoded nautical coordinates and duplicate wax seal impressions.

Justice was served quietly as dawn broke, the ledger returned to its vault, and the enigma of Country Manor Estate officially marked solved.",Mystery,The Locked Study,Country Manor Estate,Perplexing,"locked room, keyhole, will, inheritance, footprints, clockwork, mystery, the locked study, perplexing",cipher locked study cipher locked study mystery mystery mystery locked study locked study country manor estate country manor estate perplexing perplexing locked room keyhole will inheritance footprints clockwork mystery locked study perplexing locked room keyhole will inheritance footprints clockwork mystery locked study perplexing inspector sterling adjusted spectacles knelt polished floor country manor estate every detail told conflicting story tapping walnut paneling behind bookshelf revealed hollow resonance hidden spring clicked open unveiling leather bound journal filled encoded nautical coordinates duplicate wax seal impressions justice served quietly dawn broke ledger returned vault enigma country manor estate officially marked solved,75,1
ST-0047,The Investigation at The Clockmaker's Will,"The heavy mahogany doors of Swiss Clock Workshop had been locked from the inside, yet the velvet pedestal at the center stood completely bare.

The suspect claimed to have been inspecting the conservatory during the blackout, yet the damp soles of their leather boots were caked with red clay found exclusively beneath the cellar window.

With calm precision, the detective laid out the incontrovertible chain of evidence before the assembled suspects, revealing the true mastermind before the local constabulary arrived.",Mystery,The Clockmaker's Will,Swiss Clock Workshop,Curious,"gears, pendulum, secret drawer, inheritance, cogs, riddle, mystery, the clockmaker's will, curious",investigation clockmaker will investigation clockmaker will mystery mystery mystery clockmaker will clockmaker will swiss clock workshop swiss clock workshop curious curious gears pendulum secret drawer inheritance cogs riddle mystery clockmaker will curious gears pendulum secret drawer inheritance cogs riddle mystery clockmaker will curious heavy mahogany doors swiss clock workshop locked inside yet velvet pedestal center stood completely bare suspect claimed inspecting conservatory blackout yet damp soles leather boots caked red clay found exclusively beneath cellar window calm precision detective laid incontrovertible chain evidence assembled suspects revealing true mastermind local constabulary arrived,80,1
ST-0048,The Clue of the Disappearance at Blackwood Hall,"A discreet telegram summoned the renowned detective to Windswept Moors on a stormy Tuesday morning when London was blanketed in yellow fog.

Examining the perimeter with a silver pocket loupe, Sterling noticed a microscopic streak of blue pigment near the floor molding. A faint scent of bitter almonds lingered near the fireplace, and the clock on the mantelpiece had stopped precisely seven minutes before the alarm sounded.

The missing treasure was retrieved from its ingenious hiding spot inside the grandfather clock pendulum, closing one of the most celebrated cases in modern investigative history.",Mystery,Disappearance at Blackwood Hall,Windswept Moors,Atmospheric,"moors, manor, guest list, alibi, rainstorm, investigator, mystery, disappearance at blackwood hall, atmospheric",clue disappearance blackwood hall clue disappearance blackwood hall mystery mystery mystery disappearance blackwood hall disappearance blackwood hall windswept moors windswept moors atmospheric atmospheric moors manor guest list alibi rainstorm investigator mystery disappearance blackwood hall atmospheric moors manor guest list alibi rainstorm investigator mystery disappearance blackwood hall atmospheric discreet telegram summoned renowned detective windswept moors stormy tuesday morning london blanketed yellow fog examining perimeter silver pocket loupe sterling noticed microscopic streak blue pigment near floor molding faint scent bitter almonds lingered near fireplace clock mantelpiece stopped precisely seven minutes alarm sounded missing treasure retrieved ingenious hiding spot inside grandfather clock pendulum closing one celebrated cases modern investigative history,93,1
ST-0049,The Disappearance at Stolen Diamond,"Among all the puzzles cataloged in the annals of Scotland Yard, the incident at Gilded London Museum presented the most baffling contradictions.

Upon cross-referencing the guest registry against the train timetable, the investigator uncovered a glaring discrepancy: two distinct alibis relied on a pocket watch that had been deliberately advanced by half an hour.

As the handcuffs clicked shut, the culprit offered a wry, grudging smile, acknowledging that a single forgotten drop of blue ink had undone their flawless scheme at Gilded London Museum.",Mystery,Stolen Diamond,Gilded London Museum,Intriguing,"detective, clues, investigation, jewel, heist, alibi, vault, mystery, stolen diamond, intriguing",disappearance stolen diamond disappearance stolen diamond mystery mystery mystery stolen diamond stolen diamond gilded london museum gilded london museum intriguing intriguing detective clues investigation jewel heist alibi vault mystery stolen diamond intriguing detective clues investigation jewel heist alibi vault mystery stolen diamond intriguing among puzzles cataloged annals scotland yard incident gilded london museum presented baffling contradictions upon cross referencing guest registry train timetable investigator uncovered glaring discrepancy two distinct alibis relied pocket watch deliberately advanced half hour handcuffs clicked shut culprit offered wry grudging smile acknowledging single forgotten drop blue ink undone flawless scheme gilded london museum,84,1
ST-0050,The Heist at Cipher in the Manuscript,"The storm had severed all telegraph lines connected to Old University Library, leaving seven nervous guests locked together with a master thief.

Tapping the walnut paneling behind the bookshelf revealed a hollow resonance. A hidden spring clicked open, unveiling a leather-bound journal filled with encoded nautical coordinates and duplicate wax seal impressions.

Justice was served quietly as dawn broke, the ledger returned to its vault, and the enigma of Old University Library officially marked solved.",Mystery,Cipher in the Manuscript,Old University Library,Enigmatic,"cipher, puzzle, parchment, scholar, code, secret, archive, mystery, cipher in the manuscript, enigmatic",heist cipher manuscript heist cipher manuscript mystery mystery mystery cipher manuscript cipher manuscript old university library old university library enigmatic enigmatic cipher puzzle parchment scholar code secret archive mystery cipher manuscript enigmatic cipher puzzle parchment scholar code secret archive mystery cipher manuscript enigmatic storm severed telegraph lines connected old university library leaving seven nervous guests locked together master thief tapping walnut paneling behind bookshelf revealed hollow resonance hidden spring clicked open unveiling leather bound journal filled encoded nautical coordinates duplicate wax seal impressions justice served quietly dawn broke ledger returned vault enigma old university library officially marked solved,75,1
ST-0051,The Case of the Midnight Express Murder,"Inspector Sterling adjusted his spectacles and knelt over the polished floor of Trans-Continental Train, where every detail told a conflicting story.

The suspect claimed to have been inspecting the conservatory during the blackout, yet the damp soles of their leather boots were caked with red clay found exclusively beneath the cellar window.

With calm precision, the detective laid out the incontrovertible chain of evidence before the assembled suspects, revealing the true mastermind before the local constabulary arrived.",Mystery,Midnight Express Murder,Trans-Continental Train,Suspenseful,"train, compartment, suspects, conductor, mystery, snowbound, midnight express murder, suspenseful",case midnight express murder case midnight express murder mystery mystery mystery midnight express murder midnight express murder trans continental train trans continental train suspenseful suspenseful train compartment suspects conductor mystery snowbound midnight express murder suspenseful train compartment suspects conductor mystery snowbound midnight express murder suspenseful inspector sterling adjusted spectacles knelt polished floor trans continental train every detail told conflicting story suspect claimed inspecting conservatory blackout yet damp soles leather boots caked red clay found exclusively beneath cellar window calm precision detective laid incontrovertible chain evidence assembled suspects revealing true mastermind local constabulary arrived,77,1
ST-0052,The Enigma of Forged Masterpiece,"The heavy mahogany doors of Paris Art Gallery had been locked from the inside, yet the velvet pedestal at the center stood completely bare.

Examining the perimeter with a silver pocket loupe, Sterling noticed a microscopic streak of blue pigment near the floor molding. A faint scent of bitter almonds lingered near the fireplace, and the clock on the mantelpiece had stopped precisely seven minutes before the alarm sounded.

The missing treasure was retrieved from its ingenious hiding spot inside the grandfather clock pendulum, closing one of the most celebrated cases in modern investigative history.",Mystery,Forged Masterpiece,Paris Art Gallery,Clever,"forgery, painting, canvas, magnifying glass, signature, museum, mystery, forged masterpiece, clever",enigma forged masterpiece enigma forged masterpiece mystery mystery mystery forged masterpiece forged masterpiece paris art gallery paris art gallery clever clever forgery painting canvas magnifying glass signature museum mystery forged masterpiece clever forgery painting canvas magnifying glass signature museum mystery forged masterpiece clever heavy mahogany doors paris art gallery locked inside yet velvet pedestal center stood completely bare examining perimeter silver pocket loupe sterling noticed microscopic streak blue pigment near floor molding faint scent bitter almonds lingered near fireplace clock mantelpiece stopped precisely seven minutes alarm sounded missing treasure retrieved ingenious hiding spot inside grandfather clock pendulum closing one celebrated cases modern investigative history,95,1
ST-0053,The Secret of Missing Diplomat,"A discreet telegram summoned the renowned detective to Foggy Thames Wharf on a stormy Tuesday morning when London was blanketed in yellow fog.

Upon cross-referencing the guest registry against the train timetable, the investigator uncovered a glaring discrepancy: two distinct alibis relied on a pocket watch that had been deliberately advanced by half an hour.

As the handcuffs clicked shut, the culprit offered a wry, grudging smile, acknowledging that a single forgotten drop of blue ink had undone their flawless scheme at Foggy Thames Wharf.",Mystery,Missing Diplomat,Foggy Thames Wharf,Tense,"docks, wharf, briefcase, fog, informant, conspiracy, detective, mystery, missing diplomat, tense",secret missing diplomat secret missing diplomat mystery mystery mystery missing diplomat missing diplomat foggy thames wharf foggy thames wharf tense tense docks wharf briefcase fog informant conspiracy detective mystery missing diplomat tense docks wharf briefcase fog informant conspiracy detective mystery missing diplomat tense discreet telegram summoned renowned detective foggy thames wharf stormy tuesday morning london blanketed yellow fog upon cross referencing guest registry train timetable investigator uncovered glaring discrepancy two distinct alibis relied pocket watch deliberately advanced half hour handcuffs clicked shut culprit offered wry grudging smile acknowledging single forgotten drop blue ink undone flawless scheme foggy thames wharf,85,1
ST-0054,The Mystery of The Locked Study,"Among all the puzzles cataloged in the annals of Scotland Yard, the incident at Country Manor Estate presented the most baffling contradictions.

Tapping the walnut paneling behind the bookshelf revealed a hollow resonance. A hidden spring clicked open, unveiling a leather-bound journal filled with encoded nautical coordinates and duplicate wax seal impressions.

Justice was served quietly as dawn broke, the ledger returned to its vault, and the enigma of Country Manor Estate officially marked solved.",Mystery,The Locked Study,Country Manor Estate,Perplexing,"locked room, keyhole, will, inheritance, footprints, clockwork, mystery, the locked study, perplexing",mystery locked study mystery locked study mystery mystery mystery locked study locked study country manor estate country manor estate perplexing perplexing locked room keyhole will inheritance footprints clockwork mystery locked study perplexing locked room keyhole will inheritance footprints clockwork mystery locked study perplexing among puzzles cataloged annals scotland yard incident country manor estate presented baffling contradictions tapping walnut paneling behind bookshelf revealed hollow resonance hidden spring clicked open unveiling leather bound journal filled encoded nautical coordinates duplicate wax seal impressions justice served quietly dawn broke ledger returned vault enigma country manor estate officially marked solved,75,1
ST-0055,The Missing The Clockmaker's Will,"The storm had severed all telegraph lines connected to Swiss Clock Workshop, leaving seven nervous guests locked together with a master thief.

The suspect claimed to have been inspecting the conservatory during the blackout, yet the damp soles of their leather boots were caked with red clay found exclusively beneath the cellar window.

With calm precision, the detective laid out the incontrovertible chain of evidence before the assembled suspects, revealing the true mastermind before the local constabulary arrived.",Mystery,The Clockmaker's Will,Swiss Clock Workshop,Curious,"gears, pendulum, secret drawer, inheritance, cogs, riddle, mystery, the clockmaker's will, curious",missing clockmaker will missing clockmaker will mystery mystery mystery clockmaker will clockmaker will swiss clock workshop swiss clock workshop curious curious gears pendulum secret drawer inheritance cogs riddle mystery clockmaker will curious gears pendulum secret drawer inheritance cogs riddle mystery clockmaker will curious storm severed telegraph lines connected swiss clock workshop leaving seven nervous guests locked together master thief suspect claimed inspecting conservatory blackout yet damp soles leather boots caked red clay found exclusively beneath cellar window calm precision detective laid incontrovertible chain evidence assembled suspects revealing true mastermind local constabulary arrived,78,1
ST-0056,The Cipher of Disappearance at Blackwood Hall,"Inspector Sterling adjusted his spectacles and knelt over the polished floor of Windswept Moors, where every detail told a conflicting story.

Examining the perimeter with a silver pocket loupe, Sterling noticed a microscopic streak of blue pigment near the floor molding. A faint scent of bitter almonds lingered near the fireplace, and the clock on the mantelpiece had stopped precisely seven minutes before the alarm sounded.

The missing treasure was retrieved from its ingenious hiding spot inside the grandfather clock pendulum, closing one of the most celebrated cases in modern investigative history.",Mystery,Disappearance at Blackwood Hall,Windswept Moors,Atmospheric,"moors, manor, guest list, alibi, rainstorm, investigator, mystery, disappearance at blackwood hall, atmospheric",cipher disappearance blackwood hall cipher disappearance blackwood hall mystery mystery mystery disappearance blackwood hall disappearance blackwood hall windswept moors windswept moors atmospheric atmospheric moors manor guest list alibi rainstorm investigator mystery disappearance blackwood hall atmospheric moors manor guest list alibi rainstorm investigator mystery disappearance blackwood hall atmospheric inspector sterling adjusted spectacles knelt polished floor windswept moors every detail told conflicting story examining perimeter silver pocket loupe sterling noticed microscopic streak blue pigment near floor molding faint scent bitter almonds lingered near fireplace clock mantelpiece stopped precisely seven minutes alarm sounded missing treasure retrieved ingenious hiding spot inside grandfather clock pendulum closing one celebrated cases modern investigative history,92,1
ST-0057,The Investigation at Stolen Diamond,"The heavy mahogany doors of Gilded London Museum had been locked from the inside, yet the velvet pedestal at the center stood completely bare.

Upon cross-referencing the guest registry against the train timetable, the investigator uncovered a glaring discrepancy: two distinct alibis relied on a pocket watch that had been deliberately advanced by half an hour.

As the handcuffs clicked shut, the culprit offered a wry, grudging smile, acknowledging that a single forgotten drop of blue ink had undone their flawless scheme at Gilded London Museum.",Mystery,Stolen Diamond,Gilded London Museum,Intriguing,"detective, clues, investigation, jewel, heist, alibi, vault, mystery, stolen diamond, intriguing",investigation stolen diamond investigation stolen diamond mystery mystery mystery stolen diamond stolen diamond gilded london museum gilded london museum intriguing intriguing detective clues investigation jewel heist alibi vault mystery stolen diamond intriguing detective clues investigation jewel heist alibi vault mystery stolen diamond intriguing heavy mahogany doors gilded london museum locked inside yet velvet pedestal center stood completely bare upon cross referencing guest registry train timetable investigator uncovered glaring discrepancy two distinct alibis relied pocket watch deliberately advanced half hour handcuffs clicked shut culprit offered wry grudging smile acknowledging single forgotten drop blue ink undone flawless scheme gilded london museum,86,1
ST-0058,The Clue of the Cipher in the Manuscript,"A discreet telegram summoned the renowned detective to Old University Library on a stormy Tuesday morning when London was blanketed in yellow fog.

Tapping the walnut paneling behind the bookshelf revealed a hollow resonance. A hidden spring clicked open, unveiling a leather-bound journal filled with encoded nautical coordinates and duplicate wax seal impressions.

Justice was served quietly as dawn broke, the ledger returned to its vault, and the enigma of Old University Library officially marked solved.",Mystery,Cipher in the Manuscript,Old University Library,Enigmatic,"cipher, puzzle, parchment, scholar, code, secret, archive, mystery, cipher in the manuscript, enigmatic",clue cipher manuscript clue cipher manuscript mystery mystery mystery cipher manuscript cipher manuscript old university library old university library enigmatic enigmatic cipher puzzle parchment scholar code secret archive mystery cipher manuscript enigmatic cipher puzzle parchment scholar code secret archive mystery cipher manuscript enigmatic discreet telegram summoned renowned detective old university library stormy tuesday morning london blanketed yellow fog tapping walnut paneling behind bookshelf revealed hollow resonance hidden spring clicked open unveiling leather bound journal filled encoded nautical coordinates duplicate wax seal impressions justice served quietly dawn broke ledger returned vault enigma old university library officially marked solved,76,1
ST-0059,The Disappearance at Midnight Express Murder,"Among all the puzzles cataloged in the annals of Scotland Yard, the incident at Trans-Continental Train presented the most baffling contradictions.

The suspect claimed to have been inspecting the conservatory during the blackout, yet the damp soles of their leather boots were caked with red clay found exclusively beneath the cellar window.

With calm precision, the detective laid out the incontrovertible chain of evidence before the assembled suspects, revealing the true mastermind before the local constabulary arrived.",Mystery,Midnight Express Murder,Trans-Continental Train,Suspenseful,"train, compartment, suspects, conductor, mystery, snowbound, midnight express murder, suspenseful",disappearance midnight express murder disappearance midnight express murder mystery mystery mystery midnight express murder midnight express murder trans continental train trans continental train suspenseful suspenseful train compartment suspects conductor mystery snowbound midnight express murder suspenseful train compartment suspects conductor mystery snowbound midnight express murder suspenseful among puzzles cataloged annals scotland yard incident trans continental train presented baffling contradictions suspect claimed inspecting conservatory blackout yet damp soles leather boots caked red clay found exclusively beneath cellar window calm precision detective laid incontrovertible chain evidence assembled suspects revealing true mastermind local constabulary arrived,77,1
ST-0060,The Heist at Forged Masterpiece,"The storm had severed all telegraph lines connected to Paris Art Gallery, leaving seven nervous guests locked together with a master thief.

Examining the perimeter with a silver pocket loupe, Sterling noticed a microscopic streak of blue pigment near the floor molding. A faint scent of bitter almonds lingered near the fireplace, and the clock on the mantelpiece had stopped precisely seven minutes before the alarm sounded.

The missing treasure was retrieved from its ingenious hiding spot inside the grandfather clock pendulum, closing one of the most celebrated cases in modern investigative history.",Mystery,Forged Masterpiece,Paris Art Gallery,Clever,"forgery, painting, canvas, magnifying glass, signature, museum, mystery, forged masterpiece, clever",heist forged masterpiece heist forged masterpiece mystery mystery mystery forged masterpiece forged masterpiece paris art gallery paris art gallery clever clever forgery painting canvas magnifying glass signature museum mystery forged masterpiece clever forgery painting canvas magnifying glass signature museum mystery forged masterpiece clever storm severed telegraph lines connected paris art gallery leaving seven nervous guests locked together master thief examining perimeter silver pocket loupe sterling noticed microscopic streak blue pigment near floor molding faint scent bitter almonds lingered near fireplace clock mantelpiece stopped precisely seven minutes alarm sounded missing treasure retrieved ingenious hiding spot inside grandfather clock pendulum closing one celebrated cases modern investigative history,93,1
ST-0061,The Case of the Missing Diplomat,"Inspector Sterling adjusted his spectacles and knelt over the polished floor of Foggy Thames Wharf, where every detail told a conflicting story.

Upon cross-referencing the guest registry against the train timetable, the investigator uncovered a glaring discrepancy: two distinct alibis relied on a pocket watch that had been deliberately advanced by half an hour.

As the handcuffs clicked shut, the culprit offered a wry, grudging smile, acknowledging that a single forgotten drop of blue ink had undone their flawless scheme at Foggy Thames Wharf.",Mystery,Missing Diplomat,Foggy Thames Wharf,Tense,"docks, wharf, briefcase, fog, informant, conspiracy, detective, mystery, missing diplomat, tense",case missing diplomat case missing diplomat mystery mystery mystery missing diplomat missing diplomat foggy thames wharf foggy thames wharf tense tense docks wharf briefcase fog informant conspiracy detective mystery missing diplomat tense docks wharf briefcase fog informant conspiracy detective mystery missing diplomat tense inspector sterling adjusted spectacles knelt polished floor foggy thames wharf every detail told conflicting story upon cross referencing guest registry train timetable investigator uncovered glaring discrepancy two distinct alibis relied pocket watch deliberately advanced half hour handcuffs clicked shut culprit offered wry grudging smile acknowledging single forgotten drop blue ink undone flawless scheme foggy thames wharf,84,1
ST-0062,The Enigma of The Locked Study,"The heavy mahogany doors of Country Manor Estate had been locked from the inside, yet the velvet pedestal at the center stood completely bare.

Tapping the walnut paneling behind the bookshelf revealed a hollow resonance. A hidden spring clicked open, unveiling a leather-bound journal filled with encoded nautical coordinates and duplicate wax seal impressions.

Justice was served quietly as dawn broke, the ledger returned to its vault, and the enigma of Country Manor Estate officially marked solved.",Mystery,The Locked Study,Country Manor Estate,Perplexing,"locked room, keyhole, will, inheritance, footprints, clockwork, mystery, the locked study, perplexing",enigma locked study enigma locked study mystery mystery mystery locked study locked study country manor estate country manor estate perplexing perplexing locked room keyhole will inheritance footprints clockwork mystery locked study perplexing locked room keyhole will inheritance footprints clockwork mystery locked study perplexing heavy mahogany doors country manor estate locked inside yet velvet pedestal center stood completely bare tapping walnut paneling behind bookshelf revealed hollow resonance hidden spring clicked open unveiling leather bound journal filled encoded nautical coordinates duplicate wax seal impressions justice served quietly dawn broke ledger returned vault enigma country manor estate officially marked solved,77,1
ST-0063,The Secret of The Clockmaker's Will,"A discreet telegram summoned the renowned detective to Swiss Clock Workshop on a stormy Tuesday morning when London was blanketed in yellow fog.

The suspect claimed to have been inspecting the conservatory during the blackout, yet the damp soles of their leather boots were caked with red clay found exclusively beneath the cellar window.

With calm precision, the detective laid out the incontrovertible chain of evidence before the assembled suspects, revealing the true mastermind before the local constabulary arrived.",Mystery,The Clockmaker's Will,Swiss Clock Workshop,Curious,"gears, pendulum, secret drawer, inheritance, cogs, riddle, mystery, the clockmaker's will, curious",secret clockmaker will secret clockmaker will mystery mystery mystery clockmaker will clockmaker will swiss clock workshop swiss clock workshop curious curious gears pendulum secret drawer inheritance cogs riddle mystery clockmaker will curious gears pendulum secret drawer inheritance cogs riddle mystery clockmaker will curious discreet telegram summoned renowned detective swiss clock workshop stormy tuesday morning london blanketed yellow fog suspect claimed inspecting conservatory blackout yet damp soles leather boots caked red clay found exclusively beneath cellar window calm precision detective laid incontrovertible chain evidence assembled suspects revealing true mastermind local constabulary arrived,79,1
ST-0064,The Mystery of Disappearance at Blackwood Hall,"Among all the puzzles cataloged in the annals of Scotland Yard, the incident at Windswept Moors presented the most baffling contradictions.

Examining the perimeter with a silver pocket loupe, Sterling noticed a microscopic streak of blue pigment near the floor molding. A faint scent of bitter almonds lingered near the fireplace, and the clock on the mantelpiece had stopped precisely seven minutes before the alarm sounded.

The missing treasure was retrieved from its ingenious hiding spot inside the grandfather clock pendulum, closing one of the most celebrated cases in modern investigative history.",Mystery,Disappearance at Blackwood Hall,Windswept Moors,Atmospheric,"moors, manor, guest list, alibi, rainstorm, investigator, mystery, disappearance at blackwood hall, atmospheric",mystery disappearance blackwood hall mystery disappearance blackwood hall mystery mystery mystery disappearance blackwood hall disappearance blackwood hall windswept moors windswept moors atmospheric atmospheric moors manor guest list alibi rainstorm investigator mystery disappearance blackwood hall atmospheric moors manor guest list alibi rainstorm investigator mystery disappearance blackwood hall atmospheric among puzzles cataloged annals scotland yard incident windswept moors presented baffling contradictions examining perimeter silver pocket loupe sterling noticed microscopic streak blue pigment near floor molding faint scent bitter almonds lingered near fireplace clock mantelpiece stopped precisely seven minutes alarm sounded missing treasure retrieved ingenious hiding spot inside grandfather clock pendulum closing one celebrated cases modern investigative history,92,1
ST-0065,The Missing Stolen Diamond,"The storm had severed all telegraph lines connected to Gilded London Museum, leaving seven nervous guests locked together with a master thief.

Upon cross-referencing the guest registry against the train timetable, the investigator uncovered a glaring discrepancy: two distinct alibis relied on a pocket watch that had been deliberately advanced by half an hour.

As the handcuffs clicked shut, the culprit offered a wry, grudging smile, acknowledging that a single forgotten drop of blue ink had undone their flawless scheme at Gilded London Museum.",Mystery,Stolen Diamond,Gilded London Museum,Intriguing,"detective, clues, investigation, jewel, heist, alibi, vault, mystery, stolen diamond, intriguing",missing stolen diamond missing stolen diamond mystery mystery mystery stolen diamond stolen diamond gilded london museum gilded london museum intriguing intriguing detective clues investigation jewel heist alibi vault mystery stolen diamond intriguing detective clues investigation jewel heist alibi vault mystery stolen diamond intriguing storm severed telegraph lines connected gilded london museum leaving seven nervous guests locked together master thief upon cross referencing guest registry train timetable investigator uncovered glaring discrepancy two distinct alibis relied pocket watch deliberately advanced half hour handcuffs clicked shut culprit offered wry grudging smile acknowledging single forgotten drop blue ink undone flawless scheme gilded london museum,84,1
ST-0066,The Cipher of Cipher in the Manuscript,"Inspector Sterling adjusted his spectacles and knelt over the polished floor of Old University Library, where every detail told a conflicting story.

Tapping the walnut paneling behind the bookshelf revealed a hollow resonance. A hidden spring clicked open, unveiling a leather-bound journal filled with encoded nautical coordinates and duplicate wax seal impressions.

Justice was served quietly as dawn broke, the ledger returned to its vault, and the enigma of Old University Library officially marked solved.",Mystery,Cipher in the Manuscript,Old University Library,Enigmatic,"cipher, puzzle, parchment, scholar, code, secret, archive, mystery, cipher in the manuscript, enigmatic",cipher cipher manuscript cipher cipher manuscript mystery mystery mystery cipher manuscript cipher manuscript old university library old university library enigmatic enigmatic cipher puzzle parchment scholar code secret archive mystery cipher manuscript enigmatic cipher puzzle parchment scholar code secret archive mystery cipher manuscript enigmatic inspector sterling adjusted spectacles knelt polished floor old university library every detail told conflicting story tapping walnut paneling behind bookshelf revealed hollow resonance hidden spring clicked open unveiling leather bound journal filled encoded nautical coordinates duplicate wax seal impressions justice served quietly dawn broke ledger returned vault enigma old university library officially marked solved,75,1
ST-0067,The Investigation at Midnight Express Murder,"The heavy mahogany doors of Trans-Continental Train had been locked from the inside, yet the velvet pedestal at the center stood completely bare.

The suspect claimed to have been inspecting the conservatory during the blackout, yet the damp soles of their leather boots were caked with red clay found exclusively beneath the cellar window.

With calm precision, the detective laid out the incontrovertible chain of evidence before the assembled suspects, revealing the true mastermind before the local constabulary arrived.",Mystery,Midnight Express Murder,Trans-Continental Train,Suspenseful,"train, compartment, suspects, conductor, mystery, snowbound, midnight express murder, suspenseful",investigation midnight express murder investigation midnight express murder mystery mystery mystery midnight express murder midnight express murder trans continental train trans continental train suspenseful suspenseful train compartment suspects conductor mystery snowbound midnight express murder suspenseful train compartment suspects conductor mystery snowbound midnight express murder suspenseful heavy mahogany doors trans continental train locked inside yet velvet pedestal center stood completely bare suspect claimed inspecting conservatory blackout yet damp soles leather boots caked red clay found exclusively beneath cellar window calm precision detective laid incontrovertible chain evidence assembled suspects revealing true mastermind local constabulary arrived,79,1
ST-0068,The Clue of the Forged Masterpiece,"A discreet telegram summoned the renowned detective to Paris Art Gallery on a stormy Tuesday morning when London was blanketed in yellow fog.

Examining the perimeter with a silver pocket loupe, Sterling noticed a microscopic streak of blue pigment near the floor molding. A faint scent of bitter almonds lingered near the fireplace, and the clock on the mantelpiece had stopped precisely seven minutes before the alarm sounded.

The missing treasure was retrieved from its ingenious hiding spot inside the grandfather clock pendulum, closing one of the most celebrated cases in modern investigative history.",Mystery,Forged Masterpiece,Paris Art Gallery,Clever,"forgery, painting, canvas, magnifying glass, signature, museum, mystery, forged masterpiece, clever",clue forged masterpiece clue forged masterpiece mystery mystery mystery forged masterpiece forged masterpiece paris art gallery paris art gallery clever clever forgery painting canvas magnifying glass signature museum mystery forged masterpiece clever forgery painting canvas magnifying glass signature museum mystery forged masterpiece clever discreet telegram summoned renowned detective paris art gallery stormy tuesday morning london blanketed yellow fog examining perimeter silver pocket loupe sterling noticed microscopic streak blue pigment near floor molding faint scent bitter almonds lingered near fireplace clock mantelpiece stopped precisely seven minutes alarm sounded missing treasure retrieved ingenious hiding spot inside grandfather clock pendulum closing one celebrated cases modern investigative history,94,1
ST-0069,The Disappearance at Missing Diplomat,"Among all the puzzles cataloged in the annals of Scotland Yard, the incident at Foggy Thames Wharf presented the most baffling contradictions.

Upon cross-referencing the guest registry against the train timetable, the investigator uncovered a glaring discrepancy: two distinct alibis relied on a pocket watch that had been deliberately advanced by half an hour.

As the handcuffs clicked shut, the culprit offered a wry, grudging smile, acknowledging that a single forgotten drop of blue ink had undone their flawless scheme at Foggy Thames Wharf.",Mystery,Missing Diplomat,Foggy Thames Wharf,Tense,"docks, wharf, briefcase, fog, informant, conspiracy, detective, mystery, missing diplomat, tense",disappearance missing diplomat disappearance missing diplomat mystery mystery mystery missing diplomat missing diplomat foggy thames wharf foggy thames wharf tense tense docks wharf briefcase fog informant conspiracy detective mystery missing diplomat tense docks wharf briefcase fog informant conspiracy detective mystery missing diplomat tense among puzzles cataloged annals scotland yard incident foggy thames wharf presented baffling contradictions upon cross referencing guest registry train timetable investigator uncovered glaring discrepancy two distinct alibis relied pocket watch deliberately advanced half hour handcuffs clicked shut culprit offered wry grudging smile acknowledging single forgotten drop blue ink undone flawless scheme foggy thames wharf,84,1
ST-0070,The Heist at The Locked Study,"The storm had severed all telegraph lines connected to Country Manor Estate, leaving seven nervous guests locked together with a master thief.

Tapping the walnut paneling behind the bookshelf revealed a hollow resonance. A hidden spring clicked open, unveiling a leather-bound journal filled with encoded nautical coordinates and duplicate wax seal impressions.

Justice was served quietly as dawn broke, the ledger returned to its vault, and the enigma of Country Manor Estate officially marked solved.",Mystery,The Locked Study,Country Manor Estate,Perplexing,"locked room, keyhole, will, inheritance, footprints, clockwork, mystery, the locked study, perplexing",heist locked study heist locked study mystery mystery mystery locked study locked study country manor estate country manor estate perplexing perplexing locked room keyhole will inheritance footprints clockwork mystery locked study perplexing locked room keyhole will inheritance footprints clockwork mystery locked study perplexing storm severed telegraph lines connected country manor estate leaving seven nervous guests locked together master thief tapping walnut paneling behind bookshelf revealed hollow resonance hidden spring clicked open unveiling leather bound journal filled encoded nautical coordinates duplicate wax seal impressions justice served quietly dawn broke ledger returned vault enigma country manor estate officially marked solved,75,1
ST-0071,The Case of the The Clockmaker's Will,"Inspector Sterling adjusted his spectacles and knelt over the polished floor of Swiss Clock Workshop, where every detail told a conflicting story.

The suspect claimed to have been inspecting the conservatory during the blackout, yet the damp soles of their leather boots were caked with red clay found exclusively beneath the cellar window.

With calm precision, the detective laid out the incontrovertible chain of evidence before the assembled suspects, revealing the true mastermind before the local constabulary arrived.",Mystery,The Clockmaker's Will,Swiss Clock Workshop,Curious,"gears, pendulum, secret drawer, inheritance, cogs, riddle, mystery, the clockmaker's will, curious",case clockmaker will case clockmaker will mystery mystery mystery clockmaker will clockmaker will swiss clock workshop swiss clock workshop curious curious gears pendulum secret drawer inheritance cogs riddle mystery clockmaker will curious gears pendulum secret drawer inheritance cogs riddle mystery clockmaker will curious inspector sterling adjusted spectacles knelt polished floor swiss clock workshop every detail told conflicting story suspect claimed inspecting conservatory blackout yet damp soles leather boots caked red clay found exclusively beneath cellar window calm precision detective laid incontrovertible chain evidence assembled suspects revealing true mastermind local constabulary arrived,78,1
ST-0072,The Enigma of Disappearance at Blackwood Hall,"The heavy mahogany doors of Windswept Moors had been locked from the inside, yet the velvet pedestal at the center stood completely bare.

Examining the perimeter with a silver pocket loupe, Sterling noticed a microscopic streak of blue pigment near the floor molding. A faint scent of bitter almonds lingered near the fireplace, and the clock on the mantelpiece had stopped precisely seven minutes before the alarm sounded.

The missing treasure was retrieved from its ingenious hiding spot inside the grandfather clock pendulum, closing one of the most celebrated cases in modern investigative history.",Mystery,Disappearance at Blackwood Hall,Windswept Moors,Atmospheric,"moors, manor, guest list, alibi, rainstorm, investigator, mystery, disappearance at blackwood hall, atmospheric",enigma disappearance blackwood hall enigma disappearance blackwood hall mystery mystery mystery disappearance blackwood hall disappearance blackwood hall windswept moors windswept moors atmospheric atmospheric moors manor guest list alibi rainstorm investigator mystery disappearance blackwood hall atmospheric moors manor guest list alibi rainstorm investigator mystery disappearance blackwood hall atmospheric heavy mahogany doors windswept moors locked inside yet velvet pedestal center stood completely bare examining perimeter silver pocket loupe sterling noticed microscopic streak blue pigment near floor molding faint scent bitter almonds lingered near fireplace clock mantelpiece stopped precisely seven minutes alarm sounded missing treasure retrieved ingenious hiding spot inside grandfather clock pendulum closing one celebrated cases modern investigative history,94,1
ST-0073,The Secret of Stolen Diamond,"A discreet telegram summoned the renowned detective to Gilded London Museum on a stormy Tuesday morning when London was blanketed in yellow fog.

Upon cross-referencing the guest registry against the train timetable, the investigator uncovered a glaring discrepancy: two distinct alibis relied on a pocket watch that had been deliberately advanced by half an hour.

As the handcuffs clicked shut, the culprit offered a wry, grudging smile, acknowledging that a single forgotten drop of blue ink had undone their flawless scheme at Gilded London Museum.",Mystery,Stolen Diamond,Gilded London Museum,Intriguing,"detective, clues, investigation, jewel, heist, alibi, vault, mystery, stolen diamond, intriguing",secret stolen diamond secret stolen diamond mystery mystery mystery stolen diamond stolen diamond gilded london museum gilded london museum intriguing intriguing detective clues investigation jewel heist alibi vault mystery stolen diamond intriguing detective clues investigation jewel heist alibi vault mystery stolen diamond intriguing discreet telegram summoned renowned detective gilded london museum stormy tuesday morning london blanketed yellow fog upon cross referencing guest registry train timetable investigator uncovered glaring discrepancy two distinct alibis relied pocket watch deliberately advanced half hour handcuffs clicked shut culprit offered wry grudging smile acknowledging single forgotten drop blue ink undone flawless scheme gilded london museum,85,1
ST-0074,The Mystery of Cipher in the Manuscript,"Among all the puzzles cataloged in the annals of Scotland Yard, the incident at Old University Library presented the most baffling contradictions.

Tapping the walnut paneling behind the bookshelf revealed a hollow resonance. A hidden spring clicked open, unveiling a leather-bound journal filled with encoded nautical coordinates and duplicate wax seal impressions.

Justice was served quietly as dawn broke, the ledger returned to its vault, and the enigma of Old University Library officially marked solved.",Mystery,Cipher in the Manuscript,Old University Library,Enigmatic,"cipher, puzzle, parchment, scholar, code, secret, archive, mystery, cipher in the manuscript, enigmatic",mystery cipher manuscript mystery cipher manuscript mystery mystery mystery cipher manuscript cipher manuscript old university library old university library enigmatic enigmatic cipher puzzle parchment scholar code secret archive mystery cipher manuscript enigmatic cipher puzzle parchment scholar code secret archive mystery cipher manuscript enigmatic among puzzles cataloged annals scotland yard incident old university library presented baffling contradictions tapping walnut paneling behind bookshelf revealed hollow resonance hidden spring clicked open unveiling leather bound journal filled encoded nautical coordinates duplicate wax seal impressions justice served quietly dawn broke ledger returned vault enigma old university library officially marked solved,75,1
ST-0075,The Missing Midnight Express Murder,"The storm had severed all telegraph lines connected to Trans-Continental Train, leaving seven nervous guests locked together with a master thief.

The suspect claimed to have been inspecting the conservatory during the blackout, yet the damp soles of their leather boots were caked with red clay found exclusively beneath the cellar window.

With calm precision, the detective laid out the incontrovertible chain of evidence before the assembled suspects, revealing the true mastermind before the local constabulary arrived.",Mystery,Midnight Express Murder,Trans-Continental Train,Suspenseful,"train, compartment, suspects, conductor, mystery, snowbound, midnight express murder, suspenseful",missing midnight express murder missing midnight express murder mystery mystery mystery midnight express murder midnight express murder trans continental train trans continental train suspenseful suspenseful train compartment suspects conductor mystery snowbound midnight express murder suspenseful train compartment suspects conductor mystery snowbound midnight express murder suspenseful storm severed telegraph lines connected trans continental train leaving seven nervous guests locked together master thief suspect claimed inspecting conservatory blackout yet damp soles leather boots caked red clay found exclusively beneath cellar window calm precision detective laid incontrovertible chain evidence assembled suspects revealing true mastermind local constabulary arrived,77,1
ST-0076,The Cipher of Forged Masterpiece,"Inspector Sterling adjusted his spectacles and knelt over the polished floor of Paris Art Gallery, where every detail told a conflicting story.

Examining the perimeter with a silver pocket loupe, Sterling noticed a microscopic streak of blue pigment near the floor molding. A faint scent of bitter almonds lingered near the fireplace, and the clock on the mantelpiece had stopped precisely seven minutes before the alarm sounded.

The missing treasure was retrieved from its ingenious hiding spot inside the grandfather clock pendulum, closing one of the most celebrated cases in modern investigative history.",Mystery,Forged Masterpiece,Paris Art Gallery,Clever,"forgery, painting, canvas, magnifying glass, signature, museum, mystery, forged masterpiece, clever",cipher forged masterpiece cipher forged masterpiece mystery mystery mystery forged masterpiece forged masterpiece paris art gallery paris art gallery clever clever forgery painting canvas magnifying glass signature museum mystery forged masterpiece clever forgery painting canvas magnifying glass signature museum mystery forged masterpiece clever inspector sterling adjusted spectacles knelt polished floor paris art gallery every detail told conflicting story examining perimeter silver pocket loupe sterling noticed microscopic streak blue pigment near floor molding faint scent bitter almonds lingered near fireplace clock mantelpiece stopped precisely seven minutes alarm sounded missing treasure retrieved ingenious hiding spot inside grandfather clock pendulum closing one celebrated cases modern investigative history,93,1
ST-0077,The Investigation at Missing Diplomat,"The heavy mahogany doors of Foggy Thames Wharf had been locked from the inside, yet the velvet pedestal at the center stood completely bare.

Upon cross-referencing the guest registry against the train timetable, the investigator uncovered a glaring discrepancy: two distinct alibis relied on a pocket watch that had been deliberately advanced by half an hour.

As the handcuffs clicked shut, the culprit offered a wry, grudging smile, acknowledging that a single forgotten drop of blue ink had undone their flawless scheme at Foggy Thames Wharf.",Mystery,Missing Diplomat,Foggy Thames Wharf,Tense,"docks, wharf, briefcase, fog, informant, conspiracy, detective, mystery, missing diplomat, tense",investigation missing diplomat investigation missing diplomat mystery mystery mystery missing diplomat missing diplomat foggy thames wharf foggy thames wharf tense tense docks wharf briefcase fog informant conspiracy detective mystery missing diplomat tense docks wharf briefcase fog informant conspiracy detective mystery missing diplomat tense heavy mahogany doors foggy thames wharf locked inside yet velvet pedestal center stood completely bare upon cross referencing guest registry train timetable investigator uncovered glaring discrepancy two distinct alibis relied pocket watch deliberately advanced half hour handcuffs clicked shut culprit offered wry grudging smile acknowledging single forgotten drop blue ink undone flawless scheme foggy thames wharf,86,1
ST-0078,The Clue of the The Locked Study,"A discreet telegram summoned the renowned detective to Country Manor Estate on a stormy Tuesday morning when London was blanketed in yellow fog.

Tapping the walnut paneling behind the bookshelf revealed a hollow resonance. A hidden spring clicked open, unveiling a leather-bound journal filled with encoded nautical coordinates and duplicate wax seal impressions.

Justice was served quietly as dawn broke, the ledger returned to its vault, and the enigma of Country Manor Estate officially marked solved.",Mystery,The Locked Study,Country Manor Estate,Perplexing,"locked room, keyhole, will, inheritance, footprints, clockwork, mystery, the locked study, perplexing",clue locked study clue locked study mystery mystery mystery locked study locked study country manor estate country manor estate perplexing perplexing locked room keyhole will inheritance footprints clockwork mystery locked study perplexing locked room keyhole will inheritance footprints clockwork mystery locked study perplexing discreet telegram summoned renowned detective country manor estate stormy tuesday morning london blanketed yellow fog tapping walnut paneling behind bookshelf revealed hollow resonance hidden spring clicked open unveiling leather bound journal filled encoded nautical coordinates duplicate wax seal impressions justice served quietly dawn broke ledger returned vault enigma country manor estate officially marked solved,76,1
ST-0079,The Disappearance at The Clockmaker's Will,"Among all the puzzles cataloged in the annals of Scotland Yard, the incident at Swiss Clock Workshop presented the most baffling contradictions.

The suspect claimed to have been inspecting the conservatory during the blackout, yet the damp soles of their leather boots were caked with red clay found exclusively beneath the cellar window.

With calm precision, the detective laid out the incontrovertible chain of evidence before the assembled suspects, revealing the true mastermind before the local constabulary arrived.",Mystery,The Clockmaker's Will,Swiss Clock Workshop,Curious,"gears, pendulum, secret drawer, inheritance, cogs, riddle, mystery, the clockmaker's will, curious",disappearance clockmaker will disappearance clockmaker will mystery mystery mystery clockmaker will clockmaker will swiss clock workshop swiss clock workshop curious curious gears pendulum secret drawer inheritance cogs riddle mystery clockmaker will curious gears pendulum secret drawer inheritance cogs riddle mystery clockmaker will curious among puzzles cataloged annals scotland yard incident swiss clock workshop presented baffling contradictions suspect claimed inspecting conservatory blackout yet damp soles leather boots caked red clay found exclusively beneath cellar window calm precision detective laid incontrovertible chain evidence assembled suspects revealing true mastermind local constabulary arrived,78,1
ST-0080,The Heist at Disappearance at Blackwood Hall,"The storm had severed all telegraph lines connected to Windswept Moors, leaving seven nervous guests locked together with a master thief.

Examining the perimeter with a silver pocket loupe, Sterling noticed a microscopic streak of blue pigment near the floor molding. A faint scent of bitter almonds lingered near the fireplace, and the clock on the mantelpiece had stopped precisely seven minutes before the alarm sounded.

The missing treasure was retrieved from its ingenious hiding spot inside the grandfather clock pendulum, closing one of the most celebrated cases in modern investigative history.",Mystery,Disappearance at Blackwood Hall,Windswept Moors,Atmospheric,"moors, manor, guest list, alibi, rainstorm, investigator, mystery, disappearance at blackwood hall, atmospheric",heist disappearance blackwood hall heist disappearance blackwood hall mystery mystery mystery disappearance blackwood hall disappearance blackwood hall windswept moors windswept moors atmospheric atmospheric moors manor guest list alibi rainstorm investigator mystery disappearance blackwood hall atmospheric moors manor guest list alibi rainstorm investigator mystery disappearance blackwood hall atmospheric storm severed telegraph lines connected windswept moors leaving seven nervous guests locked together master thief examining perimeter silver pocket loupe sterling noticed microscopic streak blue pigment near floor molding faint scent bitter almonds lingered near fireplace clock mantelpiece stopped precisely seven minutes alarm sounded missing treasure retrieved ingenious hiding spot inside grandfather clock pendulum closing one celebrated cases modern investigative history,92,1
ST-0081,The Quest for Lost Inca Temple,"With a weathered parchment map gripped in one hand and a brass compass in the other, the expedition pressed into Amazon Rainforest Canopy.

Hacking through tangled creepers and towering ferns, the explorers stumbled upon towering stone monoliths etched with celestial constellations. Deep within the moss-covered sanctuary, an intricate stone gear mechanism turned smoothly, revealing a vaulted chamber untouched for millennia.

With water supplies replenished and the map updated, the triumphant team began their return journey, carrying memories of an extraordinary triumph against the wild.",Adventure,Lost Inca Temple,Amazon Rainforest Canopy,Exhilarating,"expedition, jungle, temple, ruins, machete, gold, compass, adventure, lost inca temple, exhilarating",quest lost inca temple quest lost inca temple adventure adventure adventure lost inca temple lost inca temple amazon rainforest canopy amazon rainforest canopy exhilarating exhilarating expedition jungle temple ruins machete gold compass adventure lost inca temple exhilarating expedition jungle temple ruins machete gold compass adventure lost inca temple exhilarating weathered parchment map gripped one hand brass compass expedition pressed amazon rainforest canopy hacking tangled creepers towering ferns explorers stumbled upon towering stone monoliths etched celestial constellations deep within moss covered sanctuary intricate stone gear mechanism turned smoothly revealing vaulted chamber untouched millennia water supplies replenished map updated triumphant team began return journey carrying memories extraordinary triumph wild,84,1
ST-0082,Voyage to Sunken Spanish Galleon,"The morning sun rose like a ball of molten copper over Caribbean Coral Reef, signaling the most dangerous leg of the journey.

Braving the turbulent rapids, the wooden raft surged through roaring white water and narrow canyon corridors. Spray blinded the rowers as the guide steered deftly around jagged limestone boulders, shooting through the cavern mouth into a tranquil, sapphire lagoon.

Looking back one last time at Caribbean Coral Reef, the explorers realized the true treasure was the unbreakable bond forged through danger and discovery.",Adventure,Sunken Spanish Galleon,Caribbean Coral Reef,Daring,"diving, treasure, shipwreck, reef, ocean, doubloons, waves, adventure, sunken spanish galleon, daring",voyage sunken spanish galleon voyage sunken spanish galleon adventure adventure adventure sunken spanish galleon sunken spanish galleon caribbean coral reef caribbean coral reef daring daring diving treasure shipwreck reef ocean doubloons waves adventure sunken spanish galleon daring diving treasure shipwreck reef ocean doubloons waves adventure sunken spanish galleon daring morning sun rose like ball molten copper caribbean coral reef signaling dangerous leg journey braving turbulent rapids wooden raft surged roaring white water narrow canyon corridors spray blinded rowers guide steered deftly around jagged limestone boulders shooting cavern mouth tranquil sapphire lagoon looking back one last time caribbean coral reef explorers realized true treasure unbreakable bond forged danger discovery,85,1
ST-0083,Expedition: Himalayan Peak Ascent,"Three weeks of relentless trekking had brought the team to the precipice of Snowbound Mountain Ridge, where few human boots had ever trodden.

Battling shifting sands and blistering desert heat, the team uncovered the carved sandstone archway buried beneath centuries of dunes. As the heavy stone slab yielded to their crowbars, cool air rushed forth from the subterranean hall.

Standing atop the summit as golden sunrise flooded Snowbound Mountain Ridge, the weary adventurers hoisted their banner, knowing their names would forever be inscribed in expedition lore.",Adventure,Himalayan Peak Ascent,Snowbound Mountain Ridge,Heroic,"climbing, summit, ice axe, blizzard, crevasse, altitude, peak, adventure, himalayan peak ascent, heroic",expedition himalayan peak ascent expedition himalayan peak ascent adventure adventure adventure himalayan peak ascent himalayan peak ascent snowbound mountain ridge snowbound mountain ridge heroic heroic climbing summit ice axe blizzard crevasse altitude peak adventure himalayan peak ascent heroic climbing summit ice axe blizzard crevasse altitude peak adventure himalayan peak ascent heroic three weeks relentless trekking brought team precipice snowbound mountain ridge human boots ever trodden battling shifting sands blistering desert heat team uncovered carved sandstone archway buried beneath centuries dunes heavy stone slab yielded crowbars cool air rushed forth subterranean hall standing atop summit golden sunrise flooded snowbound mountain ridge weary adventurers hoisted banner knowing names forever inscribed expedition lore,86,1
ST-0084,The Lost Relic of Saharan Lost Oasis,"Thunder rolled across the vast expanse of Great Sand Sea Dunes, whipping the guidewires of the base camp tents into a frenzy.

Navigating treacherous chasms and sheer granite ledges, the climbers relied on sheer will and braided hemp rope. When an unexpected rockslide severed the secondary safety line, quick reflexes and seasoned teamwork saved the entire survey team from a fatal plunge into the gorge below.

The priceless cultural artifacts were carefully packed and cataloged for the national museum, ensuring the wonders of Great Sand Sea Dunes would inspire generations to come.",Adventure,Saharan Lost Oasis,Great Sand Sea Dunes,Gripping,"desert, caravan, dunes, oasis, mirage, sun, ancient, adventure, saharan lost oasis, gripping",lost relic saharan lost oasis lost relic saharan lost oasis adventure adventure adventure saharan lost oasis saharan lost oasis great sand sea dunes great sand sea dunes gripping gripping desert caravan dunes oasis mirage sun ancient adventure saharan lost oasis gripping desert caravan dunes oasis mirage sun ancient adventure saharan lost oasis gripping thunder rolled across vast expanse great sand sea dunes whipping guidewires base camp tents frenzy navigating treacherous chasms sheer granite ledges climbers relied sheer will braided hemp rope unexpected rockslide severed secondary safety line quick reflexes seasoned teamwork saved entire survey team fatal plunge gorge priceless cultural artifacts carefully packed cataloged national museum ensuring wonders great sand sea dunes inspire generations come,92,1
ST-0085,Ascent of Underground River Rapid,"The ancient legends had always warned against exploring Limestone Cavern Network, but the promise of unearthing history outweighed every caution.

Hacking through tangled creepers and towering ferns, the explorers stumbled upon towering stone monoliths etched with celestial constellations. Deep within the moss-covered sanctuary, an intricate stone gear mechanism turned smoothly, revealing a vaulted chamber untouched for millennia.

With water supplies replenished and the map updated, the triumphant team began their return journey, carrying memories of an extraordinary triumph against the wild.",Adventure,Underground River Rapid,Limestone Cavern Network,Thrilling,"cavern, raft, subterranean, rapids, stalactites, waterfall, adventure, underground river rapid, thrilling",ascent underground river rapid ascent underground river rapid adventure adventure adventure underground river rapid underground river rapid limestone cavern network limestone cavern network thrilling thrilling cavern raft subterranean rapids stalactites waterfall adventure underground river rapid thrilling cavern raft subterranean rapids stalactites waterfall adventure underground river rapid thrilling ancient legends always warned exploring limestone cavern network promise unearthing history outweighed every caution hacking tangled creepers towering ferns explorers stumbled upon towering stone monoliths etched celestial constellations deep within moss covered sanctuary intricate stone gear mechanism turned smoothly revealing vaulted chamber untouched millennia water supplies replenished map updated triumphant team began return journey carrying memories extraordinary triumph wild,81,1
ST-0086,Peril at Forbidden Arctic Passage,"With a weathered parchment map gripped in one hand and a brass compass in the other, the expedition pressed into Glacial Ice Shelf.

Braving the turbulent rapids, the wooden raft surged through roaring white water and narrow canyon corridors. Spray blinded the rowers as the guide steered deftly around jagged limestone boulders, shooting through the cavern mouth into a tranquil, sapphire lagoon.

Looking back one last time at Glacial Ice Shelf, the explorers realized the true treasure was the unbreakable bond forged through danger and discovery.",Adventure,Forbidden Arctic Passage,Glacial Ice Shelf,Courageous,"iceberg, sled, blizzard, compass, expedition, frost, pack ice, adventure, forbidden arctic passage, courageous",peril forbidden arctic passage peril forbidden arctic passage adventure adventure adventure forbidden arctic passage forbidden arctic passage glacial ice shelf glacial ice shelf courageous courageous iceberg sled blizzard compass expedition frost pack ice adventure forbidden arctic passage courageous iceberg sled blizzard compass expedition frost pack ice adventure forbidden arctic passage courageous weathered parchment map gripped one hand brass compass expedition pressed glacial ice shelf braving turbulent rapids wooden raft surged roaring white water narrow canyon corridors spray blinded rowers guide steered deftly around jagged limestone boulders shooting cavern mouth tranquil sapphire lagoon looking back one last time glacial ice shelf explorers realized true treasure unbreakable bond forged danger discovery,86,1
ST-0087,The Trail Through Volcanic Caldera Quest,"The morning sun rose like a ball of molten copper over Smoldering Island Rim, signaling the most dangerous leg of the journey.

Battling shifting sands and blistering desert heat, the team uncovered the carved sandstone archway buried beneath centuries of dunes. As the heavy stone slab yielded to their crowbars, cool air rushed forth from the subterranean hall.

Standing atop the summit as golden sunrise flooded Smoldering Island Rim, the weary adventurers hoisted their banner, knowing their names would forever be inscribed in expedition lore.",Adventure,Volcanic Caldera Quest,Smoldering Island Rim,Perilous,"volcano, lava, ash, sulfur, island, relic, canyon, adventure, volcanic caldera quest, perilous",trail volcanic caldera quest trail volcanic caldera quest adventure adventure adventure volcanic caldera quest volcanic caldera quest smoldering island rim smoldering island rim perilous perilous volcano lava ash sulfur island relic canyon adventure volcanic caldera quest perilous volcano lava ash sulfur island relic canyon adventure volcanic caldera quest perilous morning sun rose like ball molten copper smoldering island rim signaling dangerous leg journey battling shifting sands blistering desert heat team uncovered carved sandstone archway buried beneath centuries dunes heavy stone slab yielded crowbars cool air rushed forth subterranean hall standing atop summit golden sunrise flooded smoldering island rim weary adventurers hoisted banner knowing names forever inscribed expedition lore,85,1
ST-0088,Chronicles of Ancient Desert Tombs,"Three weeks of relentless trekking had brought the team to the precipice of Valley of the Pharaohs, where few human boots had ever trodden.

Navigating treacherous chasms and sheer granite ledges, the climbers relied on sheer will and braided hemp rope. When an unexpected rockslide severed the secondary safety line, quick reflexes and seasoned teamwork saved the entire survey team from a fatal plunge into the gorge below.

The priceless cultural artifacts were carefully packed and cataloged for the national museum, ensuring the wonders of Valley of the Pharaohs would inspire generations to come.",Adventure,Ancient Desert Tombs,Valley of the Pharaohs,Epic,"tomb, sandstorm, hieroglyph, scarab, torchlight, excavation, adventure, ancient desert tombs, epic",chronicles ancient desert tombs chronicles ancient desert tombs adventure adventure adventure ancient desert tombs ancient desert tombs valley pharaohs valley pharaohs epic epic tomb sandstorm hieroglyph scarab torchlight excavation adventure ancient desert tombs epic tomb sandstorm hieroglyph scarab torchlight excavation adventure ancient desert tombs epic three weeks relentless trekking brought team precipice valley pharaohs human boots ever trodden navigating treacherous chasms sheer granite ledges climbers relied sheer will braided hemp rope unexpected rockslide severed secondary safety line quick reflexes seasoned teamwork saved entire survey team fatal plunge gorge priceless cultural artifacts carefully packed cataloged national museum ensuring wonders valley pharaohs inspire generations come,94,1
ST-0089,Into the Heart of Lost Inca Temple,"Thunder rolled across the vast expanse of Amazon Rainforest Canopy, whipping the guidewires of the base camp tents into a frenzy.

Hacking through tangled creepers and towering ferns, the explorers stumbled upon towering stone monoliths etched with celestial constellations. Deep within the moss-covered sanctuary, an intricate stone gear mechanism turned smoothly, revealing a vaulted chamber untouched for millennia.

With water supplies replenished and the map updated, the triumphant team began their return journey, carrying memories of an extraordinary triumph against the wild.",Adventure,Lost Inca Temple,Amazon Rainforest Canopy,Exhilarating,"expedition, jungle, temple, ruins, machete, gold, compass, adventure, lost inca temple, exhilarating",heart lost inca temple heart lost inca temple adventure adventure adventure lost inca temple lost inca temple amazon rainforest canopy amazon rainforest canopy exhilarating exhilarating expedition jungle temple ruins machete gold compass adventure lost inca temple exhilarating expedition jungle temple ruins machete gold compass adventure lost inca temple exhilarating thunder rolled across vast expanse amazon rainforest canopy whipping guidewires base camp tents frenzy hacking tangled creepers towering ferns explorers stumbled upon towering stone monoliths etched celestial constellations deep within moss covered sanctuary intricate stone gear mechanism turned smoothly revealing vaulted chamber untouched millennia water supplies replenished map updated triumphant team began return journey carrying memories extraordinary triumph wild,82,1
ST-0090,The Discovery of Sunken Spanish Galleon,"The ancient legends had always warned against exploring Caribbean Coral Reef, but the promise of unearthing history outweighed every caution.

Braving the turbulent rapids, the wooden raft surged through roaring white water and narrow canyon corridors. Spray blinded the rowers as the guide steered deftly around jagged limestone boulders, shooting through the cavern mouth into a tranquil, sapphire lagoon.

Looking back one last time at Caribbean Coral Reef, the explorers realized the true treasure was the unbreakable bond forged through danger and discovery.",Adventure,Sunken Spanish Galleon,Caribbean Coral Reef,Daring,"diving, treasure, shipwreck, reef, ocean, doubloons, waves, adventure, sunken spanish galleon, daring",discovery sunken spanish galleon discovery sunken spanish galleon adventure adventure adventure sunken spanish galleon sunken spanish galleon caribbean coral reef caribbean coral reef daring daring diving treasure shipwreck reef ocean doubloons waves adventure sunken spanish galleon daring diving treasure shipwreck reef ocean doubloons waves adventure sunken spanish galleon daring ancient legends always warned exploring caribbean coral reef promise unearthing history outweighed every caution braving turbulent rapids wooden raft surged roaring white water narrow canyon corridors spray blinded rowers guide steered deftly around jagged limestone boulders shooting cavern mouth tranquil sapphire lagoon looking back one last time caribbean coral reef explorers realized true treasure unbreakable bond forged danger discovery,83,1
ST-0091,The Quest for Himalayan Peak Ascent,"With a weathered parchment map gripped in one hand and a brass compass in the other, the expedition pressed into Snowbound Mountain Ridge.

Battling shifting sands and blistering desert heat, the team uncovered the carved sandstone archway buried beneath centuries of dunes. As the heavy stone slab yielded to their crowbars, cool air rushed forth from the subterranean hall.

Standing atop the summit as golden sunrise flooded Snowbound Mountain Ridge, the weary adventurers hoisted their banner, knowing their names would forever be inscribed in expedition lore.",Adventure,Himalayan Peak Ascent,Snowbound Mountain Ridge,Heroic,"climbing, summit, ice axe, blizzard, crevasse, altitude, peak, adventure, himalayan peak ascent, heroic",quest himalayan peak ascent quest himalayan peak ascent adventure adventure adventure himalayan peak ascent himalayan peak ascent snowbound mountain ridge snowbound mountain ridge heroic heroic climbing summit ice axe blizzard crevasse altitude peak adventure himalayan peak ascent heroic climbing summit ice axe blizzard crevasse altitude peak adventure himalayan peak ascent heroic weathered parchment map gripped one hand brass compass expedition pressed snowbound mountain ridge battling shifting sands blistering desert heat team uncovered carved sandstone archway buried beneath centuries dunes heavy stone slab yielded crowbars cool air rushed forth subterranean hall standing atop summit golden sunrise flooded snowbound mountain ridge weary adventurers hoisted banner knowing names forever inscribed expedition lore,86,1
ST-0092,Voyage to Saharan Lost Oasis,"The morning sun rose like a ball of molten copper over Great Sand Sea Dunes, signaling the most dangerous leg of the journey.

Navigating treacherous chasms and sheer granite ledges, the climbers relied on sheer will and braided hemp rope. When an unexpected rockslide severed the secondary safety line, quick reflexes and seasoned teamwork saved the entire survey team from a fatal plunge into the gorge below.

The priceless cultural artifacts were carefully packed and cataloged for the national museum, ensuring the wonders of Great Sand Sea Dunes would inspire generations to come.",Adventure,Saharan Lost Oasis,Great Sand Sea Dunes,Gripping,"desert, caravan, dunes, oasis, mirage, sun, ancient, adventure, saharan lost oasis, gripping",voyage saharan lost oasis voyage saharan lost oasis adventure adventure adventure saharan lost oasis saharan lost oasis great sand sea dunes great sand sea dunes gripping gripping desert caravan dunes oasis mirage sun ancient adventure saharan lost oasis gripping desert caravan dunes oasis mirage sun ancient adventure saharan lost oasis gripping morning sun rose like ball molten copper great sand sea dunes signaling dangerous leg journey navigating treacherous chasms sheer granite ledges climbers relied sheer will braided hemp rope unexpected rockslide severed secondary safety line quick reflexes seasoned teamwork saved entire survey team fatal plunge gorge priceless cultural artifacts carefully packed cataloged national museum ensuring wonders great sand sea dunes inspire generations come,93,1
ST-0093,Expedition: Underground River Rapid,"Three weeks of relentless trekking had brought the team to the precipice of Limestone Cavern Network, where few human boots had ever trodden.

Hacking through tangled creepers and towering ferns, the explorers stumbled upon towering stone monoliths etched with celestial constellations. Deep within the moss-covered sanctuary, an intricate stone gear mechanism turned smoothly, revealing a vaulted chamber untouched for millennia.

With water supplies replenished and the map updated, the triumphant team began their return journey, carrying memories of an extraordinary triumph against the wild.",Adventure,Underground River Rapid,Limestone Cavern Network,Thrilling,"cavern, raft, subterranean, rapids, stalactites, waterfall, adventure, underground river rapid, thrilling",expedition underground river rapid expedition underground river rapid adventure adventure adventure underground river rapid underground river rapid limestone cavern network limestone cavern network thrilling thrilling cavern raft subterranean rapids stalactites waterfall adventure underground river rapid thrilling cavern raft subterranean rapids stalactites waterfall adventure underground river rapid thrilling three weeks relentless trekking brought team precipice limestone cavern network human boots ever trodden hacking tangled creepers towering ferns explorers stumbled upon towering stone monoliths etched celestial constellations deep within moss covered sanctuary intricate stone gear mechanism turned smoothly revealing vaulted chamber untouched millennia water supplies replenished map updated triumphant team began return journey carrying memories extraordinary triumph wild,84,1
ST-0094,The Lost Relic of Forbidden Arctic Passage,"Thunder rolled across the vast expanse of Glacial Ice Shelf, whipping the guidewires of the base camp tents into a frenzy.

Braving the turbulent rapids, the wooden raft surged through roaring white water and narrow canyon corridors. Spray blinded the rowers as the guide steered deftly around jagged limestone boulders, shooting through the cavern mouth into a tranquil, sapphire lagoon.

Looking back one last time at Glacial Ice Shelf, the explorers realized the true treasure was the unbreakable bond forged through danger and discovery.",Adventure,Forbidden Arctic Passage,Glacial Ice Shelf,Courageous,"iceberg, sled, blizzard, compass, expedition, frost, pack ice, adventure, forbidden arctic passage, courageous",lost relic forbidden arctic passage lost relic forbidden arctic passage adventure adventure adventure forbidden arctic passage forbidden arctic passage glacial ice shelf glacial ice shelf courageous courageous iceberg sled blizzard compass expedition frost pack ice adventure forbidden arctic passage courageous iceberg sled blizzard compass expedition frost pack ice adventure forbidden arctic passage courageous thunder rolled across vast expanse glacial ice shelf whipping guidewires base camp tents frenzy braving turbulent rapids wooden raft surged roaring white water narrow canyon corridors spray blinded rowers guide steered deftly around jagged limestone boulders shooting cavern mouth tranquil sapphire lagoon looking back one last time glacial ice shelf explorers realized true treasure unbreakable bond forged danger discovery,84,1
ST-0095,Ascent of Volcanic Caldera Quest,"The ancient legends had always warned against exploring Smoldering Island Rim, but the promise of unearthing history outweighed every caution.

Battling shifting sands and blistering desert heat, the team uncovered the carved sandstone archway buried beneath centuries of dunes. As the heavy stone slab yielded to their crowbars, cool air rushed forth from the subterranean hall.

Standing atop the summit as golden sunrise flooded Smoldering Island Rim, the weary adventurers hoisted their banner, knowing their names would forever be inscribed in expedition lore.",Adventure,Volcanic Caldera Quest,Smoldering Island Rim,Perilous,"volcano, lava, ash, sulfur, island, relic, canyon, adventure, volcanic caldera quest, perilous",ascent volcanic caldera quest ascent volcanic caldera quest adventure adventure adventure volcanic caldera quest volcanic caldera quest smoldering island rim smoldering island rim perilous perilous volcano lava ash sulfur island relic canyon adventure volcanic caldera quest perilous volcano lava ash sulfur island relic canyon adventure volcanic caldera quest perilous ancient legends always warned exploring smoldering island rim promise unearthing history outweighed every caution battling shifting sands blistering desert heat team uncovered carved sandstone archway buried beneath centuries dunes heavy stone slab yielded crowbars cool air rushed forth subterranean hall standing atop summit golden sunrise flooded smoldering island rim weary adventurers hoisted banner knowing names forever inscribed expedition lore,83,1
ST-0096,Peril at Ancient Desert Tombs,"With a weathered parchment map gripped in one hand and a brass compass in the other, the expedition pressed into Valley of the Pharaohs.

Navigating treacherous chasms and sheer granite ledges, the climbers relied on sheer will and braided hemp rope. When an unexpected rockslide severed the secondary safety line, quick reflexes and seasoned teamwork saved the entire survey team from a fatal plunge into the gorge below.

The priceless cultural artifacts were carefully packed and cataloged for the national museum, ensuring the wonders of Valley of the Pharaohs would inspire generations to come.",Adventure,Ancient Desert Tombs,Valley of the Pharaohs,Epic,"tomb, sandstorm, hieroglyph, scarab, torchlight, excavation, adventure, ancient desert tombs, epic",peril ancient desert tombs peril ancient desert tombs adventure adventure adventure ancient desert tombs ancient desert tombs valley pharaohs valley pharaohs epic epic tomb sandstorm hieroglyph scarab torchlight excavation adventure ancient desert tombs epic tomb sandstorm hieroglyph scarab torchlight excavation adventure ancient desert tombs epic weathered parchment map gripped one hand brass compass expedition pressed valley pharaohs navigating treacherous chasms sheer granite ledges climbers relied sheer will braided hemp rope unexpected rockslide severed secondary safety line quick reflexes seasoned teamwork saved entire survey team fatal plunge gorge priceless cultural artifacts carefully packed cataloged national museum ensuring wonders valley pharaohs inspire generations come,94,1
ST-0097,The Trail Through Lost Inca Temple,"The morning sun rose like a ball of molten copper over Amazon Rainforest Canopy, signaling the most dangerous leg of the journey.

Hacking through tangled creepers and towering ferns, the explorers stumbled upon towering stone monoliths etched with celestial constellations. Deep within the moss-covered sanctuary, an intricate stone gear mechanism turned smoothly, revealing a vaulted chamber untouched for millennia.

With water supplies replenished and the map updated, the triumphant team began their return journey, carrying memories of an extraordinary triumph against the wild.",Adventure,Lost Inca Temple,Amazon Rainforest Canopy,Exhilarating,"expedition, jungle, temple, ruins, machete, gold, compass, adventure, lost inca temple, exhilarating",trail lost inca temple trail lost inca temple adventure adventure adventure lost inca temple lost inca temple amazon rainforest canopy amazon rainforest canopy exhilarating exhilarating expedition jungle temple ruins machete gold compass adventure lost inca temple exhilarating expedition jungle temple ruins machete gold compass adventure lost inca temple exhilarating morning sun rose like ball molten copper amazon rainforest canopy signaling dangerous leg journey hacking tangled creepers towering ferns explorers stumbled upon towering stone monoliths etched celestial constellations deep within moss covered sanctuary intricate stone gear mechanism turned smoothly revealing vaulted chamber untouched millennia water supplies replenished map updated triumphant team began return journey carrying memories extraordinary triumph wild,83,1
ST-0098,Chronicles of Sunken Spanish Galleon,"Three weeks of relentless trekking had brought the team to the precipice of Caribbean Coral Reef, where few human boots had ever trodden.

Braving the turbulent rapids, the wooden raft surged through roaring white water and narrow canyon corridors. Spray blinded the rowers as the guide steered deftly around jagged limestone boulders, shooting through the cavern mouth into a tranquil, sapphire lagoon.

Looking back one last time at Caribbean Coral Reef, the explorers realized the true treasure was the unbreakable bond forged through danger and discovery.",Adventure,Sunken Spanish Galleon,Caribbean Coral Reef,Daring,"diving, treasure, shipwreck, reef, ocean, doubloons, waves, adventure, sunken spanish galleon, daring",chronicles sunken spanish galleon chronicles sunken spanish galleon adventure adventure adventure sunken spanish galleon sunken spanish galleon caribbean coral reef caribbean coral reef daring daring diving treasure shipwreck reef ocean doubloons waves adventure sunken spanish galleon daring diving treasure shipwreck reef ocean doubloons waves adventure sunken spanish galleon daring three weeks relentless trekking brought team precipice caribbean coral reef human boots ever trodden braving turbulent rapids wooden raft surged roaring white water narrow canyon corridors spray blinded rowers guide steered deftly around jagged limestone boulders shooting cavern mouth tranquil sapphire lagoon looking back one last time caribbean coral reef explorers realized true treasure unbreakable bond forged danger discovery,86,1
ST-0099,Into the Heart of Himalayan Peak Ascent,"Thunder rolled across the vast expanse of Snowbound Mountain Ridge, whipping the guidewires of the base camp tents into a frenzy.

Battling shifting sands and blistering desert heat, the team uncovered the carved sandstone archway buried beneath centuries of dunes. As the heavy stone slab yielded to their crowbars, cool air rushed forth from the subterranean hall.

Standing atop the summit as golden sunrise flooded Snowbound Mountain Ridge, the weary adventurers hoisted their banner, knowing their names would forever be inscribed in expedition lore.",Adventure,Himalayan Peak Ascent,Snowbound Mountain Ridge,Heroic,"climbing, summit, ice axe, blizzard, crevasse, altitude, peak, adventure, himalayan peak ascent, heroic",heart himalayan peak ascent heart himalayan peak ascent adventure adventure adventure himalayan peak ascent himalayan peak ascent snowbound mountain ridge snowbound mountain ridge heroic heroic climbing summit ice axe blizzard crevasse altitude peak adventure himalayan peak ascent heroic climbing summit ice axe blizzard crevasse altitude peak adventure himalayan peak ascent heroic thunder rolled across vast expanse snowbound mountain ridge whipping guidewires base camp tents frenzy battling shifting sands blistering desert heat team uncovered carved sandstone archway buried beneath centuries dunes heavy stone slab yielded crowbars cool air rushed forth subterranean hall standing atop summit golden sunrise flooded snowbound mountain ridge weary adventurers hoisted banner knowing names forever inscribed expedition lore,84,1
ST-0100,The Discovery of Saharan Lost Oasis,"The ancient legends had always warned against exploring Great Sand Sea Dunes, but the promise of unearthing history outweighed every caution.

Navigating treacherous chasms and sheer granite ledges, the climbers relied on sheer will and braided hemp rope. When an unexpected rockslide severed the secondary safety line, quick reflexes and seasoned teamwork saved the entire survey team from a fatal plunge into the gorge below.

The priceless cultural artifacts were carefully packed and cataloged for the national museum, ensuring the wonders of Great Sand Sea Dunes would inspire generations to come.",Adventure,Saharan Lost Oasis,Great Sand Sea Dunes,Gripping,"desert, caravan, dunes, oasis, mirage, sun, ancient, adventure, saharan lost oasis, gripping",discovery saharan lost oasis discovery saharan lost oasis adventure adventure adventure saharan lost oasis saharan lost oasis great sand sea dunes great sand sea dunes gripping gripping desert caravan dunes oasis mirage sun ancient adventure saharan lost oasis gripping desert caravan dunes oasis mirage sun ancient adventure saharan lost oasis gripping ancient legends always warned exploring great sand sea dunes promise unearthing history outweighed every caution navigating treacherous chasms sheer granite ledges climbers relied sheer will braided hemp rope unexpected rockslide severed secondary safety line quick reflexes seasoned teamwork saved entire survey team fatal plunge gorge priceless cultural artifacts carefully packed cataloged national museum ensuring wonders great sand sea dunes inspire generations come,91,1
ST-0101,The Quest for Underground River Rapid,"With a weathered parchment map gripped in one hand and a brass compass in the other, the expedition pressed into Limestone Cavern Network.

Hacking through tangled creepers and towering ferns, the explorers stumbled upon towering stone monoliths etched with celestial constellations. Deep within the moss-covered sanctuary, an intricate stone gear mechanism turned smoothly, revealing a vaulted chamber untouched for millennia.

With water supplies replenished and the map updated, the triumphant team began their return journey, carrying memories of an extraordinary triumph against the wild.",Adventure,Underground River Rapid,Limestone Cavern Network,Thrilling,"cavern, raft, subterranean, rapids, stalactites, waterfall, adventure, underground river rapid, thrilling",quest underground river rapid quest underground river rapid adventure adventure adventure underground river rapid underground river rapid limestone cavern network limestone cavern network thrilling thrilling cavern raft subterranean rapids stalactites waterfall adventure underground river rapid thrilling cavern raft subterranean rapids stalactites waterfall adventure underground river rapid thrilling weathered parchment map gripped one hand brass compass expedition pressed limestone cavern network hacking tangled creepers towering ferns explorers stumbled upon towering stone monoliths etched celestial constellations deep within moss covered sanctuary intricate stone gear mechanism turned smoothly revealing vaulted chamber untouched millennia water supplies replenished map updated triumphant team began return journey carrying memories extraordinary triumph wild,84,1
ST-0102,Voyage to Forbidden Arctic Passage,"The morning sun rose like a ball of molten copper over Glacial Ice Shelf, signaling the most dangerous leg of the journey.

Braving the turbulent rapids, the wooden raft surged through roaring white water and narrow canyon corridors. Spray blinded the rowers as the guide steered deftly around jagged limestone boulders, shooting through the cavern mouth into a tranquil, sapphire lagoon.

Looking back one last time at Glacial Ice Shelf, the explorers realized the true treasure was the unbreakable bond forged through danger and discovery.",Adventure,Forbidden Arctic Passage,Glacial Ice Shelf,Courageous,"iceberg, sled, blizzard, compass, expedition, frost, pack ice, adventure, forbidden arctic passage, courageous",voyage forbidden arctic passage voyage forbidden arctic passage adventure adventure adventure forbidden arctic passage forbidden arctic passage glacial ice shelf glacial ice shelf courageous courageous iceberg sled blizzard compass expedition frost pack ice adventure forbidden arctic passage courageous iceberg sled blizzard compass expedition frost pack ice adventure forbidden arctic passage courageous morning sun rose like ball molten copper glacial ice shelf signaling dangerous leg journey braving turbulent rapids wooden raft surged roaring white water narrow canyon corridors spray blinded rowers guide steered deftly around jagged limestone boulders shooting cavern mouth tranquil sapphire lagoon looking back one last time glacial ice shelf explorers realized true treasure unbreakable bond forged danger discovery,85,1
ST-0103,Expedition: Volcanic Caldera Quest,"Three weeks of relentless trekking had brought the team to the precipice of Smoldering Island Rim, where few human boots had ever trodden.

Battling shifting sands and blistering desert heat, the team uncovered the carved sandstone archway buried beneath centuries of dunes. As the heavy stone slab yielded to their crowbars, cool air rushed forth from the subterranean hall.

Standing atop the summit as golden sunrise flooded Smoldering Island Rim, the weary adventurers hoisted their banner, knowing their names would forever be inscribed in expedition lore.",Adventure,Volcanic Caldera Quest,Smoldering Island Rim,Perilous,"volcano, lava, ash, sulfur, island, relic, canyon, adventure, volcanic caldera quest, perilous",expedition volcanic caldera quest expedition volcanic caldera quest adventure adventure adventure volcanic caldera quest volcanic caldera quest smoldering island rim smoldering island rim perilous perilous volcano lava ash sulfur island relic canyon adventure volcanic caldera quest perilous volcano lava ash sulfur island relic canyon adventure volcanic caldera quest perilous three weeks relentless trekking brought team precipice smoldering island rim human boots ever trodden battling shifting sands blistering desert heat team uncovered carved sandstone archway buried beneath centuries dunes heavy stone slab yielded crowbars cool air rushed forth subterranean hall standing atop summit golden sunrise flooded smoldering island rim weary adventurers hoisted banner knowing names forever inscribed expedition lore,86,1
ST-0104,The Lost Relic of Ancient Desert Tombs,"Thunder rolled across the vast expanse of Valley of the Pharaohs, whipping the guidewires of the base camp tents into a frenzy.

Navigating treacherous chasms and sheer granite ledges, the climbers relied on sheer will and braided hemp rope. When an unexpected rockslide severed the secondary safety line, quick reflexes and seasoned teamwork saved the entire survey team from a fatal plunge into the gorge below.

The priceless cultural artifacts were carefully packed and cataloged for the national museum, ensuring the wonders of Valley of the Pharaohs would inspire generations to come.",Adventure,Ancient Desert Tombs,Valley of the Pharaohs,Epic,"tomb, sandstorm, hieroglyph, scarab, torchlight, excavation, adventure, ancient desert tombs, epic",lost relic ancient desert tombs lost relic ancient desert tombs adventure adventure adventure ancient desert tombs ancient desert tombs valley pharaohs valley pharaohs epic epic tomb sandstorm hieroglyph scarab torchlight excavation adventure ancient desert tombs epic tomb sandstorm hieroglyph scarab torchlight excavation adventure ancient desert tombs epic thunder rolled across vast expanse valley pharaohs whipping guidewires base camp tents frenzy navigating treacherous chasms sheer granite ledges climbers relied sheer will braided hemp rope unexpected rockslide severed secondary safety line quick reflexes seasoned teamwork saved entire survey team fatal plunge gorge priceless cultural artifacts carefully packed cataloged national museum ensuring wonders valley pharaohs inspire generations come,92,1
ST-0105,Ascent of Lost Inca Temple,"The ancient legends had always warned against exploring Amazon Rainforest Canopy, but the promise of unearthing history outweighed every caution.

Hacking through tangled creepers and towering ferns, the explorers stumbled upon towering stone monoliths etched with celestial constellations. Deep within the moss-covered sanctuary, an intricate stone gear mechanism turned smoothly, revealing a vaulted chamber untouched for millennia.

With water supplies replenished and the map updated, the triumphant team began their return journey, carrying memories of an extraordinary triumph against the wild.",Adventure,Lost Inca Temple,Amazon Rainforest Canopy,Exhilarating,"expedition, jungle, temple, ruins, machete, gold, compass, adventure, lost inca temple, exhilarating",ascent lost inca temple ascent lost inca temple adventure adventure adventure lost inca temple lost inca temple amazon rainforest canopy amazon rainforest canopy exhilarating exhilarating expedition jungle temple ruins machete gold compass adventure lost inca temple exhilarating expedition jungle temple ruins machete gold compass adventure lost inca temple exhilarating ancient legends always warned exploring amazon rainforest canopy promise unearthing history outweighed every caution hacking tangled creepers towering ferns explorers stumbled upon towering stone monoliths etched celestial constellations deep within moss covered sanctuary intricate stone gear mechanism turned smoothly revealing vaulted chamber untouched millennia water supplies replenished map updated triumphant team began return journey carrying memories extraordinary triumph wild,81,1
ST-0106,Peril at Sunken Spanish Galleon,"With a weathered parchment map gripped in one hand and a brass compass in the other, the expedition pressed into Caribbean Coral Reef.

Braving the turbulent rapids, the wooden raft surged through roaring white water and narrow canyon corridors. Spray blinded the rowers as the guide steered deftly around jagged limestone boulders, shooting through the cavern mouth into a tranquil, sapphire lagoon.

Looking back one last time at Caribbean Coral Reef, the explorers realized the true treasure was the unbreakable bond forged through danger and discovery.",Adventure,Sunken Spanish Galleon,Caribbean Coral Reef,Daring,"diving, treasure, shipwreck, reef, ocean, doubloons, waves, adventure, sunken spanish galleon, daring",peril sunken spanish galleon peril sunken spanish galleon adventure adventure adventure sunken spanish galleon sunken spanish galleon caribbean coral reef caribbean coral reef daring daring diving treasure shipwreck reef ocean doubloons waves adventure sunken spanish galleon daring diving treasure shipwreck reef ocean doubloons waves adventure sunken spanish galleon daring weathered parchment map gripped one hand brass compass expedition pressed caribbean coral reef braving turbulent rapids wooden raft surged roaring white water narrow canyon corridors spray blinded rowers guide steered deftly around jagged limestone boulders shooting cavern mouth tranquil sapphire lagoon looking back one last time caribbean coral reef explorers realized true treasure unbreakable bond forged danger discovery,86,1
ST-0107,The Trail Through Himalayan Peak Ascent,"The morning sun rose like a ball of molten copper over Snowbound Mountain Ridge, signaling the most dangerous leg of the journey.

Battling shifting sands and blistering desert heat, the team uncovered the carved sandstone archway buried beneath centuries of dunes. As the heavy stone slab yielded to their crowbars, cool air rushed forth from the subterranean hall.

Standing atop the summit as golden sunrise flooded Snowbound Mountain Ridge, the weary adventurers hoisted their banner, knowing their names would forever be inscribed in expedition lore.",Adventure,Himalayan Peak Ascent,Snowbound Mountain Ridge,Heroic,"climbing, summit, ice axe, blizzard, crevasse, altitude, peak, adventure, himalayan peak ascent, heroic",trail himalayan peak ascent trail himalayan peak ascent adventure adventure adventure himalayan peak ascent himalayan peak ascent snowbound mountain ridge snowbound mountain ridge heroic heroic climbing summit ice axe blizzard crevasse altitude peak adventure himalayan peak ascent heroic climbing summit ice axe blizzard crevasse altitude peak adventure himalayan peak ascent heroic morning sun rose like ball molten copper snowbound mountain ridge signaling dangerous leg journey battling shifting sands blistering desert heat team uncovered carved sandstone archway buried beneath centuries dunes heavy stone slab yielded crowbars cool air rushed forth subterranean hall standing atop summit golden sunrise flooded snowbound mountain ridge weary adventurers hoisted banner knowing names forever inscribed expedition lore,85,1
ST-0108,Chronicles of Saharan Lost Oasis,"Three weeks of relentless trekking had brought the team to the precipice of Great Sand Sea Dunes, where few human boots had ever trodden.

Navigating treacherous chasms and sheer granite ledges, the climbers relied on sheer will and braided hemp rope. When an unexpected rockslide severed the secondary safety line, quick reflexes and seasoned teamwork saved the entire survey team from a fatal plunge into the gorge below.

The priceless cultural artifacts were carefully packed and cataloged for the national museum, ensuring the wonders of Great Sand Sea Dunes would inspire generations to come.",Adventure,Saharan Lost Oasis,Great Sand Sea Dunes,Gripping,"desert, caravan, dunes, oasis, mirage, sun, ancient, adventure, saharan lost oasis, gripping",chronicles saharan lost oasis chronicles saharan lost oasis adventure adventure adventure saharan lost oasis saharan lost oasis great sand sea dunes great sand sea dunes gripping gripping desert caravan dunes oasis mirage sun ancient adventure saharan lost oasis gripping desert caravan dunes oasis mirage sun ancient adventure saharan lost oasis gripping three weeks relentless trekking brought team precipice great sand sea dunes human boots ever trodden navigating treacherous chasms sheer granite ledges climbers relied sheer will braided hemp rope unexpected rockslide severed secondary safety line quick reflexes seasoned teamwork saved entire survey team fatal plunge gorge priceless cultural artifacts carefully packed cataloged national museum ensuring wonders great sand sea dunes inspire generations come,94,1
ST-0109,Into the Heart of Underground River Rapid,"Thunder rolled across the vast expanse of Limestone Cavern Network, whipping the guidewires of the base camp tents into a frenzy.

Hacking through tangled creepers and towering ferns, the explorers stumbled upon towering stone monoliths etched with celestial constellations. Deep within the moss-covered sanctuary, an intricate stone gear mechanism turned smoothly, revealing a vaulted chamber untouched for millennia.

With water supplies replenished and the map updated, the triumphant team began their return journey, carrying memories of an extraordinary triumph against the wild.",Adventure,Underground River Rapid,Limestone Cavern Network,Thrilling,"cavern, raft, subterranean, rapids, stalactites, waterfall, adventure, underground river rapid, thrilling",heart underground river rapid heart underground river rapid adventure adventure adventure underground river rapid underground river rapid limestone cavern network limestone cavern network thrilling thrilling cavern raft subterranean rapids stalactites waterfall adventure underground river rapid thrilling cavern raft subterranean rapids stalactites waterfall adventure underground river rapid thrilling thunder rolled across vast expanse limestone cavern network whipping guidewires base camp tents frenzy hacking tangled creepers towering ferns explorers stumbled upon towering stone monoliths etched celestial constellations deep within moss covered sanctuary intricate stone gear mechanism turned smoothly revealing vaulted chamber untouched millennia water supplies replenished map updated triumphant team began return journey carrying memories extraordinary triumph wild,82,1
ST-0110,The Discovery of Forbidden Arctic Passage,"The ancient legends had always warned against exploring Glacial Ice Shelf, but the promise of unearthing history outweighed every caution.

Braving the turbulent rapids, the wooden raft surged through roaring white water and narrow canyon corridors. Spray blinded the rowers as the guide steered deftly around jagged limestone boulders, shooting through the cavern mouth into a tranquil, sapphire lagoon.

Looking back one last time at Glacial Ice Shelf, the explorers realized the true treasure was the unbreakable bond forged through danger and discovery.",Adventure,Forbidden Arctic Passage,Glacial Ice Shelf,Courageous,"iceberg, sled, blizzard, compass, expedition, frost, pack ice, adventure, forbidden arctic passage, courageous",discovery forbidden arctic passage discovery forbidden arctic passage adventure adventure adventure forbidden arctic passage forbidden arctic passage glacial ice shelf glacial ice shelf courageous courageous iceberg sled blizzard compass expedition frost pack ice adventure forbidden arctic passage courageous iceberg sled blizzard compass expedition frost pack ice adventure forbidden arctic passage courageous ancient legends always warned exploring glacial ice shelf promise unearthing history outweighed every caution braving turbulent rapids wooden raft surged roaring white water narrow canyon corridors spray blinded rowers guide steered deftly around jagged limestone boulders shooting cavern mouth tranquil sapphire lagoon looking back one last time glacial ice shelf explorers realized true treasure unbreakable bond forged danger discovery,83,1
ST-0111,The Quest for Volcanic Caldera Quest,"With a weathered parchment map gripped in one hand and a brass compass in the other, the expedition pressed into Smoldering Island Rim.

Battling shifting sands and blistering desert heat, the team uncovered the carved sandstone archway buried beneath centuries of dunes. As the heavy stone slab yielded to their crowbars, cool air rushed forth from the subterranean hall.

Standing atop the summit as golden sunrise flooded Smoldering Island Rim, the weary adventurers hoisted their banner, knowing their names would forever be inscribed in expedition lore.",Adventure,Volcanic Caldera Quest,Smoldering Island Rim,Perilous,"volcano, lava, ash, sulfur, island, relic, canyon, adventure, volcanic caldera quest, perilous",quest volcanic caldera quest quest volcanic caldera quest adventure adventure adventure volcanic caldera quest volcanic caldera quest smoldering island rim smoldering island rim perilous perilous volcano lava ash sulfur island relic canyon adventure volcanic caldera quest perilous volcano lava ash sulfur island relic canyon adventure volcanic caldera quest perilous weathered parchment map gripped one hand brass compass expedition pressed smoldering island rim battling shifting sands blistering desert heat team uncovered carved sandstone archway buried beneath centuries dunes heavy stone slab yielded crowbars cool air rushed forth subterranean hall standing atop summit golden sunrise flooded smoldering island rim weary adventurers hoisted banner knowing names forever inscribed expedition lore,86,1
ST-0112,Voyage to Ancient Desert Tombs,"The morning sun rose like a ball of molten copper over Valley of the Pharaohs, signaling the most dangerous leg of the journey.

Navigating treacherous chasms and sheer granite ledges, the climbers relied on sheer will and braided hemp rope. When an unexpected rockslide severed the secondary safety line, quick reflexes and seasoned teamwork saved the entire survey team from a fatal plunge into the gorge below.

The priceless cultural artifacts were carefully packed and cataloged for the national museum, ensuring the wonders of Valley of the Pharaohs would inspire generations to come.",Adventure,Ancient Desert Tombs,Valley of the Pharaohs,Epic,"tomb, sandstorm, hieroglyph, scarab, torchlight, excavation, adventure, ancient desert tombs, epic",voyage ancient desert tombs voyage ancient desert tombs adventure adventure adventure ancient desert tombs ancient desert tombs valley pharaohs valley pharaohs epic epic tomb sandstorm hieroglyph scarab torchlight excavation adventure ancient desert tombs epic tomb sandstorm hieroglyph scarab torchlight excavation adventure ancient desert tombs epic morning sun rose like ball molten copper valley pharaohs signaling dangerous leg journey navigating treacherous chasms sheer granite ledges climbers relied sheer will braided hemp rope unexpected rockslide severed secondary safety line quick reflexes seasoned teamwork saved entire survey team fatal plunge gorge priceless cultural artifacts carefully packed cataloged national museum ensuring wonders valley pharaohs inspire generations come,93,1
ST-0113,Expedition: Lost Inca Temple,"Three weeks of relentless trekking had brought the team to the precipice of Amazon Rainforest Canopy, where few human boots had ever trodden.

Hacking through tangled creepers and towering ferns, the explorers stumbled upon towering stone monoliths etched with celestial constellations. Deep within the moss-covered sanctuary, an intricate stone gear mechanism turned smoothly, revealing a vaulted chamber untouched for millennia.

With water supplies replenished and the map updated, the triumphant team began their return journey, carrying memories of an extraordinary triumph against the wild.",Adventure,Lost Inca Temple,Amazon Rainforest Canopy,Exhilarating,"expedition, jungle, temple, ruins, machete, gold, compass, adventure, lost inca temple, exhilarating",expedition lost inca temple expedition lost inca temple adventure adventure adventure lost inca temple lost inca temple amazon rainforest canopy amazon rainforest canopy exhilarating exhilarating expedition jungle temple ruins machete gold compass adventure lost inca temple exhilarating expedition jungle temple ruins machete gold compass adventure lost inca temple exhilarating three weeks relentless trekking brought team precipice amazon rainforest canopy human boots ever trodden hacking tangled creepers towering ferns explorers stumbled upon towering stone monoliths etched celestial constellations deep within moss covered sanctuary intricate stone gear mechanism turned smoothly revealing vaulted chamber untouched millennia water supplies replenished map updated triumphant team began return journey carrying memories extraordinary triumph wild,84,1
ST-0114,The Lost Relic of Sunken Spanish Galleon,"Thunder rolled across the vast expanse of Caribbean Coral Reef, whipping the guidewires of the base camp tents into a frenzy.

Braving the turbulent rapids, the wooden raft surged through roaring white water and narrow canyon corridors. Spray blinded the rowers as the guide steered deftly around jagged limestone boulders, shooting through the cavern mouth into a tranquil, sapphire lagoon.

Looking back one last time at Caribbean Coral Reef, the explorers realized the true treasure was the unbreakable bond forged through danger and discovery.",Adventure,Sunken Spanish Galleon,Caribbean Coral Reef,Daring,"diving, treasure, shipwreck, reef, ocean, doubloons, waves, adventure, sunken spanish galleon, daring",lost relic sunken spanish galleon lost relic sunken spanish galleon adventure adventure adventure sunken spanish galleon sunken spanish galleon caribbean coral reef caribbean coral reef daring daring diving treasure shipwreck reef ocean doubloons waves adventure sunken spanish galleon daring diving treasure shipwreck reef ocean doubloons waves adventure sunken spanish galleon daring thunder rolled across vast expanse caribbean coral reef whipping guidewires base camp tents frenzy braving turbulent rapids wooden raft surged roaring white water narrow canyon corridors spray blinded rowers guide steered deftly around jagged limestone boulders shooting cavern mouth tranquil sapphire lagoon looking back one last time caribbean coral reef explorers realized true treasure unbreakable bond forged danger discovery,84,1
ST-0115,Ascent of Himalayan Peak Ascent,"The ancient legends had always warned against exploring Snowbound Mountain Ridge, but the promise of unearthing history outweighed every caution.

Battling shifting sands and blistering desert heat, the team uncovered the carved sandstone archway buried beneath centuries of dunes. As the heavy stone slab yielded to their crowbars, cool air rushed forth from the subterranean hall.

Standing atop the summit as golden sunrise flooded Snowbound Mountain Ridge, the weary adventurers hoisted their banner, knowing their names would forever be inscribed in expedition lore.",Adventure,Himalayan Peak Ascent,Snowbound Mountain Ridge,Heroic,"climbing, summit, ice axe, blizzard, crevasse, altitude, peak, adventure, himalayan peak ascent, heroic",ascent himalayan peak ascent ascent himalayan peak ascent adventure adventure adventure himalayan peak ascent himalayan peak ascent snowbound mountain ridge snowbound mountain ridge heroic heroic climbing summit ice axe blizzard crevasse altitude peak adventure himalayan peak ascent heroic climbing summit ice axe blizzard crevasse altitude peak adventure himalayan peak ascent heroic ancient legends always warned exploring snowbound mountain ridge promise unearthing history outweighed every caution battling shifting sands blistering desert heat team uncovered carved sandstone archway buried beneath centuries dunes heavy stone slab yielded crowbars cool air rushed forth subterranean hall standing atop summit golden sunrise flooded snowbound mountain ridge weary adventurers hoisted banner knowing names forever inscribed expedition lore,83,1
ST-0116,Peril at Saharan Lost Oasis,"With a weathered parchment map gripped in one hand and a brass compass in the other, the expedition pressed into Great Sand Sea Dunes.

Navigating treacherous chasms and sheer granite ledges, the climbers relied on sheer will and braided hemp rope. When an unexpected rockslide severed the secondary safety line, quick reflexes and seasoned teamwork saved the entire survey team from a fatal plunge into the gorge below.

The priceless cultural artifacts were carefully packed and cataloged for the national museum, ensuring the wonders of Great Sand Sea Dunes would inspire generations to come.",Adventure,Saharan Lost Oasis,Great Sand Sea Dunes,Gripping,"desert, caravan, dunes, oasis, mirage, sun, ancient, adventure, saharan lost oasis, gripping",peril saharan lost oasis peril saharan lost oasis adventure adventure adventure saharan lost oasis saharan lost oasis great sand sea dunes great sand sea dunes gripping gripping desert caravan dunes oasis mirage sun ancient adventure saharan lost oasis gripping desert caravan dunes oasis mirage sun ancient adventure saharan lost oasis gripping weathered parchment map gripped one hand brass compass expedition pressed great sand sea dunes navigating treacherous chasms sheer granite ledges climbers relied sheer will braided hemp rope unexpected rockslide severed secondary safety line quick reflexes seasoned teamwork saved entire survey team fatal plunge gorge priceless cultural artifacts carefully packed cataloged national museum ensuring wonders great sand sea dunes inspire generations come,94,1
ST-0117,The Trail Through Underground River Rapid,"The morning sun rose like a ball of molten copper over Limestone Cavern Network, signaling the most dangerous leg of the journey.

Hacking through tangled creepers and towering ferns, the explorers stumbled upon towering stone monoliths etched with celestial constellations. Deep within the moss-covered sanctuary, an intricate stone gear mechanism turned smoothly, revealing a vaulted chamber untouched for millennia.

With water supplies replenished and the map updated, the triumphant team began their return journey, carrying memories of an extraordinary triumph against the wild.",Adventure,Underground River Rapid,Limestone Cavern Network,Thrilling,"cavern, raft, subterranean, rapids, stalactites, waterfall, adventure, underground river rapid, thrilling",trail underground river rapid trail underground river rapid adventure adventure adventure underground river rapid underground river rapid limestone cavern network limestone cavern network thrilling thrilling cavern raft subterranean rapids stalactites waterfall adventure underground river rapid thrilling cavern raft subterranean rapids stalactites waterfall adventure underground river rapid thrilling morning sun rose like ball molten copper limestone cavern network signaling dangerous leg journey hacking tangled creepers towering ferns explorers stumbled upon towering stone monoliths etched celestial constellations deep within moss covered sanctuary intricate stone gear mechanism turned smoothly revealing vaulted chamber untouched millennia water supplies replenished map updated triumphant team began return journey carrying memories extraordinary triumph wild,83,1
ST-0118,Chronicles of Forbidden Arctic Passage,"Three weeks of relentless trekking had brought the team to the precipice of Glacial Ice Shelf, where few human boots had ever trodden.

Braving the turbulent rapids, the wooden raft surged through roaring white water and narrow canyon corridors. Spray blinded the rowers as the guide steered deftly around jagged limestone boulders, shooting through the cavern mouth into a tranquil, sapphire lagoon.

Looking back one last time at Glacial Ice Shelf, the explorers realized the true treasure was the unbreakable bond forged through danger and discovery.",Adventure,Forbidden Arctic Passage,Glacial Ice Shelf,Courageous,"iceberg, sled, blizzard, compass, expedition, frost, pack ice, adventure, forbidden arctic passage, courageous",chronicles forbidden arctic passage chronicles forbidden arctic passage adventure adventure adventure forbidden arctic passage forbidden arctic passage glacial ice shelf glacial ice shelf courageous courageous iceberg sled blizzard compass expedition frost pack ice adventure forbidden arctic passage courageous iceberg sled blizzard compass expedition frost pack ice adventure forbidden arctic passage courageous three weeks relentless trekking brought team precipice glacial ice shelf human boots ever trodden braving turbulent rapids wooden raft surged roaring white water narrow canyon corridors spray blinded rowers guide steered deftly around jagged limestone boulders shooting cavern mouth tranquil sapphire lagoon looking back one last time glacial ice shelf explorers realized true treasure unbreakable bond forged danger discovery,86,1
ST-0119,Into the Heart of Volcanic Caldera Quest,"Thunder rolled across the vast expanse of Smoldering Island Rim, whipping the guidewires of the base camp tents into a frenzy.

Battling shifting sands and blistering desert heat, the team uncovered the carved sandstone archway buried beneath centuries of dunes. As the heavy stone slab yielded to their crowbars, cool air rushed forth from the subterranean hall.

Standing atop the summit as golden sunrise flooded Smoldering Island Rim, the weary adventurers hoisted their banner, knowing their names would forever be inscribed in expedition lore.",Adventure,Volcanic Caldera Quest,Smoldering Island Rim,Perilous,"volcano, lava, ash, sulfur, island, relic, canyon, adventure, volcanic caldera quest, perilous",heart volcanic caldera quest heart volcanic caldera quest adventure adventure adventure volcanic caldera quest volcanic caldera quest smoldering island rim smoldering island rim perilous perilous volcano lava ash sulfur island relic canyon adventure volcanic caldera quest perilous volcano lava ash sulfur island relic canyon adventure volcanic caldera quest perilous thunder rolled across vast expanse smoldering island rim whipping guidewires base camp tents frenzy battling shifting sands blistering desert heat team uncovered carved sandstone archway buried beneath centuries dunes heavy stone slab yielded crowbars cool air rushed forth subterranean hall standing atop summit golden sunrise flooded smoldering island rim weary adventurers hoisted banner knowing names forever inscribed expedition lore,84,1
ST-0120,The Discovery of Ancient Desert Tombs,"The ancient legends had always warned against exploring Valley of the Pharaohs, but the promise of unearthing history outweighed every caution.

Navigating treacherous chasms and sheer granite ledges, the climbers relied on sheer will and braided hemp rope. When an unexpected rockslide severed the secondary safety line, quick reflexes and seasoned teamwork saved the entire survey team from a fatal plunge into the gorge below.

The priceless cultural artifacts were carefully packed and cataloged for the national museum, ensuring the wonders of Valley of the Pharaohs would inspire generations to come.",Adventure,Ancient Desert Tombs,Valley of the Pharaohs,Epic,"tomb, sandstorm, hieroglyph, scarab, torchlight, excavation, adventure, ancient desert tombs, epic",discovery ancient desert tombs discovery ancient desert tombs adventure adventure adventure ancient desert tombs ancient desert tombs valley pharaohs valley pharaohs epic epic tomb sandstorm hieroglyph scarab torchlight excavation adventure ancient desert tombs epic tomb sandstorm hieroglyph scarab torchlight excavation adventure ancient desert tombs epic ancient legends always warned exploring valley pharaohs promise unearthing history outweighed every caution navigating treacherous chasms sheer granite ledges climbers relied sheer will braided hemp rope unexpected rockslide severed secondary safety line quick reflexes seasoned teamwork saved entire survey team fatal plunge gorge priceless cultural artifacts carefully packed cataloged national museum ensuring wonders valley pharaohs inspire generations come,91,1
ST-0121,A Sunset in Serendipity in Paris,"Rain tapped gently against the cafe windows overlooking Montmartre Cobblestone Alley, blurring the amber streetlights into soft watercolor halos.

As the orchestra swelled into a breathtaking waltz, he offered his hand with a gentle, questioning smile. Sweeping across the polished parquet floor beneath glistening crystal chandeliers, the rhythm of the music mirrored the steady, joyful beating of their hearts.

As the morning sun kissed the rooftops of Montmartre Cobblestone Alley, they knew that what started as a chance meeting had turned into a lifetime of love.",Romance,Serendipity in Paris,Montmartre Cobblestone Alley,Heartwarming,"love, romance, cafe, destiny, paris, serendipity, art, serendipity in paris, heartwarming",sunset serendipity paris sunset serendipity paris romance romance romance serendipity paris serendipity paris montmartre cobblestone alley montmartre cobblestone alley heartwarming heartwarming love romance cafe destiny paris serendipity art serendipity paris heartwarming love romance cafe destiny paris serendipity art serendipity paris heartwarming rain tapped gently cafe windows overlooking montmartre cobblestone alley blurring amber streetlights soft watercolor halos orchestra swelled breathtaking waltz offered hand gentle questioning smile sweeping across polished parquet floor beneath glistening crystal chandeliers rhythm music mirrored steady joyful beating hearts morning sun kissed rooftops montmartre cobblestone alley knew started chance meeting turned lifetime love,86,1
ST-0122,Letters from Letters Across the Sea,"It was the kind of crisp, unforgettable autumn afternoon in Coastal Harbor Boardwalk where chance encounters feel destined by the stars.

Finding the same rare edition of sonnets tucked on a high shelf, their fingers brushed against the leather spine. What began as an apology blossomed into an effortless conversation over steaming porcelain cups of tea that lasted until closing time.

Hand in hand, they stepped into the future together, leaving behind the memories of solitude forever.",Romance,Letters Across the Sea,Coastal Harbor Boardwalk,Poignant,"letters, penpal, ocean, lighthouse, waiting, heartfelt, reunion, romance, letters across the sea, poignant",letters letters across sea letters letters across sea romance romance romance letters across sea letters across sea coastal harbor boardwalk coastal harbor boardwalk poignant poignant letters penpal ocean lighthouse waiting heartfelt reunion romance letters across sea poignant letters penpal ocean lighthouse waiting heartfelt reunion romance letters across sea poignant kind crisp unforgettable autumn afternoon coastal harbor boardwalk chance encounters feel destined stars finding rare edition sonnets tucked high shelf fingers brushed leather spine began apology blossomed effortless conversation steaming porcelain cups tea lasted closing time hand hand stepped future together leaving behind memories solitude forever,77,1
ST-0123,The Melody of Waltz at Midnight,"Among the bustling crowds of Viennese Grand Ballroom, their eyes met across the room, and the frantic noise of the city seemed to fade into silence.

Walking along the lantern-lit waterfront as waves lapped softly against the wooden pilings, he reached out and gently intertwined his fingers with hers. Words became unnecessary as the silent understanding between them filled the evening.

Underneath the starlit canopy of Viennese Grand Ballroom, they promised that no matter what storms life brought, their hearts had finally found their permanent home.",Romance,Waltz at Midnight,Viennese Grand Ballroom,Enchanting,"waltz, orchestra, chandelier, dance, gown, violin, gaze, romance, waltz at midnight, enchanting",melody waltz midnight melody waltz midnight romance romance romance waltz midnight waltz midnight viennese grand ballroom viennese grand ballroom enchanting enchanting waltz orchestra chandelier dance gown violin gaze romance waltz midnight enchanting waltz orchestra chandelier dance gown violin gaze romance waltz midnight enchanting among bustling crowds viennese grand ballroom eyes met across room frantic noise city seemed fade silence walking along lantern lit waterfront waves lapped softly wooden pilings reached gently intertwined fingers words became unnecessary silent understanding filled evening underneath starlit canopy viennese grand ballroom promised matter storms life brought hearts finally found permanent home,86,1
ST-0124,Serendipity at The Bookshop Encounter,"Years had passed since they last walked the familiar pathways of Old Bloomsbury Antiquarian, yet every stone and archway still remembered their shared laughter.

Sharing an umbrella beneath the sudden downpour, they spoke for hours about forgotten dreams, favorite verses of poetry, and childhood memories. Every shared glance carried an electric warmth that made the chill evening air feel like midsummer.

With a lingering smile and a promise for tomorrow, they walked together into the glowing night, their story just beginning.",Romance,The Bookshop Encounter,Old Bloomsbury Antiquarian,Sweet,"bookstore, poetry, rain, coffee, first glance, shared smile, romance, the bookshop encounter, sweet",serendipity bookshop encounter serendipity bookshop encounter romance romance romance bookshop encounter bookshop encounter old bloomsbury antiquarian old bloomsbury antiquarian sweet sweet bookstore poetry rain coffee first glance shared smile romance bookshop encounter sweet bookstore poetry rain coffee first glance shared smile romance bookshop encounter sweet years passed since last walked familiar pathways old bloomsbury antiquarian yet every stone archway still remembered shared laughter sharing umbrella beneath sudden downpour spoke hours forgotten dreams favorite verses poetry childhood memories every shared glance carried electric warmth made chill evening air feel like midsummer lingering smile promise tomorrow walked together glowing night story just beginning,81,1
ST-0125,A Promise in Summer in Tuscany,"The sweet aroma of jasmine and fresh rain lingered in Sunlit Olive Grove, creating an atmosphere ripe for unexpected beginnings.

As the orchestra swelled into a breathtaking waltz, he offered his hand with a gentle, questioning smile. Sweeping across the polished parquet floor beneath glistening crystal chandeliers, the rhythm of the music mirrored the steady, joyful beating of their hearts.

As the morning sun kissed the rooftops of Sunlit Olive Grove, they knew that what started as a chance meeting had turned into a lifetime of love.",Romance,Summer in Tuscany,Sunlit Olive Grove,Romantic,"vineyard, sunset, tuscany, wine, laughter, golden hour, summer, romance, summer in tuscany, romantic",promise summer tuscany promise summer tuscany romance romance romance summer tuscany summer tuscany sunlit olive grove sunlit olive grove romantic romantic vineyard sunset tuscany wine laughter golden hour summer romance summer tuscany romantic vineyard sunset tuscany wine laughter golden hour summer romance summer tuscany romantic sweet aroma jasmine fresh rain lingered sunlit olive grove creating atmosphere ripe unexpected beginnings orchestra swelled breathtaking waltz offered hand gentle questioning smile sweeping across polished parquet floor beneath glistening crystal chandeliers rhythm music mirrored steady joyful beating hearts morning sun kissed rooftops sunlit olive grove knew started chance meeting turned lifetime love,87,1
ST-0126,The Waltz of Winter Hearth Promise,"Rain tapped gently against the cafe windows overlooking Snowed-In Alpine Cabin, blurring the amber streetlights into soft watercolor halos.

Finding the same rare edition of sonnets tucked on a high shelf, their fingers brushed against the leather spine. What began as an apology blossomed into an effortless conversation over steaming porcelain cups of tea that lasted until closing time.

Hand in hand, they stepped into the future together, leaving behind the memories of solitude forever.",Romance,Winter Hearth Promise,Snowed-In Alpine Cabin,Cozy,"fireplace, snow, cabin, blanket, whisper, tea, forever, romance, winter hearth promise, cozy",waltz winter hearth promise waltz winter hearth promise romance romance romance winter hearth promise winter hearth promise snowed alpine cabin snowed alpine cabin cozy cozy fireplace snow cabin blanket whisper tea forever romance winter hearth promise cozy fireplace snow cabin blanket whisper tea forever romance winter hearth promise cozy rain tapped gently cafe windows overlooking snowed alpine cabin blurring amber streetlights soft watercolor halos finding rare edition sonnets tucked high shelf fingers brushed leather spine began apology blossomed effortless conversation steaming porcelain cups tea lasted closing time hand hand stepped future together leaving behind memories solitude forever,75,1
ST-0127,Midnight in Stargazing by the Lake,"It was the kind of crisp, unforgettable autumn afternoon in Quiet Mountain Shore where chance encounters feel destined by the stars.

Walking along the lantern-lit waterfront as waves lapped softly against the wooden pilings, he reached out and gently intertwined his fingers with hers. Words became unnecessary as the silent understanding between them filled the evening.

Underneath the starlit canopy of Quiet Mountain Shore, they promised that no matter what storms life brought, their hearts had finally found their permanent home.",Romance,Stargazing by the Lake,Quiet Mountain Shore,Tender,"stars, reflection, lake, constellations, hand in hand, gentle, romance, stargazing by the lake, tender",midnight stargazing lake midnight stargazing lake romance romance romance stargazing lake stargazing lake quiet mountain shore quiet mountain shore tender tender stars reflection lake constellations hand hand gentle romance stargazing lake tender stars reflection lake constellations hand hand gentle romance stargazing lake tender kind crisp unforgettable autumn afternoon quiet mountain shore chance encounters feel destined stars walking along lantern lit waterfront waves lapped softly wooden pilings reached gently intertwined fingers words became unnecessary silent understanding filled evening underneath starlit canopy quiet mountain shore promised matter storms life brought hearts finally found permanent home,81,1
ST-0128,Echoes of Love in The Florist's Secret,"Among the bustling crowds of Covent Garden Flower Stall, their eyes met across the room, and the frantic noise of the city seemed to fade into silence.

Sharing an umbrella beneath the sudden downpour, they spoke for hours about forgotten dreams, favorite verses of poetry, and childhood memories. Every shared glance carried an electric warmth that made the chill evening air feel like midsummer.

With a lingering smile and a promise for tomorrow, they walked together into the glowing night, their story just beginning.",Romance,The Florist's Secret,Covent Garden Flower Stall,Charming,"roses, bouquets, spring, secret admirer, ribbon, blossom, romance, the florist's secret, charming",echoes love florist secret echoes love florist secret romance romance romance florist secret florist secret covent garden flower stall covent garden flower stall charming charming roses bouquets spring secret admirer ribbon blossom romance florist secret charming roses bouquets spring secret admirer ribbon blossom romance florist secret charming among bustling crowds covent garden flower stall eyes met across room frantic noise city seemed fade silence sharing umbrella beneath sudden downpour spoke hours forgotten dreams favorite verses poetry childhood memories every shared glance carried electric warmth made chill evening air feel like midsummer lingering smile promise tomorrow walked together glowing night story just beginning,84,1
ST-0129,Under the Stars of Serendipity in Paris,"Years had passed since they last walked the familiar pathways of Montmartre Cobblestone Alley, yet every stone and archway still remembered their shared laughter.

As the orchestra swelled into a breathtaking waltz, he offered his hand with a gentle, questioning smile. Sweeping across the polished parquet floor beneath glistening crystal chandeliers, the rhythm of the music mirrored the steady, joyful beating of their hearts.

As the morning sun kissed the rooftops of Montmartre Cobblestone Alley, they knew that what started as a chance meeting had turned into a lifetime of love.",Romance,Serendipity in Paris,Montmartre Cobblestone Alley,Heartwarming,"love, romance, cafe, destiny, paris, serendipity, art, serendipity in paris, heartwarming",stars serendipity paris stars serendipity paris romance romance romance serendipity paris serendipity paris montmartre cobblestone alley montmartre cobblestone alley heartwarming heartwarming love romance cafe destiny paris serendipity art serendipity paris heartwarming love romance cafe destiny paris serendipity art serendipity paris heartwarming years passed since last walked familiar pathways montmartre cobblestone alley yet every stone archway still remembered shared laughter orchestra swelled breathtaking waltz offered hand gentle questioning smile sweeping across polished parquet floor beneath glistening crystal chandeliers rhythm music mirrored steady joyful beating hearts morning sun kissed rooftops montmartre cobblestone alley knew started chance meeting turned lifetime love,91,1
ST-0130,A Heart in Letters Across the Sea,"The sweet aroma of jasmine and fresh rain lingered in Coastal Harbor Boardwalk, creating an atmosphere ripe for unexpected beginnings.

Finding the same rare edition of sonnets tucked on a high shelf, their fingers brushed against the leather spine. What began as an apology blossomed into an effortless conversation over steaming porcelain cups of tea that lasted until closing time.

Hand in hand, they stepped into the future together, leaving behind the memories of solitude forever.",Romance,Letters Across the Sea,Coastal Harbor Boardwalk,Poignant,"letters, penpal, ocean, lighthouse, waiting, heartfelt, reunion, romance, letters across the sea, poignant",heart letters across sea heart letters across sea romance romance romance letters across sea letters across sea coastal harbor boardwalk coastal harbor boardwalk poignant poignant letters penpal ocean lighthouse waiting heartfelt reunion romance letters across sea poignant letters penpal ocean lighthouse waiting heartfelt reunion romance letters across sea poignant sweet aroma jasmine fresh rain lingered coastal harbor boardwalk creating atmosphere ripe unexpected beginnings finding rare edition sonnets tucked high shelf fingers brushed leather spine began apology blossomed effortless conversation steaming porcelain cups tea lasted closing time hand hand stepped future together leaving behind memories solitude forever,76,1
ST-0131,A Sunset in Waltz at Midnight,"Rain tapped gently against the cafe windows overlooking Viennese Grand Ballroom, blurring the amber streetlights into soft watercolor halos.

Walking along the lantern-lit waterfront as waves lapped softly against the wooden pilings, he reached out and gently intertwined his fingers with hers. Words became unnecessary as the silent understanding between them filled the evening.

Underneath the starlit canopy of Viennese Grand Ballroom, they promised that no matter what storms life brought, their hearts had finally found their permanent home.",Romance,Waltz at Midnight,Viennese Grand Ballroom,Enchanting,"waltz, orchestra, chandelier, dance, gown, violin, gaze, romance, waltz at midnight, enchanting",sunset waltz midnight sunset waltz midnight romance romance romance waltz midnight waltz midnight viennese grand ballroom viennese grand ballroom enchanting enchanting waltz orchestra chandelier dance gown violin gaze romance waltz midnight enchanting waltz orchestra chandelier dance gown violin gaze romance waltz midnight enchanting rain tapped gently cafe windows overlooking viennese grand ballroom blurring amber streetlights soft watercolor halos walking along lantern lit waterfront waves lapped softly wooden pilings reached gently intertwined fingers words became unnecessary silent understanding filled evening underneath starlit canopy viennese grand ballroom promised matter storms life brought hearts finally found permanent home,79,1
ST-0132,Letters from The Bookshop Encounter,"It was the kind of crisp, unforgettable autumn afternoon in Old Bloomsbury Antiquarian where chance encounters feel destined by the stars.

Sharing an umbrella beneath the sudden downpour, they spoke for hours about forgotten dreams, favorite verses of poetry, and childhood memories. Every shared glance carried an electric warmth that made the chill evening air feel like midsummer.

With a lingering smile and a promise for tomorrow, they walked together into the glowing night, their story just beginning.",Romance,The Bookshop Encounter,Old Bloomsbury Antiquarian,Sweet,"bookstore, poetry, rain, coffee, first glance, shared smile, romance, the bookshop encounter, sweet",letters bookshop encounter letters bookshop encounter romance romance romance bookshop encounter bookshop encounter old bloomsbury antiquarian old bloomsbury antiquarian sweet sweet bookstore poetry rain coffee first glance shared smile romance bookshop encounter sweet bookstore poetry rain coffee first glance shared smile romance bookshop encounter sweet kind crisp unforgettable autumn afternoon old bloomsbury antiquarian chance encounters feel destined stars sharing umbrella beneath sudden downpour spoke hours forgotten dreams favorite verses poetry childhood memories every shared glance carried electric warmth made chill evening air feel like midsummer lingering smile promise tomorrow walked together glowing night story just beginning,78,1
ST-0133,The Melody of Summer in Tuscany,"Among the bustling crowds of Sunlit Olive Grove, their eyes met across the room, and the frantic noise of the city seemed to fade into silence.

As the orchestra swelled into a breathtaking waltz, he offered his hand with a gentle, questioning smile. Sweeping across the polished parquet floor beneath glistening crystal chandeliers, the rhythm of the music mirrored the steady, joyful beating of their hearts.

As the morning sun kissed the rooftops of Sunlit Olive Grove, they knew that what started as a chance meeting had turned into a lifetime of love.",Romance,Summer in Tuscany,Sunlit Olive Grove,Romantic,"vineyard, sunset, tuscany, wine, laughter, golden hour, summer, romance, summer in tuscany, romantic",melody summer tuscany melody summer tuscany romance romance romance summer tuscany summer tuscany sunlit olive grove sunlit olive grove romantic romantic vineyard sunset tuscany wine laughter golden hour summer romance summer tuscany romantic vineyard sunset tuscany wine laughter golden hour summer romance summer tuscany romantic among bustling crowds sunlit olive grove eyes met across room frantic noise city seemed fade silence orchestra swelled breathtaking waltz offered hand gentle questioning smile sweeping across polished parquet floor beneath glistening crystal chandeliers rhythm music mirrored steady joyful beating hearts morning sun kissed rooftops sunlit olive grove knew started chance meeting turned lifetime love,93,1
ST-0134,Serendipity at Winter Hearth Promise,"Years had passed since they last walked the familiar pathways of Snowed-In Alpine Cabin, yet every stone and archway still remembered their shared laughter.

Finding the same rare edition of sonnets tucked on a high shelf, their fingers brushed against the leather spine. What began as an apology blossomed into an effortless conversation over steaming porcelain cups of tea that lasted until closing time.

Hand in hand, they stepped into the future together, leaving behind the memories of solitude forever.",Romance,Winter Hearth Promise,Snowed-In Alpine Cabin,Cozy,"fireplace, snow, cabin, blanket, whisper, tea, forever, romance, winter hearth promise, cozy",serendipity winter hearth promise serendipity winter hearth promise romance romance romance winter hearth promise winter hearth promise snowed alpine cabin snowed alpine cabin cozy cozy fireplace snow cabin blanket whisper tea forever romance winter hearth promise cozy fireplace snow cabin blanket whisper tea forever romance winter hearth promise cozy years passed since last walked familiar pathways snowed alpine cabin yet every stone archway still remembered shared laughter finding rare edition sonnets tucked high shelf fingers brushed leather spine began apology blossomed effortless conversation steaming porcelain cups tea lasted closing time hand hand stepped future together leaving behind memories solitude forever,80,1
ST-0135,A Promise in Stargazing by the Lake,"The sweet aroma of jasmine and fresh rain lingered in Quiet Mountain Shore, creating an atmosphere ripe for unexpected beginnings.

Walking along the lantern-lit waterfront as waves lapped softly against the wooden pilings, he reached out and gently intertwined his fingers with hers. Words became unnecessary as the silent understanding between them filled the evening.

Underneath the starlit canopy of Quiet Mountain Shore, they promised that no matter what storms life brought, their hearts had finally found their permanent home.",Romance,Stargazing by the Lake,Quiet Mountain Shore,Tender,"stars, reflection, lake, constellations, hand in hand, gentle, romance, stargazing by the lake, tender",promise stargazing lake promise stargazing lake romance romance romance stargazing lake stargazing lake quiet mountain shore quiet mountain shore tender tender stars reflection lake constellations hand hand gentle romance stargazing lake tender stars reflection lake constellations hand hand gentle romance stargazing lake tender sweet aroma jasmine fresh rain lingered quiet mountain shore creating atmosphere ripe unexpected beginnings walking along lantern lit waterfront waves lapped softly wooden pilings reached gently intertwined fingers words became unnecessary silent understanding filled evening underneath starlit canopy quiet mountain shore promised matter storms life brought hearts finally found permanent home,80,1
ST-0136,The Waltz of The Florist's Secret,"Rain tapped gently against the cafe windows overlooking Covent Garden Flower Stall, blurring the amber streetlights into soft watercolor halos.

Sharing an umbrella beneath the sudden downpour, they spoke for hours about forgotten dreams, favorite verses of poetry, and childhood memories. Every shared glance carried an electric warmth that made the chill evening air feel like midsummer.

With a lingering smile and a promise for tomorrow, they walked together into the glowing night, their story just beginning.",Romance,The Florist's Secret,Covent Garden Flower Stall,Charming,"roses, bouquets, spring, secret admirer, ribbon, blossom, romance, the florist's secret, charming",waltz florist secret waltz florist secret romance romance romance florist secret florist secret covent garden flower stall covent garden flower stall charming charming roses bouquets spring secret admirer ribbon blossom romance florist secret charming roses bouquets spring secret admirer ribbon blossom romance florist secret charming rain tapped gently cafe windows overlooking covent garden flower stall blurring amber streetlights soft watercolor halos sharing umbrella beneath sudden downpour spoke hours forgotten dreams favorite verses poetry childhood memories every shared glance carried electric warmth made chill evening air feel like midsummer lingering smile promise tomorrow walked together glowing night story just beginning,77,1
ST-0137,Midnight in Serendipity in Paris,"It was the kind of crisp, unforgettable autumn afternoon in Montmartre Cobblestone Alley where chance encounters feel destined by the stars.

As the orchestra swelled into a breathtaking waltz, he offered his hand with a gentle, questioning smile. Sweeping across the polished parquet floor beneath glistening crystal chandeliers, the rhythm of the music mirrored the steady, joyful beating of their hearts.

As the morning sun kissed the rooftops of Montmartre Cobblestone Alley, they knew that what started as a chance meeting had turned into a lifetime of love.",Romance,Serendipity in Paris,Montmartre Cobblestone Alley,Heartwarming,"love, romance, cafe, destiny, paris, serendipity, art, serendipity in paris, heartwarming",midnight serendipity paris midnight serendipity paris romance romance romance serendipity paris serendipity paris montmartre cobblestone alley montmartre cobblestone alley heartwarming heartwarming love romance cafe destiny paris serendipity art serendipity paris heartwarming love romance cafe destiny paris serendipity art serendipity paris heartwarming kind crisp unforgettable autumn afternoon montmartre cobblestone alley chance encounters feel destined stars orchestra swelled breathtaking waltz offered hand gentle questioning smile sweeping across polished parquet floor beneath glistening crystal chandeliers rhythm music mirrored steady joyful beating hearts morning sun kissed rooftops montmartre cobblestone alley knew started chance meeting turned lifetime love,88,1
ST-0138,Echoes of Love in Letters Across the Sea,"Among the bustling crowds of Coastal Harbor Boardwalk, their eyes met across the room, and the frantic noise of the city seemed to fade into silence.

Finding the same rare edition of sonnets tucked on a high shelf, their fingers brushed against the leather spine. What began as an apology blossomed into an effortless conversation over steaming porcelain cups of tea that lasted until closing time.

Hand in hand, they stepped into the future together, leaving behind the memories of solitude forever.",Romance,Letters Across the Sea,Coastal Harbor Boardwalk,Poignant,"letters, penpal, ocean, lighthouse, waiting, heartfelt, reunion, romance, letters across the sea, poignant",echoes love letters across sea echoes love letters across sea romance romance romance letters across sea letters across sea coastal harbor boardwalk coastal harbor boardwalk poignant poignant letters penpal ocean lighthouse waiting heartfelt reunion romance letters across sea poignant letters penpal ocean lighthouse waiting heartfelt reunion romance letters across sea poignant among bustling crowds coastal harbor boardwalk eyes met across room frantic noise city seemed fade silence finding rare edition sonnets tucked high shelf fingers brushed leather spine began apology blossomed effortless conversation steaming porcelain cups tea lasted closing time hand hand stepped future together leaving behind memories solitude forever,82,1
ST-0139,Under the Stars of Waltz at Midnight,"Years had passed since they last walked the familiar pathways of Viennese Grand Ballroom, yet every stone and archway still remembered their shared laughter.

Walking along the lantern-lit waterfront as waves lapped softly against the wooden pilings, he reached out and gently intertwined his fingers with hers. Words became unnecessary as the silent understanding between them filled the evening.

Underneath the starlit canopy of Viennese Grand Ballroom, they promised that no matter what storms life brought, their hearts had finally found their permanent home.",Romance,Waltz at Midnight,Viennese Grand Ballroom,Enchanting,"waltz, orchestra, chandelier, dance, gown, violin, gaze, romance, waltz at midnight, enchanting",stars waltz midnight stars waltz midnight romance romance romance waltz midnight waltz midnight viennese grand ballroom viennese grand ballroom enchanting enchanting waltz orchestra chandelier dance gown violin gaze romance waltz midnight enchanting waltz orchestra chandelier dance gown violin gaze romance waltz midnight enchanting years passed since last walked familiar pathways viennese grand ballroom yet every stone archway still remembered shared laughter walking along lantern lit waterfront waves lapped softly wooden pilings reached gently intertwined fingers words became unnecessary silent understanding filled evening underneath starlit canopy viennese grand ballroom promised matter storms life brought hearts finally found permanent home,84,1
ST-0140,A Heart in The Bookshop Encounter,"The sweet aroma of jasmine and fresh rain lingered in Old Bloomsbury Antiquarian, creating an atmosphere ripe for unexpected beginnings.

Sharing an umbrella beneath the sudden downpour, they spoke for hours about forgotten dreams, favorite verses of poetry, and childhood memories. Every shared glance carried an electric warmth that made the chill evening air feel like midsummer.

With a lingering smile and a promise for tomorrow, they walked together into the glowing night, their story just beginning.",Romance,The Bookshop Encounter,Old Bloomsbury Antiquarian,Sweet,"bookstore, poetry, rain, coffee, first glance, shared smile, romance, the bookshop encounter, sweet",heart bookshop encounter heart bookshop encounter romance romance romance bookshop encounter bookshop encounter old bloomsbury antiquarian old bloomsbury antiquarian sweet sweet bookstore poetry rain coffee first glance shared smile romance bookshop encounter sweet bookstore poetry rain coffee first glance shared smile romance bookshop encounter sweet sweet aroma jasmine fresh rain lingered old bloomsbury antiquarian creating atmosphere ripe unexpected beginnings sharing umbrella beneath sudden downpour spoke hours forgotten dreams favorite verses poetry childhood memories every shared glance carried electric warmth made chill evening air feel like midsummer lingering smile promise tomorrow walked together glowing night story just beginning,77,1
ST-0141,A Sunset in Summer in Tuscany,"Rain tapped gently against the cafe windows overlooking Sunlit Olive Grove, blurring the amber streetlights into soft watercolor halos.

As the orchestra swelled into a breathtaking waltz, he offered his hand with a gentle, questioning smile. Sweeping across the polished parquet floor beneath glistening crystal chandeliers, the rhythm of the music mirrored the steady, joyful beating of their hearts.

As the morning sun kissed the rooftops of Sunlit Olive Grove, they knew that what started as a chance meeting had turned into a lifetime of love.",Romance,Summer in Tuscany,Sunlit Olive Grove,Romantic,"vineyard, sunset, tuscany, wine, laughter, golden hour, summer, romance, summer in tuscany, romantic",sunset summer tuscany sunset summer tuscany romance romance romance summer tuscany summer tuscany sunlit olive grove sunlit olive grove romantic romantic vineyard sunset tuscany wine laughter golden hour summer romance summer tuscany romantic vineyard sunset tuscany wine laughter golden hour summer romance summer tuscany romantic rain tapped gently cafe windows overlooking sunlit olive grove blurring amber streetlights soft watercolor halos orchestra swelled breathtaking waltz offered hand gentle questioning smile sweeping across polished parquet floor beneath glistening crystal chandeliers rhythm music mirrored steady joyful beating hearts morning sun kissed rooftops sunlit olive grove knew started chance meeting turned lifetime love,86,1
ST-0142,Letters from Winter Hearth Promise,"It was the kind of crisp, unforgettable autumn afternoon in Snowed-In Alpine Cabin where chance encounters feel destined by the stars.

Finding the same rare edition of sonnets tucked on a high shelf, their fingers brushed against the leather spine. What began as an apology blossomed into an effortless conversation over steaming porcelain cups of tea that lasted until closing time.

Hand in hand, they stepped into the future together, leaving behind the memories of solitude forever.",Romance,Winter Hearth Promise,Snowed-In Alpine Cabin,Cozy,"fireplace, snow, cabin, blanket, whisper, tea, forever, romance, winter hearth promise, cozy",letters winter hearth promise letters winter hearth promise romance romance romance winter hearth promise winter hearth promise snowed alpine cabin snowed alpine cabin cozy cozy fireplace snow cabin blanket whisper tea forever romance winter hearth promise cozy fireplace snow cabin blanket whisper tea forever romance winter hearth promise cozy kind crisp unforgettable autumn afternoon snowed alpine cabin chance encounters feel destined stars finding rare edition sonnets tucked high shelf fingers brushed leather spine began apology blossomed effortless conversation steaming porcelain cups tea lasted closing time hand hand stepped future together leaving behind memories solitude forever,77,1
ST-0143,The Melody of Stargazing by the Lake,"Among the bustling crowds of Quiet Mountain Shore, their eyes met across the room, and the frantic noise of the city seemed to fade into silence.

Walking along the lantern-lit waterfront as waves lapped softly against the wooden pilings, he reached out and gently intertwined his fingers with hers. Words became unnecessary as the silent understanding between them filled the evening.

Underneath the starlit canopy of Quiet Mountain Shore, they promised that no matter what storms life brought, their hearts had finally found their permanent home.",Romance,Stargazing by the Lake,Quiet Mountain Shore,Tender,"stars, reflection, lake, constellations, hand in hand, gentle, romance, stargazing by the lake, tender",melody stargazing lake melody stargazing lake romance romance romance stargazing lake stargazing lake quiet mountain shore quiet mountain shore tender tender stars reflection lake constellations hand hand gentle romance stargazing lake tender stars reflection lake constellations hand hand gentle romance stargazing lake tender among bustling crowds quiet mountain shore eyes met across room frantic noise city seemed fade silence walking along lantern lit waterfront waves lapped softly wooden pilings reached gently intertwined fingers words became unnecessary silent understanding filled evening underneath starlit canopy quiet mountain shore promised matter storms life brought hearts finally found permanent home,86,1
ST-0144,Serendipity at The Florist's Secret,"Years had passed since they last walked the familiar pathways of Covent Garden Flower Stall, yet every stone and archway still remembered their shared laughter.

Sharing an umbrella beneath the sudden downpour, they spoke for hours about forgotten dreams, favorite verses of poetry, and childhood memories. Every shared glance carried an electric warmth that made the chill evening air feel like midsummer.

With a lingering smile and a promise for tomorrow, they walked together into the glowing night, their story just beginning.",Romance,The Florist's Secret,Covent Garden Flower Stall,Charming,"roses, bouquets, spring, secret admirer, ribbon, blossom, romance, the florist's secret, charming",serendipity florist secret serendipity florist secret romance romance romance florist secret florist secret covent garden flower stall covent garden flower stall charming charming roses bouquets spring secret admirer ribbon blossom romance florist secret charming roses bouquets spring secret admirer ribbon blossom romance florist secret charming years passed since last walked familiar pathways covent garden flower stall yet every stone archway still remembered shared laughter sharing umbrella beneath sudden downpour spoke hours forgotten dreams favorite verses poetry childhood memories every shared glance carried electric warmth made chill evening air feel like midsummer lingering smile promise tomorrow walked together glowing night story just beginning,82,1
ST-0145,A Promise in Serendipity in Paris,"The sweet aroma of jasmine and fresh rain lingered in Montmartre Cobblestone Alley, creating an atmosphere ripe for unexpected beginnings.

As the orchestra swelled into a breathtaking waltz, he offered his hand with a gentle, questioning smile. Sweeping across the polished parquet floor beneath glistening crystal chandeliers, the rhythm of the music mirrored the steady, joyful beating of their hearts.

As the morning sun kissed the rooftops of Montmartre Cobblestone Alley, they knew that what started as a chance meeting had turned into a lifetime of love.",Romance,Serendipity in Paris,Montmartre Cobblestone Alley,Heartwarming,"love, romance, cafe, destiny, paris, serendipity, art, serendipity in paris, heartwarming",promise serendipity paris promise serendipity paris romance romance romance serendipity paris serendipity paris montmartre cobblestone alley montmartre cobblestone alley heartwarming heartwarming love romance cafe destiny paris serendipity art serendipity paris heartwarming love romance cafe destiny paris serendipity art serendipity paris heartwarming sweet aroma jasmine fresh rain lingered montmartre cobblestone alley creating atmosphere ripe unexpected beginnings orchestra swelled breathtaking waltz offered hand gentle questioning smile sweeping across polished parquet floor beneath glistening crystal chandeliers rhythm music mirrored steady joyful beating hearts morning sun kissed rooftops montmartre cobblestone alley knew started chance meeting turned lifetime love,87,1
ST-0146,The Waltz of Letters Across the Sea,"Rain tapped gently against the cafe windows overlooking Coastal Harbor Boardwalk, blurring the amber streetlights into soft watercolor halos.

Finding the same rare edition of sonnets tucked on a high shelf, their fingers brushed against the leather spine. What began as an apology blossomed into an effortless conversation over steaming porcelain cups of tea that lasted until closing time.

Hand in hand, they stepped into the future together, leaving behind the memories of solitude forever.",Romance,Letters Across the Sea,Coastal Harbor Boardwalk,Poignant,"letters, penpal, ocean, lighthouse, waiting, heartfelt, reunion, romance, letters across the sea, poignant",waltz letters across sea waltz letters across sea romance romance romance letters across sea letters across sea coastal harbor boardwalk coastal harbor boardwalk poignant poignant letters penpal ocean lighthouse waiting heartfelt reunion romance letters across sea poignant letters penpal ocean lighthouse waiting heartfelt reunion romance letters across sea poignant rain tapped gently cafe windows overlooking coastal harbor boardwalk blurring amber streetlights soft watercolor halos finding rare edition sonnets tucked high shelf fingers brushed leather spine began apology blossomed effortless conversation steaming porcelain cups tea lasted closing time hand hand stepped future together leaving behind memories solitude forever,75,1
ST-0147,Midnight in Waltz at Midnight,"It was the kind of crisp, unforgettable autumn afternoon in Viennese Grand Ballroom where chance encounters feel destined by the stars.

Walking along the lantern-lit waterfront as waves lapped softly against the wooden pilings, he reached out and gently intertwined his fingers with hers. Words became unnecessary as the silent understanding between them filled the evening.

Underneath the starlit canopy of Viennese Grand Ballroom, they promised that no matter what storms life brought, their hearts had finally found their permanent home.",Romance,Waltz at Midnight,Viennese Grand Ballroom,Enchanting,"waltz, orchestra, chandelier, dance, gown, violin, gaze, romance, waltz at midnight, enchanting",midnight waltz midnight midnight waltz midnight romance romance romance waltz midnight waltz midnight viennese grand ballroom viennese grand ballroom enchanting enchanting waltz orchestra chandelier dance gown violin gaze romance waltz midnight enchanting waltz orchestra chandelier dance gown violin gaze romance waltz midnight enchanting kind crisp unforgettable autumn afternoon viennese grand ballroom chance encounters feel destined stars walking along lantern lit waterfront waves lapped softly wooden pilings reached gently intertwined fingers words became unnecessary silent understanding filled evening underneath starlit canopy viennese grand ballroom promised matter storms life brought hearts finally found permanent home,81,1
ST-0148,Echoes of Love in The Bookshop Encounter,"Among the bustling crowds of Old Bloomsbury Antiquarian, their eyes met across the room, and the frantic noise of the city seemed to fade into silence.

Sharing an umbrella beneath the sudden downpour, they spoke for hours about forgotten dreams, favorite verses of poetry, and childhood memories. Every shared glance carried an electric warmth that made the chill evening air feel like midsummer.

With a lingering smile and a promise for tomorrow, they walked together into the glowing night, their story just beginning.",Romance,The Bookshop Encounter,Old Bloomsbury Antiquarian,Sweet,"bookstore, poetry, rain, coffee, first glance, shared smile, romance, the bookshop encounter, sweet",echoes love bookshop encounter echoes love bookshop encounter romance romance romance bookshop encounter bookshop encounter old bloomsbury antiquarian old bloomsbury antiquarian sweet sweet bookstore poetry rain coffee first glance shared smile romance bookshop encounter sweet bookstore poetry rain coffee first glance shared smile romance bookshop encounter sweet among bustling crowds old bloomsbury antiquarian eyes met across room frantic noise city seemed fade silence sharing umbrella beneath sudden downpour spoke hours forgotten dreams favorite verses poetry childhood memories every shared glance carried electric warmth made chill evening air feel like midsummer lingering smile promise tomorrow walked together glowing night story just beginning,83,1
ST-0149,Under the Stars of Summer in Tuscany,"Years had passed since they last walked the familiar pathways of Sunlit Olive Grove, yet every stone and archway still remembered their shared laughter.

As the orchestra swelled into a breathtaking waltz, he offered his hand with a gentle, questioning smile. Sweeping across the polished parquet floor beneath glistening crystal chandeliers, the rhythm of the music mirrored the steady, joyful beating of their hearts.

As the morning sun kissed the rooftops of Sunlit Olive Grove, they knew that what started as a chance meeting had turned into a lifetime of love.",Romance,Summer in Tuscany,Sunlit Olive Grove,Romantic,"vineyard, sunset, tuscany, wine, laughter, golden hour, summer, romance, summer in tuscany, romantic",stars summer tuscany stars summer tuscany romance romance romance summer tuscany summer tuscany sunlit olive grove sunlit olive grove romantic romantic vineyard sunset tuscany wine laughter golden hour summer romance summer tuscany romantic vineyard sunset tuscany wine laughter golden hour summer romance summer tuscany romantic years passed since last walked familiar pathways sunlit olive grove yet every stone archway still remembered shared laughter orchestra swelled breathtaking waltz offered hand gentle questioning smile sweeping across polished parquet floor beneath glistening crystal chandeliers rhythm music mirrored steady joyful beating hearts morning sun kissed rooftops sunlit olive grove knew started chance meeting turned lifetime love,91,1
ST-0150,A Heart in Winter Hearth Promise,"The sweet aroma of jasmine and fresh rain lingered in Snowed-In Alpine Cabin, creating an atmosphere ripe for unexpected beginnings.

Finding the same rare edition of sonnets tucked on a high shelf, their fingers brushed against the leather spine. What began as an apology blossomed into an effortless conversation over steaming porcelain cups of tea that lasted until closing time.

Hand in hand, they stepped into the future together, leaving behind the memories of solitude forever.",Romance,Winter Hearth Promise,Snowed-In Alpine Cabin,Cozy,"fireplace, snow, cabin, blanket, whisper, tea, forever, romance, winter hearth promise, cozy",heart winter hearth promise heart winter hearth promise romance romance romance winter hearth promise winter hearth promise snowed alpine cabin snowed alpine cabin cozy cozy fireplace snow cabin blanket whisper tea forever romance winter hearth promise cozy fireplace snow cabin blanket whisper tea forever romance winter hearth promise cozy sweet aroma jasmine fresh rain lingered snowed alpine cabin creating atmosphere ripe unexpected beginnings finding rare edition sonnets tucked high shelf fingers brushed leather spine began apology blossomed effortless conversation steaming porcelain cups tea lasted closing time hand hand stepped future together leaving behind memories solitude forever,76,1
ST-0151,A Sunset in Stargazing by the Lake,"Rain tapped gently against the cafe windows overlooking Quiet Mountain Shore, blurring the amber streetlights into soft watercolor halos.

Walking along the lantern-lit waterfront as waves lapped softly against the wooden pilings, he reached out and gently intertwined his fingers with hers. Words became unnecessary as the silent understanding between them filled the evening.

Underneath the starlit canopy of Quiet Mountain Shore, they promised that no matter what storms life brought, their hearts had finally found their permanent home.",Romance,Stargazing by the Lake,Quiet Mountain Shore,Tender,"stars, reflection, lake, constellations, hand in hand, gentle, romance, stargazing by the lake, tender",sunset stargazing lake sunset stargazing lake romance romance romance stargazing lake stargazing lake quiet mountain shore quiet mountain shore tender tender stars reflection lake constellations hand hand gentle romance stargazing lake tender stars reflection lake constellations hand hand gentle romance stargazing lake tender rain tapped gently cafe windows overlooking quiet mountain shore blurring amber streetlights soft watercolor halos walking along lantern lit waterfront waves lapped softly wooden pilings reached gently intertwined fingers words became unnecessary silent understanding filled evening underneath starlit canopy quiet mountain shore promised matter storms life brought hearts finally found permanent home,79,1
ST-0152,Letters from The Florist's Secret,"It was the kind of crisp, unforgettable autumn afternoon in Covent Garden Flower Stall where chance encounters feel destined by the stars.

Sharing an umbrella beneath the sudden downpour, they spoke for hours about forgotten dreams, favorite verses of poetry, and childhood memories. Every shared glance carried an electric warmth that made the chill evening air feel like midsummer.

With a lingering smile and a promise for tomorrow, they walked together into the glowing night, their story just beginning.",Romance,The Florist's Secret,Covent Garden Flower Stall,Charming,"roses, bouquets, spring, secret admirer, ribbon, blossom, romance, the florist's secret, charming",letters florist secret letters florist secret romance romance romance florist secret florist secret covent garden flower stall covent garden flower stall charming charming roses bouquets spring secret admirer ribbon blossom romance florist secret charming roses bouquets spring secret admirer ribbon blossom romance florist secret charming kind crisp unforgettable autumn afternoon covent garden flower stall chance encounters feel destined stars sharing umbrella beneath sudden downpour spoke hours forgotten dreams favorite verses poetry childhood memories every shared glance carried electric warmth made chill evening air feel like midsummer lingering smile promise tomorrow walked together glowing night story just beginning,79,1
ST-0153,The Melody of Serendipity in Paris,"Among the bustling crowds of Montmartre Cobblestone Alley, their eyes met across the room, and the frantic noise of the city seemed to fade into silence.

As the orchestra swelled into a breathtaking waltz, he offered his hand with a gentle, questioning smile. Sweeping across the polished parquet floor beneath glistening crystal chandeliers, the rhythm of the music mirrored the steady, joyful beating of their hearts.

As the morning sun kissed the rooftops of Montmartre Cobblestone Alley, they knew that what started as a chance meeting had turned into a lifetime of love.",Romance,Serendipity in Paris,Montmartre Cobblestone Alley,Heartwarming,"love, romance, cafe, destiny, paris, serendipity, art, serendipity in paris, heartwarming",melody serendipity paris melody serendipity paris romance romance romance serendipity paris serendipity paris montmartre cobblestone alley montmartre cobblestone alley heartwarming heartwarming love romance cafe destiny paris serendipity art serendipity paris heartwarming love romance cafe destiny paris serendipity art serendipity paris heartwarming among bustling crowds montmartre cobblestone alley eyes met across room frantic noise city seemed fade silence orchestra swelled breathtaking waltz offered hand gentle questioning smile sweeping across polished parquet floor beneath glistening crystal chandeliers rhythm music mirrored steady joyful beating hearts morning sun kissed rooftops montmartre cobblestone alley knew started chance meeting turned lifetime love,93,1
ST-0154,Serendipity at Letters Across the Sea,"Years had passed since they last walked the familiar pathways of Coastal Harbor Boardwalk, yet every stone and archway still remembered their shared laughter.

Finding the same rare edition of sonnets tucked on a high shelf, their fingers brushed against the leather spine. What began as an apology blossomed into an effortless conversation over steaming porcelain cups of tea that lasted until closing time.

Hand in hand, they stepped into the future together, leaving behind the memories of solitude forever.",Romance,Letters Across the Sea,Coastal Harbor Boardwalk,Poignant,"letters, penpal, ocean, lighthouse, waiting, heartfelt, reunion, romance, letters across the sea, poignant",serendipity letters across sea serendipity letters across sea romance romance romance letters across sea letters across sea coastal harbor boardwalk coastal harbor boardwalk poignant poignant letters penpal ocean lighthouse waiting heartfelt reunion romance letters across sea poignant letters penpal ocean lighthouse waiting heartfelt reunion romance letters across sea poignant years passed since last walked familiar pathways coastal harbor boardwalk yet every stone archway still remembered shared laughter finding rare edition sonnets tucked high shelf fingers brushed leather spine began apology blossomed effortless conversation steaming porcelain cups tea lasted closing time hand hand stepped future together leaving behind memories solitude forever,80,1
ST-0155,A Promise in Waltz at Midnight,"The sweet aroma of jasmine and fresh rain lingered in Viennese Grand Ballroom, creating an atmosphere ripe for unexpected beginnings.

Walking along the lantern-lit waterfront as waves lapped softly against the wooden pilings, he reached out and gently intertwined his fingers with hers. Words became unnecessary as the silent understanding between them filled the evening.

Underneath the starlit canopy of Viennese Grand Ballroom, they promised that no matter what storms life brought, their hearts had finally found their permanent home.",Romance,Waltz at Midnight,Viennese Grand Ballroom,Enchanting,"waltz, orchestra, chandelier, dance, gown, violin, gaze, romance, waltz at midnight, enchanting",promise waltz midnight promise waltz midnight romance romance romance waltz midnight waltz midnight viennese grand ballroom viennese grand ballroom enchanting enchanting waltz orchestra chandelier dance gown violin gaze romance waltz midnight enchanting waltz orchestra chandelier dance gown violin gaze romance waltz midnight enchanting sweet aroma jasmine fresh rain lingered viennese grand ballroom creating atmosphere ripe unexpected beginnings walking along lantern lit waterfront waves lapped softly wooden pilings reached gently intertwined fingers words became unnecessary silent understanding filled evening underneath starlit canopy viennese grand ballroom promised matter storms life brought hearts finally found permanent home,80,1
ST-0156,The Waltz of The Bookshop Encounter,"Rain tapped gently against the cafe windows overlooking Old Bloomsbury Antiquarian, blurring the amber streetlights into soft watercolor halos.

Sharing an umbrella beneath the sudden downpour, they spoke for hours about forgotten dreams, favorite verses of poetry, and childhood memories. Every shared glance carried an electric warmth that made the chill evening air feel like midsummer.

With a lingering smile and a promise for tomorrow, they walked together into the glowing night, their story just beginning.",Romance,The Bookshop Encounter,Old Bloomsbury Antiquarian,Sweet,"bookstore, poetry, rain, coffee, first glance, shared smile, romance, the bookshop encounter, sweet",waltz bookshop encounter waltz bookshop encounter romance romance romance bookshop encounter bookshop encounter old bloomsbury antiquarian old bloomsbury antiquarian sweet sweet bookstore poetry rain coffee first glance shared smile romance bookshop encounter sweet bookstore poetry rain coffee first glance shared smile romance bookshop encounter sweet rain tapped gently cafe windows overlooking old bloomsbury antiquarian blurring amber streetlights soft watercolor halos sharing umbrella beneath sudden downpour spoke hours forgotten dreams favorite verses poetry childhood memories every shared glance carried electric warmth made chill evening air feel like midsummer lingering smile promise tomorrow walked together glowing night story just beginning,76,1
ST-0157,Midnight in Summer in Tuscany,"It was the kind of crisp, unforgettable autumn afternoon in Sunlit Olive Grove where chance encounters feel destined by the stars.

As the orchestra swelled into a breathtaking waltz, he offered his hand with a gentle, questioning smile. Sweeping across the polished parquet floor beneath glistening crystal chandeliers, the rhythm of the music mirrored the steady, joyful beating of their hearts.

As the morning sun kissed the rooftops of Sunlit Olive Grove, they knew that what started as a chance meeting had turned into a lifetime of love.",Romance,Summer in Tuscany,Sunlit Olive Grove,Romantic,"vineyard, sunset, tuscany, wine, laughter, golden hour, summer, romance, summer in tuscany, romantic",midnight summer tuscany midnight summer tuscany romance romance romance summer tuscany summer tuscany sunlit olive grove sunlit olive grove romantic romantic vineyard sunset tuscany wine laughter golden hour summer romance summer tuscany romantic vineyard sunset tuscany wine laughter golden hour summer romance summer tuscany romantic kind crisp unforgettable autumn afternoon sunlit olive grove chance encounters feel destined stars orchestra swelled breathtaking waltz offered hand gentle questioning smile sweeping across polished parquet floor beneath glistening crystal chandeliers rhythm music mirrored steady joyful beating hearts morning sun kissed rooftops sunlit olive grove knew started chance meeting turned lifetime love,88,1
ST-0158,Echoes of Love in Winter Hearth Promise,"Among the bustling crowds of Snowed-In Alpine Cabin, their eyes met across the room, and the frantic noise of the city seemed to fade into silence.

Finding the same rare edition of sonnets tucked on a high shelf, their fingers brushed against the leather spine. What began as an apology blossomed into an effortless conversation over steaming porcelain cups of tea that lasted until closing time.

Hand in hand, they stepped into the future together, leaving behind the memories of solitude forever.",Romance,Winter Hearth Promise,Snowed-In Alpine Cabin,Cozy,"fireplace, snow, cabin, blanket, whisper, tea, forever, romance, winter hearth promise, cozy",echoes love winter hearth promise echoes love winter hearth promise romance romance romance winter hearth promise winter hearth promise snowed alpine cabin snowed alpine cabin cozy cozy fireplace snow cabin blanket whisper tea forever romance winter hearth promise cozy fireplace snow cabin blanket whisper tea forever romance winter hearth promise cozy among bustling crowds snowed alpine cabin eyes met across room frantic noise city seemed fade silence finding rare edition sonnets tucked high shelf fingers brushed leather spine began apology blossomed effortless conversation steaming porcelain cups tea lasted closing time hand hand stepped future together leaving behind memories solitude forever,82,1
ST-0159,Under the Stars of Stargazing by the Lake,"Years had passed since they last walked the familiar pathways of Quiet Mountain Shore, yet every stone and archway still remembered their shared laughter.

Walking along the lantern-lit waterfront as waves lapped softly against the wooden pilings, he reached out and gently intertwined his fingers with hers. Words became unnecessary as the silent understanding between them filled the evening.

Underneath the starlit canopy of Quiet Mountain Shore, they promised that no matter what storms life brought, their hearts had finally found their permanent home.",Romance,Stargazing by the Lake,Quiet Mountain Shore,Tender,"stars, reflection, lake, constellations, hand in hand, gentle, romance, stargazing by the lake, tender",stars stargazing lake stars stargazing lake romance romance romance stargazing lake stargazing lake quiet mountain shore quiet mountain shore tender tender stars reflection lake constellations hand hand gentle romance stargazing lake tender stars reflection lake constellations hand hand gentle romance stargazing lake tender years passed since last walked familiar pathways quiet mountain shore yet every stone archway still remembered shared laughter walking along lantern lit waterfront waves lapped softly wooden pilings reached gently intertwined fingers words became unnecessary silent understanding filled evening underneath starlit canopy quiet mountain shore promised matter storms life brought hearts finally found permanent home,84,1
ST-0160,A Heart in The Florist's Secret,"The sweet aroma of jasmine and fresh rain lingered in Covent Garden Flower Stall, creating an atmosphere ripe for unexpected beginnings.

Sharing an umbrella beneath the sudden downpour, they spoke for hours about forgotten dreams, favorite verses of poetry, and childhood memories. Every shared glance carried an electric warmth that made the chill evening air feel like midsummer.

With a lingering smile and a promise for tomorrow, they walked together into the glowing night, their story just beginning.",Romance,The Florist's Secret,Covent Garden Flower Stall,Charming,"roses, bouquets, spring, secret admirer, ribbon, blossom, romance, the florist's secret, charming",heart florist secret heart florist secret romance romance romance florist secret florist secret covent garden flower stall covent garden flower stall charming charming roses bouquets spring secret admirer ribbon blossom romance florist secret charming roses bouquets spring secret admirer ribbon blossom romance florist secret charming sweet aroma jasmine fresh rain lingered covent garden flower stall creating atmosphere ripe unexpected beginnings sharing umbrella beneath sudden downpour spoke hours forgotten dreams favorite verses poetry childhood memories every shared glance carried electric warmth made chill evening air feel like midsummer lingering smile promise tomorrow walked together glowing night story just beginning,78,1
ST-0161,The Great The Great Pancake Catastrophe Mishap,"According to the instruction manual, nothing could possibly go wrong in Sunday Morning Kitchen—which was naturally the first red flag.

The parrot seized the mayor's reading glasses mid-sentence, swooping over the champagne fountain while reciting the secret recipe for Aunt Clara's rhubarb pie. Distinguished guests dove behind hydrangeas as pastry trays clattered to the grass.

Wiping tears of laughter from their eyes, the neighbors shared cups of cider and voted to make the chaotic event an annual tradition.",Comedy,The Great Pancake Catastrophe,Sunday Morning Kitchen,Hilarious,"pancakes, flour, cooking, cat, mishap, funny, breakfast, comedy, the great pancake catastrophe, hilarious",great great pancake catastrophe mishap great great pancake catastrophe mishap comedy comedy comedy great pancake catastrophe great pancake catastrophe sunday morning kitchen sunday morning kitchen hilarious hilarious pancakes flour cooking cat mishap funny breakfast comedy great pancake catastrophe hilarious pancakes flour cooking cat mishap funny breakfast comedy great pancake catastrophe hilarious according instruction manual nothing possibly go wrong sunday morning kitchen naturally first red flag parrot seized mayor reading glasses mid sentence swooping champagne fountain reciting secret recipe aunt clara rhubarb pie distinguished guests dove behind hydrangeas pastry trays clattered grass wiping tears laughter eyes neighbors shared cups cider voted make chaotic event annual tradition,78,1
ST-0162,Chaos at The Mayor's runaway Parrot,"It began on a tranquil Saturday morning in Town Hall Garden Party before the laws of physics took a brief, comical vacation.

Attempting to pull a white rabbit from the silk top hat, the magician instead produced three surprised pigeons, two linked sausages, and the mayor's missing wallet. The audience erupted into roaring applause, assuming the confusion was brilliant theatrical slapstick.

As the smoke cleared and the rogue parrot finally landed on the podium, Arthur took a graceful bow to thunderous cheers.",Comedy,The Mayor's runaway Parrot,Town Hall Garden Party,Witty,"parrot, speech, chaos, feathers, funny, chase, garden, comedy, the mayor's runaway parrot, witty",chaos mayor runaway parrot chaos mayor runaway parrot comedy comedy comedy mayor runaway parrot mayor runaway parrot town hall garden party town hall garden party witty witty parrot speech chaos feathers funny chase garden comedy mayor runaway parrot witty parrot speech chaos feathers funny chase garden comedy mayor runaway parrot witty began tranquil saturday morning town hall garden party laws physics took brief comical vacation attempting pull white rabbit silk top hat magician instead produced three surprised pigeons two linked sausages mayor missing wallet audience erupted roaring applause assuming confusion brilliant theatrical slapstick smoke cleared rogue parrot finally landed podium arthur took graceful bow thunderous cheers,82,1
ST-0163,The Accidental The Clumsy Magician,"Professor Barnaby firmly believed that his new demonstration in Village Carnival Stage would win him the Nobel Prize, rather than a visit from the fire brigade.

The self-propelling lawnmower gained unexpected sentience, gracefully trimming the neighbor's prized hedges into the exact likeness of a dancing poodle while spraying colorful sprinkler jets in synchronized rhythm.

Covered in frosting and breathless with uncontrollable laughter, everyone agreed that the afternoon at Village Carnival Stage was the best party the town had ever seen.",Comedy,The Clumsy Magician,Village Carnival Stage,Amusing,"magician, rabbit, hat, tricks, confetti, stage, laughter, comedy, the clumsy magician, amusing",accidental clumsy magician accidental clumsy magician comedy comedy comedy clumsy magician clumsy magician village carnival stage village carnival stage amusing amusing magician rabbit hat tricks confetti stage laughter comedy clumsy magician amusing magician rabbit hat tricks confetti stage laughter comedy clumsy magician amusing professor barnaby firmly believed new demonstration village carnival stage win nobel prize rather visit fire brigade self propelling lawnmower gained unexpected sentience gracefully trimming neighbor prized hedges exact likeness dancing poodle spraying colorful sprinkler jets synchronized rhythm covered frosting breathless uncontrollable laughter everyone agreed afternoon village carnival stage best party town ever seen,80,1
ST-0164,Pandemonium in The Accidental Invention,"The town gossip had already predicted chaos in Basement Workshop, but even she under-estimated the impending pandemonium by half.

With a thunderous POP, the batter dispenser ricocheted off the toaster, propelling a golden projectile across the ceiling. The family cat leaped in acrobatic pursuit, knocking over the flour canister and transforming the entire room into a winter wonderland of powdered sugar.

The demonstration was universally declared an accidental masterpiece, earning a standing ovation and three awards for comedic ingenuity.",Comedy,The Accidental Invention,Basement Workshop,Silly,"invention, gadget, smoke, gears, bubble, whimsical, funny, comedy, the accidental invention, silly",pandemonium accidental invention pandemonium accidental invention comedy comedy comedy accidental invention accidental invention basement workshop basement workshop silly silly invention gadget smoke gears bubble whimsical funny comedy accidental invention silly invention gadget smoke gears bubble whimsical funny comedy accidental invention silly town gossip already predicted chaos basement workshop even estimated impending pandemonium half thunderous pop batter dispenser ricocheted toaster propelling golden projectile across ceiling family cat leaped acrobatic pursuit knocking flour canister transforming entire room winter wonderland powdered sugar demonstration universally declared accidental masterpiece earning standing ovation three awards comedic ingenuity,79,1
ST-0165,The Hilarious Tale of The Dog Walker's Dilemma,"If anyone had asked Arthur why he was standing in Busy City Park dressed in a velvet cape, he would have blamed his overly enthusiastic pet.

The parrot seized the mayor's reading glasses mid-sentence, swooping over the champagne fountain while reciting the secret recipe for Aunt Clara's rhubarb pie. Distinguished guests dove behind hydrangeas as pastry trays clattered to the grass.

Wiping tears of laughter from their eyes, the neighbors shared cups of cider and voted to make the chaotic event an annual tradition.",Comedy,The Dog Walker's Dilemma,Busy City Park,Playful,"dogs, leash, tangle, park, squirrel, funny, chaos, comedy, the dog walker's dilemma, playful",hilarious tale dog walker dilemma hilarious tale dog walker dilemma comedy comedy comedy dog walker dilemma dog walker dilemma busy city park busy city park playful playful dogs leash tangle park squirrel funny chaos comedy dog walker dilemma playful dogs leash tangle park squirrel funny chaos comedy dog walker dilemma playful anyone asked arthur standing busy city park dressed velvet cape blamed overly enthusiastic pet parrot seized mayor reading glasses mid sentence swooping champagne fountain reciting secret recipe aunt clara rhubarb pie distinguished guests dove behind hydrangeas pastry trays clattered grass wiping tears laughter eyes neighbors shared cups cider voted make chaotic event annual tradition,84,1
ST-0166,The Catastrophe at The Royal Baker's Blunder,"According to the instruction manual, nothing could possibly go wrong in Palace Pastry Kitchen—which was naturally the first red flag.

Attempting to pull a white rabbit from the silk top hat, the magician instead produced three surprised pigeons, two linked sausages, and the mayor's missing wallet. The audience erupted into roaring applause, assuming the confusion was brilliant theatrical slapstick.

As the smoke cleared and the rogue parrot finally landed on the podium, Arthur took a graceful bow to thunderous cheers.",Comedy,The Royal Baker's Blunder,Palace Pastry Kitchen,Charming,"cake, frosting, slippery, duke, chef, laughter, icing, comedy, the royal baker's blunder, charming",catastrophe royal baker blunder catastrophe royal baker blunder comedy comedy comedy royal baker blunder royal baker blunder palace pastry kitchen palace pastry kitchen charming charming cake frosting slippery duke chef laughter icing comedy royal baker blunder charming cake frosting slippery duke chef laughter icing comedy royal baker blunder charming according instruction manual nothing possibly go wrong palace pastry kitchen naturally first red flag attempting pull white rabbit silk top hat magician instead produced three surprised pigeons two linked sausages mayor missing wallet audience erupted roaring applause assuming confusion brilliant theatrical slapstick smoke cleared rogue parrot finally landed podium arthur took graceful bow thunderous cheers,80,1
ST-0167,A Funny Thing in The Theater Audition Fiasco,"It began on a tranquil Saturday morning in Broadway Rehearsal Hall before the laws of physics took a brief, comical vacation.

The self-propelling lawnmower gained unexpected sentience, gracefully trimming the neighbor's prized hedges into the exact likeness of a dancing poodle while spraying colorful sprinkler jets in synchronized rhythm.

Covered in frosting and breathless with uncontrollable laughter, everyone agreed that the afternoon at Broadway Rehearsal Hall was the best party the town had ever seen.",Comedy,The Theater Audition Fiasco,Broadway Rehearsal Hall,Witty,"audition, costume, lines, stage, slip, director, funny, comedy, the theater audition fiasco, witty",funny thing theater audition fiasco funny thing theater audition fiasco comedy comedy comedy theater audition fiasco theater audition fiasco broadway rehearsal hall broadway rehearsal hall witty witty audition costume lines stage slip director funny comedy theater audition fiasco witty audition costume lines stage slip director funny comedy theater audition fiasco witty began tranquil saturday morning broadway rehearsal hall laws physics took brief comical vacation self propelling lawnmower gained unexpected sentience gracefully trimming neighbor prized hedges exact likeness dancing poodle spraying colorful sprinkler jets synchronized rhythm covered frosting breathless uncontrollable laughter everyone agreed afternoon broadway rehearsal hall best party town ever seen,75,1
ST-0168,The Case of the Flying The Over-Engineered Garden Gnome,"Professor Barnaby firmly believed that his new demonstration in Suburban Lawn Championship would win him the Nobel Prize, rather than a visit from the fire brigade.

With a thunderous POP, the batter dispenser ricocheted off the toaster, propelling a golden projectile across the ceiling. The family cat leaped in acrobatic pursuit, knocking over the flour canister and transforming the entire room into a winter wonderland of powdered sugar.

The demonstration was universally declared an accidental masterpiece, earning a standing ovation and three awards for comedic ingenuity.",Comedy,The Over-Engineered Garden Gnome,Suburban Lawn Championship,Hilarious,"gnome, lawn, contest, neighbor, sprinkler, mishap, comedy, the over-engineered garden gnome, hilarious",case flying engineered garden gnome case flying engineered garden gnome comedy comedy comedy engineered garden gnome engineered garden gnome suburban lawn championship suburban lawn championship hilarious hilarious gnome lawn contest neighbor sprinkler mishap comedy engineered garden gnome hilarious gnome lawn contest neighbor sprinkler mishap comedy engineered garden gnome hilarious professor barnaby firmly believed new demonstration suburban lawn championship win nobel prize rather visit fire brigade thunderous pop batter dispenser ricocheted toaster propelling golden projectile across ceiling family cat leaped acrobatic pursuit knocking flour canister transforming entire room winter wonderland powdered sugar demonstration universally declared accidental masterpiece earning standing ovation three awards comedic ingenuity,86,1
ST-0169,The Misadventures at The Great Pancake Catastrophe,"The town gossip had already predicted chaos in Sunday Morning Kitchen, but even she under-estimated the impending pandemonium by half.

The parrot seized the mayor's reading glasses mid-sentence, swooping over the champagne fountain while reciting the secret recipe for Aunt Clara's rhubarb pie. Distinguished guests dove behind hydrangeas as pastry trays clattered to the grass.

Wiping tears of laughter from their eyes, the neighbors shared cups of cider and voted to make the chaotic event an annual tradition.",Comedy,The Great Pancake Catastrophe,Sunday Morning Kitchen,Hilarious,"pancakes, flour, cooking, cat, mishap, funny, breakfast, comedy, the great pancake catastrophe, hilarious",misadventures great pancake catastrophe misadventures great pancake catastrophe comedy comedy comedy great pancake catastrophe great pancake catastrophe sunday morning kitchen sunday morning kitchen hilarious hilarious pancakes flour cooking cat mishap funny breakfast comedy great pancake catastrophe hilarious pancakes flour cooking cat mishap funny breakfast comedy great pancake catastrophe hilarious town gossip already predicted chaos sunday morning kitchen even estimated impending pandemonium half parrot seized mayor reading glasses mid sentence swooping champagne fountain reciting secret recipe aunt clara rhubarb pie distinguished guests dove behind hydrangeas pastry trays clattered grass wiping tears laughter eyes neighbors shared cups cider voted make chaotic event annual tradition,78,1
ST-0170,The Bumbling The Mayor's runaway Parrot,"If anyone had asked Arthur why he was standing in Town Hall Garden Party dressed in a velvet cape, he would have blamed his overly enthusiastic pet.

Attempting to pull a white rabbit from the silk top hat, the magician instead produced three surprised pigeons, two linked sausages, and the mayor's missing wallet. The audience erupted into roaring applause, assuming the confusion was brilliant theatrical slapstick.

As the smoke cleared and the rogue parrot finally landed on the podium, Arthur took a graceful bow to thunderous cheers.",Comedy,The Mayor's runaway Parrot,Town Hall Garden Party,Witty,"parrot, speech, chaos, feathers, funny, chase, garden, comedy, the mayor's runaway parrot, witty",bumbling mayor runaway parrot bumbling mayor runaway parrot comedy comedy comedy mayor runaway parrot mayor runaway parrot town hall garden party town hall garden party witty witty parrot speech chaos feathers funny chase garden comedy mayor runaway parrot witty parrot speech chaos feathers funny chase garden comedy mayor runaway parrot witty anyone asked arthur standing town hall garden party dressed velvet cape blamed overly enthusiastic pet attempting pull white rabbit silk top hat magician instead produced three surprised pigeons two linked sausages mayor missing wallet audience erupted roaring applause assuming confusion brilliant theatrical slapstick smoke cleared rogue parrot finally landed podium arthur took graceful bow thunderous cheers,87,1
ST-0171,The Great The Clumsy Magician Mishap,"According to the instruction manual, nothing could possibly go wrong in Village Carnival Stage—which was naturally the first red flag.

The self-propelling lawnmower gained unexpected sentience, gracefully trimming the neighbor's prized hedges into the exact likeness of a dancing poodle while spraying colorful sprinkler jets in synchronized rhythm.

Covered in frosting and breathless with uncontrollable laughter, everyone agreed that the afternoon at Village Carnival Stage was the best party the town had ever seen.",Comedy,The Clumsy Magician,Village Carnival Stage,Amusing,"magician, rabbit, hat, tricks, confetti, stage, laughter, comedy, the clumsy magician, amusing",great clumsy magician mishap great clumsy magician mishap comedy comedy comedy clumsy magician clumsy magician village carnival stage village carnival stage amusing amusing magician rabbit hat tricks confetti stage laughter comedy clumsy magician amusing magician rabbit hat tricks confetti stage laughter comedy clumsy magician amusing according instruction manual nothing possibly go wrong village carnival stage naturally first red flag self propelling lawnmower gained unexpected sentience gracefully trimming neighbor prized hedges exact likeness dancing poodle spraying colorful sprinkler jets synchronized rhythm covered frosting breathless uncontrollable laughter everyone agreed afternoon village carnival stage best party town ever seen,74,1
ST-0172,Chaos at The Accidental Invention,"It began on a tranquil Saturday morning in Basement Workshop before the laws of physics took a brief, comical vacation.

With a thunderous POP, the batter dispenser ricocheted off the toaster, propelling a golden projectile across the ceiling. The family cat leaped in acrobatic pursuit, knocking over the flour canister and transforming the entire room into a winter wonderland of powdered sugar.

The demonstration was universally declared an accidental masterpiece, earning a standing ovation and three awards for comedic ingenuity.",Comedy,The Accidental Invention,Basement Workshop,Silly,"invention, gadget, smoke, gears, bubble, whimsical, funny, comedy, the accidental invention, silly",chaos accidental invention chaos accidental invention comedy comedy comedy accidental invention accidental invention basement workshop basement workshop silly silly invention gadget smoke gears bubble whimsical funny comedy accidental invention silly invention gadget smoke gears bubble whimsical funny comedy accidental invention silly began tranquil saturday morning basement workshop laws physics took brief comical vacation thunderous pop batter dispenser ricocheted toaster propelling golden projectile across ceiling family cat leaped acrobatic pursuit knocking flour canister transforming entire room winter wonderland powdered sugar demonstration universally declared accidental masterpiece earning standing ovation three awards comedic ingenuity,80,1
ST-0173,The Accidental The Dog Walker's Dilemma,"Professor Barnaby firmly believed that his new demonstration in Busy City Park would win him the Nobel Prize, rather than a visit from the fire brigade.

The parrot seized the mayor's reading glasses mid-sentence, swooping over the champagne fountain while reciting the secret recipe for Aunt Clara's rhubarb pie. Distinguished guests dove behind hydrangeas as pastry trays clattered to the grass.

Wiping tears of laughter from their eyes, the neighbors shared cups of cider and voted to make the chaotic event an annual tradition.",Comedy,The Dog Walker's Dilemma,Busy City Park,Playful,"dogs, leash, tangle, park, squirrel, funny, chaos, comedy, the dog walker's dilemma, playful",accidental dog walker dilemma accidental dog walker dilemma comedy comedy comedy dog walker dilemma dog walker dilemma busy city park busy city park playful playful dogs leash tangle park squirrel funny chaos comedy dog walker dilemma playful dogs leash tangle park squirrel funny chaos comedy dog walker dilemma playful professor barnaby firmly believed new demonstration busy city park win nobel prize rather visit fire brigade parrot seized mayor reading glasses mid sentence swooping champagne fountain reciting secret recipe aunt clara rhubarb pie distinguished guests dove behind hydrangeas pastry trays clattered grass wiping tears laughter eyes neighbors shared cups cider voted make chaotic event annual tradition,84,1
ST-0174,Pandemonium in The Royal Baker's Blunder,"The town gossip had already predicted chaos in Palace Pastry Kitchen, but even she under-estimated the impending pandemonium by half.

Attempting to pull a white rabbit from the silk top hat, the magician instead produced three surprised pigeons, two linked sausages, and the mayor's missing wallet. The audience erupted into roaring applause, assuming the confusion was brilliant theatrical slapstick.

As the smoke cleared and the rogue parrot finally landed on the podium, Arthur took a graceful bow to thunderous cheers.",Comedy,The Royal Baker's Blunder,Palace Pastry Kitchen,Charming,"cake, frosting, slippery, duke, chef, laughter, icing, comedy, the royal baker's blunder, charming",pandemonium royal baker blunder pandemonium royal baker blunder comedy comedy comedy royal baker blunder royal baker blunder palace pastry kitchen palace pastry kitchen charming charming cake frosting slippery duke chef laughter icing comedy royal baker blunder charming cake frosting slippery duke chef laughter icing comedy royal baker blunder charming town gossip already predicted chaos palace pastry kitchen even estimated impending pandemonium half attempting pull white rabbit silk top hat magician instead produced three surprised pigeons two linked sausages mayor missing wallet audience erupted roaring applause assuming confusion brilliant theatrical slapstick smoke cleared rogue parrot finally landed podium arthur took graceful bow thunderous cheers,80,1
ST-0175,The Hilarious Tale of The Theater Audition Fiasco,"If anyone had asked Arthur why he was standing in Broadway Rehearsal Hall dressed in a velvet cape, he would have blamed his overly enthusiastic pet.

The self-propelling lawnmower gained unexpected sentience, gracefully trimming the neighbor's prized hedges into the exact likeness of a dancing poodle while spraying colorful sprinkler jets in synchronized rhythm.

Covered in frosting and breathless with uncontrollable laughter, everyone agreed that the afternoon at Broadway Rehearsal Hall was the best party the town had ever seen.",Comedy,The Theater Audition Fiasco,Broadway Rehearsal Hall,Witty,"audition, costume, lines, stage, slip, director, funny, comedy, the theater audition fiasco, witty",hilarious tale theater audition fiasco hilarious tale theater audition fiasco comedy comedy comedy theater audition fiasco theater audition fiasco broadway rehearsal hall broadway rehearsal hall witty witty audition costume lines stage slip director funny comedy theater audition fiasco witty audition costume lines stage slip director funny comedy theater audition fiasco witty anyone asked arthur standing broadway rehearsal hall dressed velvet cape blamed overly enthusiastic pet self propelling lawnmower gained unexpected sentience gracefully trimming neighbor prized hedges exact likeness dancing poodle spraying colorful sprinkler jets synchronized rhythm covered frosting breathless uncontrollable laughter everyone agreed afternoon broadway rehearsal hall best party town ever seen,80,1
ST-0176,The Catastrophe at The Over-Engineered Garden Gnome,"According to the instruction manual, nothing could possibly go wrong in Suburban Lawn Championship—which was naturally the first red flag.

With a thunderous POP, the batter dispenser ricocheted off the toaster, propelling a golden projectile across the ceiling. The family cat leaped in acrobatic pursuit, knocking over the flour canister and transforming the entire room into a winter wonderland of powdered sugar.

The demonstration was universally declared an accidental masterpiece, earning a standing ovation and three awards for comedic ingenuity.",Comedy,The Over-Engineered Garden Gnome,Suburban Lawn Championship,Hilarious,"gnome, lawn, contest, neighbor, sprinkler, mishap, comedy, the over-engineered garden gnome, hilarious",catastrophe engineered garden gnome catastrophe engineered garden gnome comedy comedy comedy engineered garden gnome engineered garden gnome suburban lawn championship suburban lawn championship hilarious hilarious gnome lawn contest neighbor sprinkler mishap comedy engineered garden gnome hilarious gnome lawn contest neighbor sprinkler mishap comedy engineered garden gnome hilarious according instruction manual nothing possibly go wrong suburban lawn championship naturally first red flag thunderous pop batter dispenser ricocheted toaster propelling golden projectile across ceiling family cat leaped acrobatic pursuit knocking flour canister transforming entire room winter wonderland powdered sugar demonstration universally declared accidental masterpiece earning standing ovation three awards comedic ingenuity,80,1
ST-0177,A Funny Thing in The Great Pancake Catastrophe,"It began on a tranquil Saturday morning in Sunday Morning Kitchen before the laws of physics took a brief, comical vacation.

The parrot seized the mayor's reading glasses mid-sentence, swooping over the champagne fountain while reciting the secret recipe for Aunt Clara's rhubarb pie. Distinguished guests dove behind hydrangeas as pastry trays clattered to the grass.

Wiping tears of laughter from their eyes, the neighbors shared cups of cider and voted to make the chaotic event an annual tradition.",Comedy,The Great Pancake Catastrophe,Sunday Morning Kitchen,Hilarious,"pancakes, flour, cooking, cat, mishap, funny, breakfast, comedy, the great pancake catastrophe, hilarious",funny thing great pancake catastrophe funny thing great pancake catastrophe comedy comedy comedy great pancake catastrophe great pancake catastrophe sunday morning kitchen sunday morning kitchen hilarious hilarious pancakes flour cooking cat mishap funny breakfast comedy great pancake catastrophe hilarious pancakes flour cooking cat mishap funny breakfast comedy great pancake catastrophe hilarious began tranquil saturday morning sunday morning kitchen laws physics took brief comical vacation parrot seized mayor reading glasses mid sentence swooping champagne fountain reciting secret recipe aunt clara rhubarb pie distinguished guests dove behind hydrangeas pastry trays clattered grass wiping tears laughter eyes neighbors shared cups cider voted make chaotic event annual tradition,79,1
ST-0178,The Case of the Flying The Mayor's runaway Parrot,"Professor Barnaby firmly believed that his new demonstration in Town Hall Garden Party would win him the Nobel Prize, rather than a visit from the fire brigade.

Attempting to pull a white rabbit from the silk top hat, the magician instead produced three surprised pigeons, two linked sausages, and the mayor's missing wallet. The audience erupted into roaring applause, assuming the confusion was brilliant theatrical slapstick.

As the smoke cleared and the rogue parrot finally landed on the podium, Arthur took a graceful bow to thunderous cheers.",Comedy,The Mayor's runaway Parrot,Town Hall Garden Party,Witty,"parrot, speech, chaos, feathers, funny, chase, garden, comedy, the mayor's runaway parrot, witty",case flying mayor runaway parrot case flying mayor runaway parrot comedy comedy comedy mayor runaway parrot mayor runaway parrot town hall garden party town hall garden party witty witty parrot speech chaos feathers funny chase garden comedy mayor runaway parrot witty parrot speech chaos feathers funny chase garden comedy mayor runaway parrot witty professor barnaby firmly believed new demonstration town hall garden party win nobel prize rather visit fire brigade attempting pull white rabbit silk top hat magician instead produced three surprised pigeons two linked sausages mayor missing wallet audience erupted roaring applause assuming confusion brilliant theatrical slapstick smoke cleared rogue parrot finally landed podium arthur took graceful bow thunderous cheers,87,1
ST-0179,The Misadventures at The Clumsy Magician,"The town gossip had already predicted chaos in Village Carnival Stage, but even she under-estimated the impending pandemonium by half.

The self-propelling lawnmower gained unexpected sentience, gracefully trimming the neighbor's prized hedges into the exact likeness of a dancing poodle while spraying colorful sprinkler jets in synchronized rhythm.

Covered in frosting and breathless with uncontrollable laughter, everyone agreed that the afternoon at Village Carnival Stage was the best party the town had ever seen.",Comedy,The Clumsy Magician,Village Carnival Stage,Amusing,"magician, rabbit, hat, tricks, confetti, stage, laughter, comedy, the clumsy magician, amusing",misadventures clumsy magician misadventures clumsy magician comedy comedy comedy clumsy magician clumsy magician village carnival stage village carnival stage amusing amusing magician rabbit hat tricks confetti stage laughter comedy clumsy magician amusing magician rabbit hat tricks confetti stage laughter comedy clumsy magician amusing town gossip already predicted chaos village carnival stage even estimated impending pandemonium half self propelling lawnmower gained unexpected sentience gracefully trimming neighbor prized hedges exact likeness dancing poodle spraying colorful sprinkler jets synchronized rhythm covered frosting breathless uncontrollable laughter everyone agreed afternoon village carnival stage best party town ever seen,74,1
ST-0180,The Bumbling The Accidental Invention,"If anyone had asked Arthur why he was standing in Basement Workshop dressed in a velvet cape, he would have blamed his overly enthusiastic pet.

With a thunderous POP, the batter dispenser ricocheted off the toaster, propelling a golden projectile across the ceiling. The family cat leaped in acrobatic pursuit, knocking over the flour canister and transforming the entire room into a winter wonderland of powdered sugar.

The demonstration was universally declared an accidental masterpiece, earning a standing ovation and three awards for comedic ingenuity.",Comedy,The Accidental Invention,Basement Workshop,Silly,"invention, gadget, smoke, gears, bubble, whimsical, funny, comedy, the accidental invention, silly",bumbling accidental invention bumbling accidental invention comedy comedy comedy accidental invention accidental invention basement workshop basement workshop silly silly invention gadget smoke gears bubble whimsical funny comedy accidental invention silly invention gadget smoke gears bubble whimsical funny comedy accidental invention silly anyone asked arthur standing basement workshop dressed velvet cape blamed overly enthusiastic pet thunderous pop batter dispenser ricocheted toaster propelling golden projectile across ceiling family cat leaped acrobatic pursuit knocking flour canister transforming entire room winter wonderland powdered sugar demonstration universally declared accidental masterpiece earning standing ovation three awards comedic ingenuity,85,1
ST-0181,The Great The Dog Walker's Dilemma Mishap,"According to the instruction manual, nothing could possibly go wrong in Busy City Park—which was naturally the first red flag.

The parrot seized the mayor's reading glasses mid-sentence, swooping over the champagne fountain while reciting the secret recipe for Aunt Clara's rhubarb pie. Distinguished guests dove behind hydrangeas as pastry trays clattered to the grass.

Wiping tears of laughter from their eyes, the neighbors shared cups of cider and voted to make the chaotic event an annual tradition.",Comedy,The Dog Walker's Dilemma,Busy City Park,Playful,"dogs, leash, tangle, park, squirrel, funny, chaos, comedy, the dog walker's dilemma, playful",great dog walker dilemma mishap great dog walker dilemma mishap comedy comedy comedy dog walker dilemma dog walker dilemma busy city park busy city park playful playful dogs leash tangle park squirrel funny chaos comedy dog walker dilemma playful dogs leash tangle park squirrel funny chaos comedy dog walker dilemma playful according instruction manual nothing possibly go wrong busy city park naturally first red flag parrot seized mayor reading glasses mid sentence swooping champagne fountain reciting secret recipe aunt clara rhubarb pie distinguished guests dove behind hydrangeas pastry trays clattered grass wiping tears laughter eyes neighbors shared cups cider voted make chaotic event annual tradition,78,1
ST-0182,Chaos at The Royal Baker's Blunder,"It began on a tranquil Saturday morning in Palace Pastry Kitchen before the laws of physics took a brief, comical vacation.

Attempting to pull a white rabbit from the silk top hat, the magician instead produced three surprised pigeons, two linked sausages, and the mayor's missing wallet. The audience erupted into roaring applause, assuming the confusion was brilliant theatrical slapstick.

As the smoke cleared and the rogue parrot finally landed on the podium, Arthur took a graceful bow to thunderous cheers.",Comedy,The Royal Baker's Blunder,Palace Pastry Kitchen,Charming,"cake, frosting, slippery, duke, chef, laughter, icing, comedy, the royal baker's blunder, charming",chaos royal baker blunder chaos royal baker blunder comedy comedy comedy royal baker blunder royal baker blunder palace pastry kitchen palace pastry kitchen charming charming cake frosting slippery duke chef laughter icing comedy royal baker blunder charming cake frosting slippery duke chef laughter icing comedy royal baker blunder charming began tranquil saturday morning palace pastry kitchen laws physics took brief comical vacation attempting pull white rabbit silk top hat magician instead produced three surprised pigeons two linked sausages mayor missing wallet audience erupted roaring applause assuming confusion brilliant theatrical slapstick smoke cleared rogue parrot finally landed podium arthur took graceful bow thunderous cheers,81,1
ST-0183,The Accidental The Theater Audition Fiasco,"Professor Barnaby firmly believed that his new demonstration in Broadway Rehearsal Hall would win him the Nobel Prize, rather than a visit from the fire brigade.

The self-propelling lawnmower gained unexpected sentience, gracefully trimming the neighbor's prized hedges into the exact likeness of a dancing poodle while spraying colorful sprinkler jets in synchronized rhythm.

Covered in frosting and breathless with uncontrollable laughter, everyone agreed that the afternoon at Broadway Rehearsal Hall was the best party the town had ever seen.",Comedy,The Theater Audition Fiasco,Broadway Rehearsal Hall,Witty,"audition, costume, lines, stage, slip, director, funny, comedy, the theater audition fiasco, witty",accidental theater audition fiasco accidental theater audition fiasco comedy comedy comedy theater audition fiasco theater audition fiasco broadway rehearsal hall broadway rehearsal hall witty witty audition costume lines stage slip director funny comedy theater audition fiasco witty audition costume lines stage slip director funny comedy theater audition fiasco witty professor barnaby firmly believed new demonstration broadway rehearsal hall win nobel prize rather visit fire brigade self propelling lawnmower gained unexpected sentience gracefully trimming neighbor prized hedges exact likeness dancing poodle spraying colorful sprinkler jets synchronized rhythm covered frosting breathless uncontrollable laughter everyone agreed afternoon broadway rehearsal hall best party town ever seen,80,1
ST-0184,Pandemonium in The Over-Engineered Garden Gnome,"The town gossip had already predicted chaos in Suburban Lawn Championship, but even she under-estimated the impending pandemonium by half.

With a thunderous POP, the batter dispenser ricocheted off the toaster, propelling a golden projectile across the ceiling. The family cat leaped in acrobatic pursuit, knocking over the flour canister and transforming the entire room into a winter wonderland of powdered sugar.

The demonstration was universally declared an accidental masterpiece, earning a standing ovation and three awards for comedic ingenuity.",Comedy,The Over-Engineered Garden Gnome,Suburban Lawn Championship,Hilarious,"gnome, lawn, contest, neighbor, sprinkler, mishap, comedy, the over-engineered garden gnome, hilarious",pandemonium engineered garden gnome pandemonium engineered garden gnome comedy comedy comedy engineered garden gnome engineered garden gnome suburban lawn championship suburban lawn championship hilarious hilarious gnome lawn contest neighbor sprinkler mishap comedy engineered garden gnome hilarious gnome lawn contest neighbor sprinkler mishap comedy engineered garden gnome hilarious town gossip already predicted chaos suburban lawn championship even estimated impending pandemonium half thunderous pop batter dispenser ricocheted toaster propelling golden projectile across ceiling family cat leaped acrobatic pursuit knocking flour canister transforming entire room winter wonderland powdered sugar demonstration universally declared accidental masterpiece earning standing ovation three awards comedic ingenuity,80,1
ST-0185,The Hilarious Tale of The Great Pancake Catastrophe,"If anyone had asked Arthur why he was standing in Sunday Morning Kitchen dressed in a velvet cape, he would have blamed his overly enthusiastic pet.

The parrot seized the mayor's reading glasses mid-sentence, swooping over the champagne fountain while reciting the secret recipe for Aunt Clara's rhubarb pie. Distinguished guests dove behind hydrangeas as pastry trays clattered to the grass.

Wiping tears of laughter from their eyes, the neighbors shared cups of cider and voted to make the chaotic event an annual tradition.",Comedy,The Great Pancake Catastrophe,Sunday Morning Kitchen,Hilarious,"pancakes, flour, cooking, cat, mishap, funny, breakfast, comedy, the great pancake catastrophe, hilarious",hilarious tale great pancake catastrophe hilarious tale great pancake catastrophe comedy comedy comedy great pancake catastrophe great pancake catastrophe sunday morning kitchen sunday morning kitchen hilarious hilarious pancakes flour cooking cat mishap funny breakfast comedy great pancake catastrophe hilarious pancakes flour cooking cat mishap funny breakfast comedy great pancake catastrophe hilarious anyone asked arthur standing sunday morning kitchen dressed velvet cape blamed overly enthusiastic pet parrot seized mayor reading glasses mid sentence swooping champagne fountain reciting secret recipe aunt clara rhubarb pie distinguished guests dove behind hydrangeas pastry trays clattered grass wiping tears laughter eyes neighbors shared cups cider voted make chaotic event annual tradition,84,1
ST-0186,The Catastrophe at The Mayor's runaway Parrot,"According to the instruction manual, nothing could possibly go wrong in Town Hall Garden Party—which was naturally the first red flag.

Attempting to pull a white rabbit from the silk top hat, the magician instead produced three surprised pigeons, two linked sausages, and the mayor's missing wallet. The audience erupted into roaring applause, assuming the confusion was brilliant theatrical slapstick.

As the smoke cleared and the rogue parrot finally landed on the podium, Arthur took a graceful bow to thunderous cheers.",Comedy,The Mayor's runaway Parrot,Town Hall Garden Party,Witty,"parrot, speech, chaos, feathers, funny, chase, garden, comedy, the mayor's runaway parrot, witty",catastrophe mayor runaway parrot catastrophe mayor runaway parrot comedy comedy comedy mayor runaway parrot mayor runaway parrot town hall garden party town hall garden party witty witty parrot speech chaos feathers funny chase garden comedy mayor runaway parrot witty parrot speech chaos feathers funny chase garden comedy mayor runaway parrot witty according instruction manual nothing possibly go wrong town hall garden party naturally first red flag attempting pull white rabbit silk top hat magician instead produced three surprised pigeons two linked sausages mayor missing wallet audience erupted roaring applause assuming confusion brilliant theatrical slapstick smoke cleared rogue parrot finally landed podium arthur took graceful bow thunderous cheers,81,1
ST-0187,A Funny Thing in The Clumsy Magician,"It began on a tranquil Saturday morning in Village Carnival Stage before the laws of physics took a brief, comical vacation.

The self-propelling lawnmower gained unexpected sentience, gracefully trimming the neighbor's prized hedges into the exact likeness of a dancing poodle while spraying colorful sprinkler jets in synchronized rhythm.

Covered in frosting and breathless with uncontrollable laughter, everyone agreed that the afternoon at Village Carnival Stage was the best party the town had ever seen.",Comedy,The Clumsy Magician,Village Carnival Stage,Amusing,"magician, rabbit, hat, tricks, confetti, stage, laughter, comedy, the clumsy magician, amusing",funny thing clumsy magician funny thing clumsy magician comedy comedy comedy clumsy magician clumsy magician village carnival stage village carnival stage amusing amusing magician rabbit hat tricks confetti stage laughter comedy clumsy magician amusing magician rabbit hat tricks confetti stage laughter comedy clumsy magician amusing began tranquil saturday morning village carnival stage laws physics took brief comical vacation self propelling lawnmower gained unexpected sentience gracefully trimming neighbor prized hedges exact likeness dancing poodle spraying colorful sprinkler jets synchronized rhythm covered frosting breathless uncontrollable laughter everyone agreed afternoon village carnival stage best party town ever seen,75,1
ST-0188,The Case of the Flying The Accidental Invention,"Professor Barnaby firmly believed that his new demonstration in Basement Workshop would win him the Nobel Prize, rather than a visit from the fire brigade.

With a thunderous POP, the batter dispenser ricocheted off the toaster, propelling a golden projectile across the ceiling. The family cat leaped in acrobatic pursuit, knocking over the flour canister and transforming the entire room into a winter wonderland of powdered sugar.

The demonstration was universally declared an accidental masterpiece, earning a standing ovation and three awards for comedic ingenuity.",Comedy,The Accidental Invention,Basement Workshop,Silly,"invention, gadget, smoke, gears, bubble, whimsical, funny, comedy, the accidental invention, silly",case flying accidental invention case flying accidental invention comedy comedy comedy accidental invention accidental invention basement workshop basement workshop silly silly invention gadget smoke gears bubble whimsical funny comedy accidental invention silly invention gadget smoke gears bubble whimsical funny comedy accidental invention silly professor barnaby firmly believed new demonstration basement workshop win nobel prize rather visit fire brigade thunderous pop batter dispenser ricocheted toaster propelling golden projectile across ceiling family cat leaped acrobatic pursuit knocking flour canister transforming entire room winter wonderland powdered sugar demonstration universally declared accidental masterpiece earning standing ovation three awards comedic ingenuity,85,1
ST-0189,The Misadventures at The Dog Walker's Dilemma,"The town gossip had already predicted chaos in Busy City Park, but even she under-estimated the impending pandemonium by half.

The parrot seized the mayor's reading glasses mid-sentence, swooping over the champagne fountain while reciting the secret recipe for Aunt Clara's rhubarb pie. Distinguished guests dove behind hydrangeas as pastry trays clattered to the grass.

Wiping tears of laughter from their eyes, the neighbors shared cups of cider and voted to make the chaotic event an annual tradition.",Comedy,The Dog Walker's Dilemma,Busy City Park,Playful,"dogs, leash, tangle, park, squirrel, funny, chaos, comedy, the dog walker's dilemma, playful",misadventures dog walker dilemma misadventures dog walker dilemma comedy comedy comedy dog walker dilemma dog walker dilemma busy city park busy city park playful playful dogs leash tangle park squirrel funny chaos comedy dog walker dilemma playful dogs leash tangle park squirrel funny chaos comedy dog walker dilemma playful town gossip already predicted chaos busy city park even estimated impending pandemonium half parrot seized mayor reading glasses mid sentence swooping champagne fountain reciting secret recipe aunt clara rhubarb pie distinguished guests dove behind hydrangeas pastry trays clattered grass wiping tears laughter eyes neighbors shared cups cider voted make chaotic event annual tradition,78,1
ST-0190,The Bumbling The Royal Baker's Blunder,"If anyone had asked Arthur why he was standing in Palace Pastry Kitchen dressed in a velvet cape, he would have blamed his overly enthusiastic pet.

Attempting to pull a white rabbit from the silk top hat, the magician instead produced three surprised pigeons, two linked sausages, and the mayor's missing wallet. The audience erupted into roaring applause, assuming the confusion was brilliant theatrical slapstick.

As the smoke cleared and the rogue parrot finally landed on the podium, Arthur took a graceful bow to thunderous cheers.",Comedy,The Royal Baker's Blunder,Palace Pastry Kitchen,Charming,"cake, frosting, slippery, duke, chef, laughter, icing, comedy, the royal baker's blunder, charming",bumbling royal baker blunder bumbling royal baker blunder comedy comedy comedy royal baker blunder royal baker blunder palace pastry kitchen palace pastry kitchen charming charming cake frosting slippery duke chef laughter icing comedy royal baker blunder charming cake frosting slippery duke chef laughter icing comedy royal baker blunder charming anyone asked arthur standing palace pastry kitchen dressed velvet cape blamed overly enthusiastic pet attempting pull white rabbit silk top hat magician instead produced three surprised pigeons two linked sausages mayor missing wallet audience erupted roaring applause assuming confusion brilliant theatrical slapstick smoke cleared rogue parrot finally landed podium arthur took graceful bow thunderous cheers,86,1
ST-0191,The Great The Theater Audition Fiasco Mishap,"According to the instruction manual, nothing could possibly go wrong in Broadway Rehearsal Hall—which was naturally the first red flag.

The self-propelling lawnmower gained unexpected sentience, gracefully trimming the neighbor's prized hedges into the exact likeness of a dancing poodle while spraying colorful sprinkler jets in synchronized rhythm.

Covered in frosting and breathless with uncontrollable laughter, everyone agreed that the afternoon at Broadway Rehearsal Hall was the best party the town had ever seen.",Comedy,The Theater Audition Fiasco,Broadway Rehearsal Hall,Witty,"audition, costume, lines, stage, slip, director, funny, comedy, the theater audition fiasco, witty",great theater audition fiasco mishap great theater audition fiasco mishap comedy comedy comedy theater audition fiasco theater audition fiasco broadway rehearsal hall broadway rehearsal hall witty witty audition costume lines stage slip director funny comedy theater audition fiasco witty audition costume lines stage slip director funny comedy theater audition fiasco witty according instruction manual nothing possibly go wrong broadway rehearsal hall naturally first red flag self propelling lawnmower gained unexpected sentience gracefully trimming neighbor prized hedges exact likeness dancing poodle spraying colorful sprinkler jets synchronized rhythm covered frosting breathless uncontrollable laughter everyone agreed afternoon broadway rehearsal hall best party town ever seen,74,1
ST-0192,Chaos at The Over-Engineered Garden Gnome,"It began on a tranquil Saturday morning in Suburban Lawn Championship before the laws of physics took a brief, comical vacation.

With a thunderous POP, the batter dispenser ricocheted off the toaster, propelling a golden projectile across the ceiling. The family cat leaped in acrobatic pursuit, knocking over the flour canister and transforming the entire room into a winter wonderland of powdered sugar.

The demonstration was universally declared an accidental masterpiece, earning a standing ovation and three awards for comedic ingenuity.",Comedy,The Over-Engineered Garden Gnome,Suburban Lawn Championship,Hilarious,"gnome, lawn, contest, neighbor, sprinkler, mishap, comedy, the over-engineered garden gnome, hilarious",chaos engineered garden gnome chaos engineered garden gnome comedy comedy comedy engineered garden gnome engineered garden gnome suburban lawn championship suburban lawn championship hilarious hilarious gnome lawn contest neighbor sprinkler mishap comedy engineered garden gnome hilarious gnome lawn contest neighbor sprinkler mishap comedy engineered garden gnome hilarious began tranquil saturday morning suburban lawn championship laws physics took brief comical vacation thunderous pop batter dispenser ricocheted toaster propelling golden projectile across ceiling family cat leaped acrobatic pursuit knocking flour canister transforming entire room winter wonderland powdered sugar demonstration universally declared accidental masterpiece earning standing ovation three awards comedic ingenuity,81,1
ST-0193,The Accidental The Great Pancake Catastrophe,"Professor Barnaby firmly believed that his new demonstration in Sunday Morning Kitchen would win him the Nobel Prize, rather than a visit from the fire brigade.

The parrot seized the mayor's reading glasses mid-sentence, swooping over the champagne fountain while reciting the secret recipe for Aunt Clara's rhubarb pie. Distinguished guests dove behind hydrangeas as pastry trays clattered to the grass.

Wiping tears of laughter from their eyes, the neighbors shared cups of cider and voted to make the chaotic event an annual tradition.",Comedy,The Great Pancake Catastrophe,Sunday Morning Kitchen,Hilarious,"pancakes, flour, cooking, cat, mishap, funny, breakfast, comedy, the great pancake catastrophe, hilarious",accidental great pancake catastrophe accidental great pancake catastrophe comedy comedy comedy great pancake catastrophe great pancake catastrophe sunday morning kitchen sunday morning kitchen hilarious hilarious pancakes flour cooking cat mishap funny breakfast comedy great pancake catastrophe hilarious pancakes flour cooking cat mishap funny breakfast comedy great pancake catastrophe hilarious professor barnaby firmly believed new demonstration sunday morning kitchen win nobel prize rather visit fire brigade parrot seized mayor reading glasses mid sentence swooping champagne fountain reciting secret recipe aunt clara rhubarb pie distinguished guests dove behind hydrangeas pastry trays clattered grass wiping tears laughter eyes neighbors shared cups cider voted make chaotic event annual tradition,84,1
ST-0194,Pandemonium in The Mayor's runaway Parrot,"The town gossip had already predicted chaos in Town Hall Garden Party, but even she under-estimated the impending pandemonium by half.

Attempting to pull a white rabbit from the silk top hat, the magician instead produced three surprised pigeons, two linked sausages, and the mayor's missing wallet. The audience erupted into roaring applause, assuming the confusion was brilliant theatrical slapstick.

As the smoke cleared and the rogue parrot finally landed on the podium, Arthur took a graceful bow to thunderous cheers.",Comedy,The Mayor's runaway Parrot,Town Hall Garden Party,Witty,"parrot, speech, chaos, feathers, funny, chase, garden, comedy, the mayor's runaway parrot, witty",pandemonium mayor runaway parrot pandemonium mayor runaway parrot comedy comedy comedy mayor runaway parrot mayor runaway parrot town hall garden party town hall garden party witty witty parrot speech chaos feathers funny chase garden comedy mayor runaway parrot witty parrot speech chaos feathers funny chase garden comedy mayor runaway parrot witty town gossip already predicted chaos town hall garden party even estimated impending pandemonium half attempting pull white rabbit silk top hat magician instead produced three surprised pigeons two linked sausages mayor missing wallet audience erupted roaring applause assuming confusion brilliant theatrical slapstick smoke cleared rogue parrot finally landed podium arthur took graceful bow thunderous cheers,81,1
ST-0195,The Hilarious Tale of The Clumsy Magician,"If anyone had asked Arthur why he was standing in Village Carnival Stage dressed in a velvet cape, he would have blamed his overly enthusiastic pet.

The self-propelling lawnmower gained unexpected sentience, gracefully trimming the neighbor's prized hedges into the exact likeness of a dancing poodle while spraying colorful sprinkler jets in synchronized rhythm.

Covered in frosting and breathless with uncontrollable laughter, everyone agreed that the afternoon at Village Carnival Stage was the best party the town had ever seen.",Comedy,The Clumsy Magician,Village Carnival Stage,Amusing,"magician, rabbit, hat, tricks, confetti, stage, laughter, comedy, the clumsy magician, amusing",hilarious tale clumsy magician hilarious tale clumsy magician comedy comedy comedy clumsy magician clumsy magician village carnival stage village carnival stage amusing amusing magician rabbit hat tricks confetti stage laughter comedy clumsy magician amusing magician rabbit hat tricks confetti stage laughter comedy clumsy magician amusing anyone asked arthur standing village carnival stage dressed velvet cape blamed overly enthusiastic pet self propelling lawnmower gained unexpected sentience gracefully trimming neighbor prized hedges exact likeness dancing poodle spraying colorful sprinkler jets synchronized rhythm covered frosting breathless uncontrollable laughter everyone agreed afternoon village carnival stage best party town ever seen,80,1
ST-0196,The Catastrophe at The Accidental Invention,"According to the instruction manual, nothing could possibly go wrong in Basement Workshop—which was naturally the first red flag.

With a thunderous POP, the batter dispenser ricocheted off the toaster, propelling a golden projectile across the ceiling. The family cat leaped in acrobatic pursuit, knocking over the flour canister and transforming the entire room into a winter wonderland of powdered sugar.

The demonstration was universally declared an accidental masterpiece, earning a standing ovation and three awards for comedic ingenuity.",Comedy,The Accidental Invention,Basement Workshop,Silly,"invention, gadget, smoke, gears, bubble, whimsical, funny, comedy, the accidental invention, silly",catastrophe accidental invention catastrophe accidental invention comedy comedy comedy accidental invention accidental invention basement workshop basement workshop silly silly invention gadget smoke gears bubble whimsical funny comedy accidental invention silly invention gadget smoke gears bubble whimsical funny comedy accidental invention silly according instruction manual nothing possibly go wrong basement workshop naturally first red flag thunderous pop batter dispenser ricocheted toaster propelling golden projectile across ceiling family cat leaped acrobatic pursuit knocking flour canister transforming entire room winter wonderland powdered sugar demonstration universally declared accidental masterpiece earning standing ovation three awards comedic ingenuity,79,1
ST-0197,A Funny Thing in The Dog Walker's Dilemma,"It began on a tranquil Saturday morning in Busy City Park before the laws of physics took a brief, comical vacation.

The parrot seized the mayor's reading glasses mid-sentence, swooping over the champagne fountain while reciting the secret recipe for Aunt Clara's rhubarb pie. Distinguished guests dove behind hydrangeas as pastry trays clattered to the grass.

Wiping tears of laughter from their eyes, the neighbors shared cups of cider and voted to make the chaotic event an annual tradition.",Comedy,The Dog Walker's Dilemma,Busy City Park,Playful,"dogs, leash, tangle, park, squirrel, funny, chaos, comedy, the dog walker's dilemma, playful",funny thing dog walker dilemma funny thing dog walker dilemma comedy comedy comedy dog walker dilemma dog walker dilemma busy city park busy city park playful playful dogs leash tangle park squirrel funny chaos comedy dog walker dilemma playful dogs leash tangle park squirrel funny chaos comedy dog walker dilemma playful began tranquil saturday morning busy city park laws physics took brief comical vacation parrot seized mayor reading glasses mid sentence swooping champagne fountain reciting secret recipe aunt clara rhubarb pie distinguished guests dove behind hydrangeas pastry trays clattered grass wiping tears laughter eyes neighbors shared cups cider voted make chaotic event annual tradition,79,1
ST-0198,The Case of the Flying The Royal Baker's Blunder,"Professor Barnaby firmly believed that his new demonstration in Palace Pastry Kitchen would win him the Nobel Prize, rather than a visit from the fire brigade.

Attempting to pull a white rabbit from the silk top hat, the magician instead produced three surprised pigeons, two linked sausages, and the mayor's missing wallet. The audience erupted into roaring applause, assuming the confusion was brilliant theatrical slapstick.

As the smoke cleared and the rogue parrot finally landed on the podium, Arthur took a graceful bow to thunderous cheers.",Comedy,The Royal Baker's Blunder,Palace Pastry Kitchen,Charming,"cake, frosting, slippery, duke, chef, laughter, icing, comedy, the royal baker's blunder, charming",case flying royal baker blunder case flying royal baker blunder comedy comedy comedy royal baker blunder royal baker blunder palace pastry kitchen palace pastry kitchen charming charming cake frosting slippery duke chef laughter icing comedy royal baker blunder charming cake frosting slippery duke chef laughter icing comedy royal baker blunder charming professor barnaby firmly believed new demonstration palace pastry kitchen win nobel prize rather visit fire brigade attempting pull white rabbit silk top hat magician instead produced three surprised pigeons two linked sausages mayor missing wallet audience erupted roaring applause assuming confusion brilliant theatrical slapstick smoke cleared rogue parrot finally landed podium arthur took graceful bow thunderous cheers,86,1
ST-0199,The Misadventures at The Theater Audition Fiasco,"The town gossip had already predicted chaos in Broadway Rehearsal Hall, but even she under-estimated the impending pandemonium by half.

The self-propelling lawnmower gained unexpected sentience, gracefully trimming the neighbor's prized hedges into the exact likeness of a dancing poodle while spraying colorful sprinkler jets in synchronized rhythm.

Covered in frosting and breathless with uncontrollable laughter, everyone agreed that the afternoon at Broadway Rehearsal Hall was the best party the town had ever seen.",Comedy,The Theater Audition Fiasco,Broadway Rehearsal Hall,Witty,"audition, costume, lines, stage, slip, director, funny, comedy, the theater audition fiasco, witty",misadventures theater audition fiasco misadventures theater audition fiasco comedy comedy comedy theater audition fiasco theater audition fiasco broadway rehearsal hall broadway rehearsal hall witty witty audition costume lines stage slip director funny comedy theater audition fiasco witty audition costume lines stage slip director funny comedy theater audition fiasco witty town gossip already predicted chaos broadway rehearsal hall even estimated impending pandemonium half self propelling lawnmower gained unexpected sentience gracefully trimming neighbor prized hedges exact likeness dancing poodle spraying colorful sprinkler jets synchronized rhythm covered frosting breathless uncontrollable laughter everyone agreed afternoon broadway rehearsal hall best party town ever seen,74,1
ST-0200,The Bumbling The Over-Engineered Garden Gnome,"If anyone had asked Arthur why he was standing in Suburban Lawn Championship dressed in a velvet cape, he would have blamed his overly enthusiastic pet.

With a thunderous POP, the batter dispenser ricocheted off the toaster, propelling a golden projectile across the ceiling. The family cat leaped in acrobatic pursuit, knocking over the flour canister and transforming the entire room into a winter wonderland of powdered sugar.

The demonstration was universally declared an accidental masterpiece, earning a standing ovation and three awards for comedic ingenuity.",Comedy,The Over-Engineered Garden Gnome,Suburban Lawn Championship,Hilarious,"gnome, lawn, contest, neighbor, sprinkler, mishap, comedy, the over-engineered garden gnome, hilarious",bumbling engineered garden gnome bumbling engineered garden gnome comedy comedy comedy engineered garden gnome engineered garden gnome suburban lawn championship suburban lawn championship hilarious hilarious gnome lawn contest neighbor sprinkler mishap comedy engineered garden gnome hilarious gnome lawn contest neighbor sprinkler mishap comedy engineered garden gnome hilarious anyone asked arthur standing suburban lawn championship dressed velvet cape blamed overly enthusiastic pet thunderous pop batter dispenser ricocheted toaster propelling golden projectile across ceiling family cat leaped acrobatic pursuit knocking flour canister transforming entire room winter wonderland powdered sugar demonstration universally declared accidental masterpiece earning standing ovation three awards comedic ingenuity,86,1
ST-0201,The Legend of the The Starlight Dragon,"High above the mortal world, among the shimmering towers of Crystal Mountain Citadel, ancient runes pulsed with luminescent violet energy.

The forged blade hummed with radiant moonlight, illuminating the ancient dwarven carvings along the cavern walls. As the guardian dragon unfurled its translucent wings of sapphire scales, it lowered its mighty head in solemn recognition of the true heir.

The celestial portal closed gently, leaving behind a tranquil night sky and a legacy of courage etched into the stars.",Fantasy,The Starlight Dragon,Crystal Mountain Citadel,Epic,"dragon, magic, crystal, stars, wizard, spell, enchanted, fantasy, the starlight dragon, epic",legend starlight dragon legend starlight dragon fantasy fantasy fantasy starlight dragon starlight dragon crystal mountain citadel crystal mountain citadel epic epic dragon magic crystal stars wizard spell enchanted fantasy starlight dragon epic dragon magic crystal stars wizard spell enchanted fantasy starlight dragon epic high mortal world among shimmering towers crystal mountain citadel ancient runes pulsed luminescent violet energy forged blade hummed radiant moonlight illuminating ancient dwarven carvings along cavern walls guardian dragon unfurled translucent wings sapphire scales lowered mighty head solemn recognition true heir celestial portal closed gently leaving behind tranquil night sky legacy courage etched stars,79,1
ST-0202,The Blade of The Moonstone Blade,"Legends spoke of the celestial epoch when the archmages first wove the fabric of time within the sanctuary of Elven Forest Sanctuary.

Vials of shimmering essence bubbled inside the brass alembics, releasing fragrant vapors of ambergris and starlight. With a soft resonance like silver bells, the golden grimoire floated into the air, its pages turning to reveal the forgotten ritual of renewal.

And so the song of Elven Forest Sanctuary was sung by elven bards in every hall, keeping the eternal memory of the magical quest alive.",Fantasy,The Moonstone Blade,Elven Forest Sanctuary,Mystical,"elven, sword, moonstone, magic, grove, blade, runes, fantasy, the moonstone blade, mystical",blade moonstone blade blade moonstone blade fantasy fantasy fantasy moonstone blade moonstone blade elven forest sanctuary elven forest sanctuary mystical mystical elven sword moonstone magic grove blade runes fantasy moonstone blade mystical elven sword moonstone magic grove blade runes fantasy moonstone blade mystical legends spoke celestial epoch archmages first wove fabric time within sanctuary elven forest sanctuary vials shimmering essence bubbled inside brass alembics releasing fragrant vapors ambergris starlight soft resonance like silver bells golden grimoire floated air pages turning reveal forgotten ritual renewal song elven forest sanctuary sung elven bards every hall keeping eternal memory magical quest alive,87,1
ST-0203,Chronicles of the The Alchemist's Portal,"A shimmering veil of stardust drifted across Tower of Ancient Secrets, heralding the awakening of powers dormant for a thousand winters.

Weaving threads of pure moonlight upon the astral loom, the sorceress repaired the shattered constellation. Across the sky, stars ignited one by one in brilliant harmony, showering the realm with blessings of peace and bountiful harvests.

With the realm saved and the balance of magic restored, the heroes looked down from Tower of Ancient Secrets onto a world bathed in renewed wonder.",Fantasy,The Alchemist's Portal,Tower of Ancient Secrets,Wondrous,"portal, alchemy, scroll, potions, dimension, spark, magic, fantasy, the alchemist's portal, wondrous",chronicles alchemist portal chronicles alchemist portal fantasy fantasy fantasy alchemist portal alchemist portal tower ancient secrets tower ancient secrets wondrous wondrous portal alchemy scroll potions dimension spark magic fantasy alchemist portal wondrous portal alchemy scroll potions dimension spark magic fantasy alchemist portal wondrous shimmering veil stardust drifted across tower ancient secrets heralding awakening powers dormant thousand winters weaving threads pure moonlight upon astral loom sorceress repaired shattered constellation across sky stars ignited one one brilliant harmony showering realm blessings peace bountiful harvests realm saved balance magic restored heroes looked tower ancient secrets onto world bathed renewed wonder,83,1
ST-0204,The Spell of The Phoenix Feather Quest,"The young apprentice stood before the towering obsidian gateway of Volcanic Ash Peak, clutching an iron key etched with elemental sigils.

Chanting the ancient incantation inscribed on the parchment, the mage raised the crystal staff. Beams of iridescent light converged on the monolith, dissolving the barrier between worlds. Winged celestial beasts leaped from the astral rift, circling the chamber with majestic grace.

The legendary artifact was placed upon its ancestral pedestal in Volcanic Ash Peak, where its light would protect the kingdom for centuries to come.",Fantasy,The Phoenix Feather Quest,Volcanic Ash Peak,Heroic,"phoenix, fire, feather, quest, flame, mythical, destiny, fantasy, the phoenix feather quest, heroic",spell phoenix feather quest spell phoenix feather quest fantasy fantasy fantasy phoenix feather quest phoenix feather quest volcanic ash peak volcanic ash peak heroic heroic phoenix fire feather quest flame mythical destiny fantasy phoenix feather quest heroic phoenix fire feather quest flame mythical destiny fantasy phoenix feather quest heroic young apprentice stood towering obsidian gateway volcanic ash peak clutching iron key etched elemental sigils chanting ancient incantation inscribed parchment mage raised crystal staff beams iridescent light converged monolith dissolving barrier worlds winged celestial beasts leaped astral rift circling chamber majestic grace legendary artifact placed upon ancestral pedestal volcanic ash peak light protect kingdom centuries come,86,1
ST-0205,The Dragon of The Whispering Grimoire,"Deep in the heart of Grand Arcane Archive, where starlight never faded, the sacred flame burned with a steady emerald glow.

The forged blade hummed with radiant moonlight, illuminating the ancient dwarven carvings along the cavern walls. As the guardian dragon unfurled its translucent wings of sapphire scales, it lowered its mighty head in solemn recognition of the true heir.

The celestial portal closed gently, leaving behind a tranquil night sky and a legacy of courage etched into the stars.",Fantasy,The Whispering Grimoire,Grand Arcane Archive,Enchanting,"grimoire, spells, archive, runes, apprentice, staff, magic, fantasy, the whispering grimoire, enchanting",dragon whispering grimoire dragon whispering grimoire fantasy fantasy fantasy whispering grimoire whispering grimoire grand arcane archive grand arcane archive enchanting enchanting grimoire spells archive runes apprentice staff magic fantasy whispering grimoire enchanting grimoire spells archive runes apprentice staff magic fantasy whispering grimoire enchanting deep heart grand arcane archive starlight never faded sacred flame burned steady emerald glow forged blade hummed radiant moonlight illuminating ancient dwarven carvings along cavern walls guardian dragon unfurled translucent wings sapphire scales lowered mighty head solemn recognition true heir celestial portal closed gently leaving behind tranquil night sky legacy courage etched stars,80,1
ST-0206,The Secret Realm of The Enchanted Clockwork Golem,"High above the mortal world, among the shimmering towers of Dwarven Under-City Forge, ancient runes pulsed with luminescent violet energy.

Vials of shimmering essence bubbled inside the brass alembics, releasing fragrant vapors of ambergris and starlight. With a soft resonance like silver bells, the golden grimoire floated into the air, its pages turning to reveal the forgotten ritual of renewal.

And so the song of Dwarven Under-City Forge was sung by elven bards in every hall, keeping the eternal memory of the magical quest alive.",Fantasy,The Enchanted Clockwork Golem,Dwarven Under-City Forge,Epic,"golem, dwarven, forge, runestones, hammer, cogs, magic, fantasy, the enchanted clockwork golem, epic",secret realm enchanted clockwork golem secret realm enchanted clockwork golem fantasy fantasy fantasy enchanted clockwork golem enchanted clockwork golem dwarven city forge dwarven city forge epic epic golem dwarven forge runestones hammer cogs magic fantasy enchanted clockwork golem epic golem dwarven forge runestones hammer cogs magic fantasy enchanted clockwork golem epic high mortal world among shimmering towers dwarven city forge ancient runes pulsed luminescent violet energy vials shimmering essence bubbled inside brass alembics releasing fragrant vapors ambergris starlight soft resonance like silver bells golden grimoire floated air pages turning reveal forgotten ritual renewal song dwarven city forge sung elven bards every hall keeping eternal memory magical quest alive,85,1
ST-0207,The Alchemist of The Siren's Pearl,"Legends spoke of the celestial epoch when the archmages first wove the fabric of time within the sanctuary of Sunken Coral Palace.

Weaving threads of pure moonlight upon the astral loom, the sorceress repaired the shattered constellation. Across the sky, stars ignited one by one in brilliant harmony, showering the realm with blessings of peace and bountiful harvests.

With the realm saved and the balance of magic restored, the heroes looked down from Sunken Coral Palace onto a world bathed in renewed wonder.",Fantasy,The Siren's Pearl,Sunken Coral Palace,Mysterious,"siren, ocean, pearl, underwater, tides, crown, myth, fantasy, the siren's pearl, mysterious",alchemist siren pearl alchemist siren pearl fantasy fantasy fantasy siren pearl siren pearl sunken coral palace sunken coral palace mysterious mysterious siren ocean pearl underwater tides crown myth fantasy siren pearl mysterious siren ocean pearl underwater tides crown myth fantasy siren pearl mysterious legends spoke celestial epoch archmages first wove fabric time within sanctuary sunken coral palace weaving threads pure moonlight upon astral loom sorceress repaired shattered constellation across sky stars ignited one one brilliant harmony showering realm blessings peace bountiful harvests realm saved balance magic restored heroes looked sunken coral palace onto world bathed renewed wonder,83,1
ST-0208,The Star of The Celestial Weaver,"A shimmering veil of stardust drifted across Cloud Spire Observatorium, heralding the awakening of powers dormant for a thousand winters.

Chanting the ancient incantation inscribed on the parchment, the mage raised the crystal staff. Beams of iridescent light converged on the monolith, dissolving the barrier between worlds. Winged celestial beasts leaped from the astral rift, circling the chamber with majestic grace.

The legendary artifact was placed upon its ancestral pedestal in Cloud Spire Observatorium, where its light would protect the kingdom for centuries to come.",Fantasy,The Celestial Weaver,Cloud Spire Observatorium,Sublime,"clouds, celestial, loom, tapestry, starlight, goddess, cosmos, fantasy, the celestial weaver, sublime",star celestial weaver star celestial weaver fantasy fantasy fantasy celestial weaver celestial weaver cloud spire observatorium cloud spire observatorium sublime sublime clouds celestial loom tapestry starlight goddess cosmos fantasy celestial weaver sublime clouds celestial loom tapestry starlight goddess cosmos fantasy celestial weaver sublime shimmering veil stardust drifted across cloud spire observatorium heralding awakening powers dormant thousand winters chanting ancient incantation inscribed parchment mage raised crystal staff beams iridescent light converged monolith dissolving barrier worlds winged celestial beasts leaped astral rift circling chamber majestic grace legendary artifact placed upon ancestral pedestal cloud spire observatorium light protect kingdom centuries come,85,1
ST-0209,The Citadel of The Starlight Dragon,"The young apprentice stood before the towering obsidian gateway of Crystal Mountain Citadel, clutching an iron key etched with elemental sigils.

The forged blade hummed with radiant moonlight, illuminating the ancient dwarven carvings along the cavern walls. As the guardian dragon unfurled its translucent wings of sapphire scales, it lowered its mighty head in solemn recognition of the true heir.

The celestial portal closed gently, leaving behind a tranquil night sky and a legacy of courage etched into the stars.",Fantasy,The Starlight Dragon,Crystal Mountain Citadel,Epic,"dragon, magic, crystal, stars, wizard, spell, enchanted, fantasy, the starlight dragon, epic",citadel starlight dragon citadel starlight dragon fantasy fantasy fantasy starlight dragon starlight dragon crystal mountain citadel crystal mountain citadel epic epic dragon magic crystal stars wizard spell enchanted fantasy starlight dragon epic dragon magic crystal stars wizard spell enchanted fantasy starlight dragon epic young apprentice stood towering obsidian gateway crystal mountain citadel clutching iron key etched elemental sigils forged blade hummed radiant moonlight illuminating ancient dwarven carvings along cavern walls guardian dragon unfurled translucent wings sapphire scales lowered mighty head solemn recognition true heir celestial portal closed gently leaving behind tranquil night sky legacy courage etched stars,80,1
ST-0210,The Enchantment of The Moonstone Blade,"Deep in the heart of Elven Forest Sanctuary, where starlight never faded, the sacred flame burned with a steady emerald glow.

Vials of shimmering essence bubbled inside the brass alembics, releasing fragrant vapors of ambergris and starlight. With a soft resonance like silver bells, the golden grimoire floated into the air, its pages turning to reveal the forgotten ritual of renewal.

And so the song of Elven Forest Sanctuary was sung by elven bards in every hall, keeping the eternal memory of the magical quest alive.",Fantasy,The Moonstone Blade,Elven Forest Sanctuary,Mystical,"elven, sword, moonstone, magic, grove, blade, runes, fantasy, the moonstone blade, mystical",enchantment moonstone blade enchantment moonstone blade fantasy fantasy fantasy moonstone blade moonstone blade elven forest sanctuary elven forest sanctuary mystical mystical elven sword moonstone magic grove blade runes fantasy moonstone blade mystical elven sword moonstone magic grove blade runes fantasy moonstone blade mystical deep heart elven forest sanctuary starlight never faded sacred flame burned steady emerald glow vials shimmering essence bubbled inside brass alembics releasing fragrant vapors ambergris starlight soft resonance like silver bells golden grimoire floated air pages turning reveal forgotten ritual renewal song elven forest sanctuary sung elven bards every hall keeping eternal memory magical quest alive,86,1
ST-0211,The Legend of the The Alchemist's Portal,"High above the mortal world, among the shimmering towers of Tower of Ancient Secrets, ancient runes pulsed with luminescent violet energy.

Weaving threads of pure moonlight upon the astral loom, the sorceress repaired the shattered constellation. Across the sky, stars ignited one by one in brilliant harmony, showering the realm with blessings of peace and bountiful harvests.

With the realm saved and the balance of magic restored, the heroes looked down from Tower of Ancient Secrets onto a world bathed in renewed wonder.",Fantasy,The Alchemist's Portal,Tower of Ancient Secrets,Wondrous,"portal, alchemy, scroll, potions, dimension, spark, magic, fantasy, the alchemist's portal, wondrous",legend alchemist portal legend alchemist portal fantasy fantasy fantasy alchemist portal alchemist portal tower ancient secrets tower ancient secrets wondrous wondrous portal alchemy scroll potions dimension spark magic fantasy alchemist portal wondrous portal alchemy scroll potions dimension spark magic fantasy alchemist portal wondrous high mortal world among shimmering towers tower ancient secrets ancient runes pulsed luminescent violet energy weaving threads pure moonlight upon astral loom sorceress repaired shattered constellation across sky stars ignited one one brilliant harmony showering realm blessings peace bountiful harvests realm saved balance magic restored heroes looked tower ancient secrets onto world bathed renewed wonder,83,1
ST-0212,The Blade of The Phoenix Feather Quest,"Legends spoke of the celestial epoch when the archmages first wove the fabric of time within the sanctuary of Volcanic Ash Peak.

Chanting the ancient incantation inscribed on the parchment, the mage raised the crystal staff. Beams of iridescent light converged on the monolith, dissolving the barrier between worlds. Winged celestial beasts leaped from the astral rift, circling the chamber with majestic grace.

The legendary artifact was placed upon its ancestral pedestal in Volcanic Ash Peak, where its light would protect the kingdom for centuries to come.",Fantasy,The Phoenix Feather Quest,Volcanic Ash Peak,Heroic,"phoenix, fire, feather, quest, flame, mythical, destiny, fantasy, the phoenix feather quest, heroic",blade phoenix feather quest blade phoenix feather quest fantasy fantasy fantasy phoenix feather quest phoenix feather quest volcanic ash peak volcanic ash peak heroic heroic phoenix fire feather quest flame mythical destiny fantasy phoenix feather quest heroic phoenix fire feather quest flame mythical destiny fantasy phoenix feather quest heroic legends spoke celestial epoch archmages first wove fabric time within sanctuary volcanic ash peak chanting ancient incantation inscribed parchment mage raised crystal staff beams iridescent light converged monolith dissolving barrier worlds winged celestial beasts leaped astral rift circling chamber majestic grace legendary artifact placed upon ancestral pedestal volcanic ash peak light protect kingdom centuries come,87,1
ST-0213,Chronicles of the The Whispering Grimoire,"A shimmering veil of stardust drifted across Grand Arcane Archive, heralding the awakening of powers dormant for a thousand winters.

The forged blade hummed with radiant moonlight, illuminating the ancient dwarven carvings along the cavern walls. As the guardian dragon unfurled its translucent wings of sapphire scales, it lowered its mighty head in solemn recognition of the true heir.

The celestial portal closed gently, leaving behind a tranquil night sky and a legacy of courage etched into the stars.",Fantasy,The Whispering Grimoire,Grand Arcane Archive,Enchanting,"grimoire, spells, archive, runes, apprentice, staff, magic, fantasy, the whispering grimoire, enchanting",chronicles whispering grimoire chronicles whispering grimoire fantasy fantasy fantasy whispering grimoire whispering grimoire grand arcane archive grand arcane archive enchanting enchanting grimoire spells archive runes apprentice staff magic fantasy whispering grimoire enchanting grimoire spells archive runes apprentice staff magic fantasy whispering grimoire enchanting shimmering veil stardust drifted across grand arcane archive heralding awakening powers dormant thousand winters forged blade hummed radiant moonlight illuminating ancient dwarven carvings along cavern walls guardian dragon unfurled translucent wings sapphire scales lowered mighty head solemn recognition true heir celestial portal closed gently leaving behind tranquil night sky legacy courage etched stars,79,1
ST-0214,The Spell of The Enchanted Clockwork Golem,"The young apprentice stood before the towering obsidian gateway of Dwarven Under-City Forge, clutching an iron key etched with elemental sigils.

Vials of shimmering essence bubbled inside the brass alembics, releasing fragrant vapors of ambergris and starlight. With a soft resonance like silver bells, the golden grimoire floated into the air, its pages turning to reveal the forgotten ritual of renewal.

And so the song of Dwarven Under-City Forge was sung by elven bards in every hall, keeping the eternal memory of the magical quest alive.",Fantasy,The Enchanted Clockwork Golem,Dwarven Under-City Forge,Epic,"golem, dwarven, forge, runestones, hammer, cogs, magic, fantasy, the enchanted clockwork golem, epic",spell enchanted clockwork golem spell enchanted clockwork golem fantasy fantasy fantasy enchanted clockwork golem enchanted clockwork golem dwarven city forge dwarven city forge epic epic golem dwarven forge runestones hammer cogs magic fantasy enchanted clockwork golem epic golem dwarven forge runestones hammer cogs magic fantasy enchanted clockwork golem epic young apprentice stood towering obsidian gateway dwarven city forge clutching iron key etched elemental sigils vials shimmering essence bubbled inside brass alembics releasing fragrant vapors ambergris starlight soft resonance like silver bells golden grimoire floated air pages turning reveal forgotten ritual renewal song dwarven city forge sung elven bards every hall keeping eternal memory magical quest alive,86,1
ST-0215,The Dragon of The Siren's Pearl,"Deep in the heart of Sunken Coral Palace, where starlight never faded, the sacred flame burned with a steady emerald glow.

Weaving threads of pure moonlight upon the astral loom, the sorceress repaired the shattered constellation. Across the sky, stars ignited one by one in brilliant harmony, showering the realm with blessings of peace and bountiful harvests.

With the realm saved and the balance of magic restored, the heroes looked down from Sunken Coral Palace onto a world bathed in renewed wonder.",Fantasy,The Siren's Pearl,Sunken Coral Palace,Mysterious,"siren, ocean, pearl, underwater, tides, crown, myth, fantasy, the siren's pearl, mysterious",dragon siren pearl dragon siren pearl fantasy fantasy fantasy siren pearl siren pearl sunken coral palace sunken coral palace mysterious mysterious siren ocean pearl underwater tides crown myth fantasy siren pearl mysterious siren ocean pearl underwater tides crown myth fantasy siren pearl mysterious deep heart sunken coral palace starlight never faded sacred flame burned steady emerald glow weaving threads pure moonlight upon astral loom sorceress repaired shattered constellation across sky stars ignited one one brilliant harmony showering realm blessings peace bountiful harvests realm saved balance magic restored heroes looked sunken coral palace onto world bathed renewed wonder,82,1
ST-0216,The Secret Realm of The Celestial Weaver,"High above the mortal world, among the shimmering towers of Cloud Spire Observatorium, ancient runes pulsed with luminescent violet energy.

Chanting the ancient incantation inscribed on the parchment, the mage raised the crystal staff. Beams of iridescent light converged on the monolith, dissolving the barrier between worlds. Winged celestial beasts leaped from the astral rift, circling the chamber with majestic grace.

The legendary artifact was placed upon its ancestral pedestal in Cloud Spire Observatorium, where its light would protect the kingdom for centuries to come.",Fantasy,The Celestial Weaver,Cloud Spire Observatorium,Sublime,"clouds, celestial, loom, tapestry, starlight, goddess, cosmos, fantasy, the celestial weaver, sublime",secret realm celestial weaver secret realm celestial weaver fantasy fantasy fantasy celestial weaver celestial weaver cloud spire observatorium cloud spire observatorium sublime sublime clouds celestial loom tapestry starlight goddess cosmos fantasy celestial weaver sublime clouds celestial loom tapestry starlight goddess cosmos fantasy celestial weaver sublime high mortal world among shimmering towers cloud spire observatorium ancient runes pulsed luminescent violet energy chanting ancient incantation inscribed parchment mage raised crystal staff beams iridescent light converged monolith dissolving barrier worlds winged celestial beasts leaped astral rift circling chamber majestic grace legendary artifact placed upon ancestral pedestal cloud spire observatorium light protect kingdom centuries come,85,1
ST-0217,The Alchemist of The Starlight Dragon,"Legends spoke of the celestial epoch when the archmages first wove the fabric of time within the sanctuary of Crystal Mountain Citadel.

The forged blade hummed with radiant moonlight, illuminating the ancient dwarven carvings along the cavern walls. As the guardian dragon unfurled its translucent wings of sapphire scales, it lowered its mighty head in solemn recognition of the true heir.

The celestial portal closed gently, leaving behind a tranquil night sky and a legacy of courage etched into the stars.",Fantasy,The Starlight Dragon,Crystal Mountain Citadel,Epic,"dragon, magic, crystal, stars, wizard, spell, enchanted, fantasy, the starlight dragon, epic",alchemist starlight dragon alchemist starlight dragon fantasy fantasy fantasy starlight dragon starlight dragon crystal mountain citadel crystal mountain citadel epic epic dragon magic crystal stars wizard spell enchanted fantasy starlight dragon epic dragon magic crystal stars wizard spell enchanted fantasy starlight dragon epic legends spoke celestial epoch archmages first wove fabric time within sanctuary crystal mountain citadel forged blade hummed radiant moonlight illuminating ancient dwarven carvings along cavern walls guardian dragon unfurled translucent wings sapphire scales lowered mighty head solemn recognition true heir celestial portal closed gently leaving behind tranquil night sky legacy courage etched stars,81,1
ST-0218,The Star of The Moonstone Blade,"A shimmering veil of stardust drifted across Elven Forest Sanctuary, heralding the awakening of powers dormant for a thousand winters.

Vials of shimmering essence bubbled inside the brass alembics, releasing fragrant vapors of ambergris and starlight. With a soft resonance like silver bells, the golden grimoire floated into the air, its pages turning to reveal the forgotten ritual of renewal.

And so the song of Elven Forest Sanctuary was sung by elven bards in every hall, keeping the eternal memory of the magical quest alive.",Fantasy,The Moonstone Blade,Elven Forest Sanctuary,Mystical,"elven, sword, moonstone, magic, grove, blade, runes, fantasy, the moonstone blade, mystical",star moonstone blade star moonstone blade fantasy fantasy fantasy moonstone blade moonstone blade elven forest sanctuary elven forest sanctuary mystical mystical elven sword moonstone magic grove blade runes fantasy moonstone blade mystical elven sword moonstone magic grove blade runes fantasy moonstone blade mystical shimmering veil stardust drifted across elven forest sanctuary heralding awakening powers dormant thousand winters vials shimmering essence bubbled inside brass alembics releasing fragrant vapors ambergris starlight soft resonance like silver bells golden grimoire floated air pages turning reveal forgotten ritual renewal song elven forest sanctuary sung elven bards every hall keeping eternal memory magical quest alive,85,1
ST-0219,The Citadel of The Alchemist's Portal,"The young apprentice stood before the towering obsidian gateway of Tower of Ancient Secrets, clutching an iron key etched with elemental sigils.

Weaving threads of pure moonlight upon the astral loom, the sorceress repaired the shattered constellation. Across the sky, stars ignited one by one in brilliant harmony, showering the realm with blessings of peace and bountiful harvests.

With the realm saved and the balance of magic restored, the heroes looked down from Tower of Ancient Secrets onto a world bathed in renewed wonder.",Fantasy,The Alchemist's Portal,Tower of Ancient Secrets,Wondrous,"portal, alchemy, scroll, potions, dimension, spark, magic, fantasy, the alchemist's portal, wondrous",citadel alchemist portal citadel alchemist portal fantasy fantasy fantasy alchemist portal alchemist portal tower ancient secrets tower ancient secrets wondrous wondrous portal alchemy scroll potions dimension spark magic fantasy alchemist portal wondrous portal alchemy scroll potions dimension spark magic fantasy alchemist portal wondrous young apprentice stood towering obsidian gateway tower ancient secrets clutching iron key etched elemental sigils weaving threads pure moonlight upon astral loom sorceress repaired shattered constellation across sky stars ignited one one brilliant harmony showering realm blessings peace bountiful harvests realm saved balance magic restored heroes looked tower ancient secrets onto world bathed renewed wonder,84,1
ST-0220,The Enchantment of The Phoenix Feather Quest,"Deep in the heart of Volcanic Ash Peak, where starlight never faded, the sacred flame burned with a steady emerald glow.

Chanting the ancient incantation inscribed on the parchment, the mage raised the crystal staff. Beams of iridescent light converged on the monolith, dissolving the barrier between worlds. Winged celestial beasts leaped from the astral rift, circling the chamber with majestic grace.

The legendary artifact was placed upon its ancestral pedestal in Volcanic Ash Peak, where its light would protect the kingdom for centuries to come.",Fantasy,The Phoenix Feather Quest,Volcanic Ash Peak,Heroic,"phoenix, fire, feather, quest, flame, mythical, destiny, fantasy, the phoenix feather quest, heroic",enchantment phoenix feather quest enchantment phoenix feather quest fantasy fantasy fantasy phoenix feather quest phoenix feather quest volcanic ash peak volcanic ash peak heroic heroic phoenix fire feather quest flame mythical destiny fantasy phoenix feather quest heroic phoenix fire feather quest flame mythical destiny fantasy phoenix feather quest heroic deep heart volcanic ash peak starlight never faded sacred flame burned steady emerald glow chanting ancient incantation inscribed parchment mage raised crystal staff beams iridescent light converged monolith dissolving barrier worlds winged celestial beasts leaped astral rift circling chamber majestic grace legendary artifact placed upon ancestral pedestal volcanic ash peak light protect kingdom centuries come,86,1
ST-0221,The Legend of the The Whispering Grimoire,"High above the mortal world, among the shimmering towers of Grand Arcane Archive, ancient runes pulsed with luminescent violet energy.

The forged blade hummed with radiant moonlight, illuminating the ancient dwarven carvings along the cavern walls. As the guardian dragon unfurled its translucent wings of sapphire scales, it lowered its mighty head in solemn recognition of the true heir.

The celestial portal closed gently, leaving behind a tranquil night sky and a legacy of courage etched into the stars.",Fantasy,The Whispering Grimoire,Grand Arcane Archive,Enchanting,"grimoire, spells, archive, runes, apprentice, staff, magic, fantasy, the whispering grimoire, enchanting",legend whispering grimoire legend whispering grimoire fantasy fantasy fantasy whispering grimoire whispering grimoire grand arcane archive grand arcane archive enchanting enchanting grimoire spells archive runes apprentice staff magic fantasy whispering grimoire enchanting grimoire spells archive runes apprentice staff magic fantasy whispering grimoire enchanting high mortal world among shimmering towers grand arcane archive ancient runes pulsed luminescent violet energy forged blade hummed radiant moonlight illuminating ancient dwarven carvings along cavern walls guardian dragon unfurled translucent wings sapphire scales lowered mighty head solemn recognition true heir celestial portal closed gently leaving behind tranquil night sky legacy courage etched stars,79,1
ST-0222,The Blade of The Enchanted Clockwork Golem,"Legends spoke of the celestial epoch when the archmages first wove the fabric of time within the sanctuary of Dwarven Under-City Forge.

Vials of shimmering essence bubbled inside the brass alembics, releasing fragrant vapors of ambergris and starlight. With a soft resonance like silver bells, the golden grimoire floated into the air, its pages turning to reveal the forgotten ritual of renewal.

And so the song of Dwarven Under-City Forge was sung by elven bards in every hall, keeping the eternal memory of the magical quest alive.",Fantasy,The Enchanted Clockwork Golem,Dwarven Under-City Forge,Epic,"golem, dwarven, forge, runestones, hammer, cogs, magic, fantasy, the enchanted clockwork golem, epic",blade enchanted clockwork golem blade enchanted clockwork golem fantasy fantasy fantasy enchanted clockwork golem enchanted clockwork golem dwarven city forge dwarven city forge epic epic golem dwarven forge runestones hammer cogs magic fantasy enchanted clockwork golem epic golem dwarven forge runestones hammer cogs magic fantasy enchanted clockwork golem epic legends spoke celestial epoch archmages first wove fabric time within sanctuary dwarven city forge vials shimmering essence bubbled inside brass alembics releasing fragrant vapors ambergris starlight soft resonance like silver bells golden grimoire floated air pages turning reveal forgotten ritual renewal song dwarven city forge sung elven bards every hall keeping eternal memory magical quest alive,87,1
ST-0223,Chronicles of the The Siren's Pearl,"A shimmering veil of stardust drifted across Sunken Coral Palace, heralding the awakening of powers dormant for a thousand winters.

Weaving threads of pure moonlight upon the astral loom, the sorceress repaired the shattered constellation. Across the sky, stars ignited one by one in brilliant harmony, showering the realm with blessings of peace and bountiful harvests.

With the realm saved and the balance of magic restored, the heroes looked down from Sunken Coral Palace onto a world bathed in renewed wonder.",Fantasy,The Siren's Pearl,Sunken Coral Palace,Mysterious,"siren, ocean, pearl, underwater, tides, crown, myth, fantasy, the siren's pearl, mysterious",chronicles siren pearl chronicles siren pearl fantasy fantasy fantasy siren pearl siren pearl sunken coral palace sunken coral palace mysterious mysterious siren ocean pearl underwater tides crown myth fantasy siren pearl mysterious siren ocean pearl underwater tides crown myth fantasy siren pearl mysterious shimmering veil stardust drifted across sunken coral palace heralding awakening powers dormant thousand winters weaving threads pure moonlight upon astral loom sorceress repaired shattered constellation across sky stars ignited one one brilliant harmony showering realm blessings peace bountiful harvests realm saved balance magic restored heroes looked sunken coral palace onto world bathed renewed wonder,81,1
ST-0224,The Spell of The Celestial Weaver,"The young apprentice stood before the towering obsidian gateway of Cloud Spire Observatorium, clutching an iron key etched with elemental sigils.

Chanting the ancient incantation inscribed on the parchment, the mage raised the crystal staff. Beams of iridescent light converged on the monolith, dissolving the barrier between worlds. Winged celestial beasts leaped from the astral rift, circling the chamber with majestic grace.

The legendary artifact was placed upon its ancestral pedestal in Cloud Spire Observatorium, where its light would protect the kingdom for centuries to come.",Fantasy,The Celestial Weaver,Cloud Spire Observatorium,Sublime,"clouds, celestial, loom, tapestry, starlight, goddess, cosmos, fantasy, the celestial weaver, sublime",spell celestial weaver spell celestial weaver fantasy fantasy fantasy celestial weaver celestial weaver cloud spire observatorium cloud spire observatorium sublime sublime clouds celestial loom tapestry starlight goddess cosmos fantasy celestial weaver sublime clouds celestial loom tapestry starlight goddess cosmos fantasy celestial weaver sublime young apprentice stood towering obsidian gateway cloud spire observatorium clutching iron key etched elemental sigils chanting ancient incantation inscribed parchment mage raised crystal staff beams iridescent light converged monolith dissolving barrier worlds winged celestial beasts leaped astral rift circling chamber majestic grace legendary artifact placed upon ancestral pedestal cloud spire observatorium light protect kingdom centuries come,86,1
ST-0225,The Dragon of The Starlight Dragon,"Deep in the heart of Crystal Mountain Citadel, where starlight never faded, the sacred flame burned with a steady emerald glow.

The forged blade hummed with radiant moonlight, illuminating the ancient dwarven carvings along the cavern walls. As the guardian dragon unfurled its translucent wings of sapphire scales, it lowered its mighty head in solemn recognition of the true heir.

The celestial portal closed gently, leaving behind a tranquil night sky and a legacy of courage etched into the stars.",Fantasy,The Starlight Dragon,Crystal Mountain Citadel,Epic,"dragon, magic, crystal, stars, wizard, spell, enchanted, fantasy, the starlight dragon, epic",dragon starlight dragon dragon starlight dragon fantasy fantasy fantasy starlight dragon starlight dragon crystal mountain citadel crystal mountain citadel epic epic dragon magic crystal stars wizard spell enchanted fantasy starlight dragon epic dragon magic crystal stars wizard spell enchanted fantasy starlight dragon epic deep heart crystal mountain citadel starlight never faded sacred flame burned steady emerald glow forged blade hummed radiant moonlight illuminating ancient dwarven carvings along cavern walls guardian dragon unfurled translucent wings sapphire scales lowered mighty head solemn recognition true heir celestial portal closed gently leaving behind tranquil night sky legacy courage etched stars,80,1
ST-0226,The Secret Realm of The Moonstone Blade,"High above the mortal world, among the shimmering towers of Elven Forest Sanctuary, ancient runes pulsed with luminescent violet energy.

Vials of shimmering essence bubbled inside the brass alembics, releasing fragrant vapors of ambergris and starlight. With a soft resonance like silver bells, the golden grimoire floated into the air, its pages turning to reveal the forgotten ritual of renewal.

And so the song of Elven Forest Sanctuary was sung by elven bards in every hall, keeping the eternal memory of the magical quest alive.",Fantasy,The Moonstone Blade,Elven Forest Sanctuary,Mystical,"elven, sword, moonstone, magic, grove, blade, runes, fantasy, the moonstone blade, mystical",secret realm moonstone blade secret realm moonstone blade fantasy fantasy fantasy moonstone blade moonstone blade elven forest sanctuary elven forest sanctuary mystical mystical elven sword moonstone magic grove blade runes fantasy moonstone blade mystical elven sword moonstone magic grove blade runes fantasy moonstone blade mystical high mortal world among shimmering towers elven forest sanctuary ancient runes pulsed luminescent violet energy vials shimmering essence bubbled inside brass alembics releasing fragrant vapors ambergris starlight soft resonance like silver bells golden grimoire floated air pages turning reveal forgotten ritual renewal song elven forest sanctuary sung elven bards every hall keeping eternal memory magical quest alive,85,1
ST-0227,The Alchemist of The Alchemist's Portal,"Legends spoke of the celestial epoch when the archmages first wove the fabric of time within the sanctuary of Tower of Ancient Secrets.

Weaving threads of pure moonlight upon the astral loom, the sorceress repaired the shattered constellation. Across the sky, stars ignited one by one in brilliant harmony, showering the realm with blessings of peace and bountiful harvests.

With the realm saved and the balance of magic restored, the heroes looked down from Tower of Ancient Secrets onto a world bathed in renewed wonder.",Fantasy,The Alchemist's Portal,Tower of Ancient Secrets,Wondrous,"portal, alchemy, scroll, potions, dimension, spark, magic, fantasy, the alchemist's portal, wondrous",alchemist alchemist portal alchemist alchemist portal fantasy fantasy fantasy alchemist portal alchemist portal tower ancient secrets tower ancient secrets wondrous wondrous portal alchemy scroll potions dimension spark magic fantasy alchemist portal wondrous portal alchemy scroll potions dimension spark magic fantasy alchemist portal wondrous legends spoke celestial epoch archmages first wove fabric time within sanctuary tower ancient secrets weaving threads pure moonlight upon astral loom sorceress repaired shattered constellation across sky stars ignited one one brilliant harmony showering realm blessings peace bountiful harvests realm saved balance magic restored heroes looked tower ancient secrets onto world bathed renewed wonder,85,1
ST-0228,The Star of The Phoenix Feather Quest,"A shimmering veil of stardust drifted across Volcanic Ash Peak, heralding the awakening of powers dormant for a thousand winters.

Chanting the ancient incantation inscribed on the parchment, the mage raised the crystal staff. Beams of iridescent light converged on the monolith, dissolving the barrier between worlds. Winged celestial beasts leaped from the astral rift, circling the chamber with majestic grace.

The legendary artifact was placed upon its ancestral pedestal in Volcanic Ash Peak, where its light would protect the kingdom for centuries to come.",Fantasy,The Phoenix Feather Quest,Volcanic Ash Peak,Heroic,"phoenix, fire, feather, quest, flame, mythical, destiny, fantasy, the phoenix feather quest, heroic",star phoenix feather quest star phoenix feather quest fantasy fantasy fantasy phoenix feather quest phoenix feather quest volcanic ash peak volcanic ash peak heroic heroic phoenix fire feather quest flame mythical destiny fantasy phoenix feather quest heroic phoenix fire feather quest flame mythical destiny fantasy phoenix feather quest heroic shimmering veil stardust drifted across volcanic ash peak heralding awakening powers dormant thousand winters chanting ancient incantation inscribed parchment mage raised crystal staff beams iridescent light converged monolith dissolving barrier worlds winged celestial beasts leaped astral rift circling chamber majestic grace legendary artifact placed upon ancestral pedestal volcanic ash peak light protect kingdom centuries come,85,1
ST-0229,The Citadel of The Whispering Grimoire,"The young apprentice stood before the towering obsidian gateway of Grand Arcane Archive, clutching an iron key etched with elemental sigils.

The forged blade hummed with radiant moonlight, illuminating the ancient dwarven carvings along the cavern walls. As the guardian dragon unfurled its translucent wings of sapphire scales, it lowered its mighty head in solemn recognition of the true heir.

The celestial portal closed gently, leaving behind a tranquil night sky and a legacy of courage etched into the stars.",Fantasy,The Whispering Grimoire,Grand Arcane Archive,Enchanting,"grimoire, spells, archive, runes, apprentice, staff, magic, fantasy, the whispering grimoire, enchanting",citadel whispering grimoire citadel whispering grimoire fantasy fantasy fantasy whispering grimoire whispering grimoire grand arcane archive grand arcane archive enchanting enchanting grimoire spells archive runes apprentice staff magic fantasy whispering grimoire enchanting grimoire spells archive runes apprentice staff magic fantasy whispering grimoire enchanting young apprentice stood towering obsidian gateway grand arcane archive clutching iron key etched elemental sigils forged blade hummed radiant moonlight illuminating ancient dwarven carvings along cavern walls guardian dragon unfurled translucent wings sapphire scales lowered mighty head solemn recognition true heir celestial portal closed gently leaving behind tranquil night sky legacy courage etched stars,80,1
ST-0230,The Enchantment of The Enchanted Clockwork Golem,"Deep in the heart of Dwarven Under-City Forge, where starlight never faded, the sacred flame burned with a steady emerald glow.

Vials of shimmering essence bubbled inside the brass alembics, releasing fragrant vapors of ambergris and starlight. With a soft resonance like silver bells, the golden grimoire floated into the air, its pages turning to reveal the forgotten ritual of renewal.

And so the song of Dwarven Under-City Forge was sung by elven bards in every hall, keeping the eternal memory of the magical quest alive.",Fantasy,The Enchanted Clockwork Golem,Dwarven Under-City Forge,Epic,"golem, dwarven, forge, runestones, hammer, cogs, magic, fantasy, the enchanted clockwork golem, epic",enchantment enchanted clockwork golem enchantment enchanted clockwork golem fantasy fantasy fantasy enchanted clockwork golem enchanted clockwork golem dwarven city forge dwarven city forge epic epic golem dwarven forge runestones hammer cogs magic fantasy enchanted clockwork golem epic golem dwarven forge runestones hammer cogs magic fantasy enchanted clockwork golem epic deep heart dwarven city forge starlight never faded sacred flame burned steady emerald glow vials shimmering essence bubbled inside brass alembics releasing fragrant vapors ambergris starlight soft resonance like silver bells golden grimoire floated air pages turning reveal forgotten ritual renewal song dwarven city forge sung elven bards every hall keeping eternal memory magical quest alive,86,1
ST-0231,The Legend of the The Siren's Pearl,"High above the mortal world, among the shimmering towers of Sunken Coral Palace, ancient runes pulsed with luminescent violet energy.

Weaving threads of pure moonlight upon the astral loom, the sorceress repaired the shattered constellation. Across the sky, stars ignited one by one in brilliant harmony, showering the realm with blessings of peace and bountiful harvests.

With the realm saved and the balance of magic restored, the heroes looked down from Sunken Coral Palace onto a world bathed in renewed wonder.",Fantasy,The Siren's Pearl,Sunken Coral Palace,Mysterious,"siren, ocean, pearl, underwater, tides, crown, myth, fantasy, the siren's pearl, mysterious",legend siren pearl legend siren pearl fantasy fantasy fantasy siren pearl siren pearl sunken coral palace sunken coral palace mysterious mysterious siren ocean pearl underwater tides crown myth fantasy siren pearl mysterious siren ocean pearl underwater tides crown myth fantasy siren pearl mysterious high mortal world among shimmering towers sunken coral palace ancient runes pulsed luminescent violet energy weaving threads pure moonlight upon astral loom sorceress repaired shattered constellation across sky stars ignited one one brilliant harmony showering realm blessings peace bountiful harvests realm saved balance magic restored heroes looked sunken coral palace onto world bathed renewed wonder,81,1
ST-0232,The Blade of The Celestial Weaver,"Legends spoke of the celestial epoch when the archmages first wove the fabric of time within the sanctuary of Cloud Spire Observatorium.

Chanting the ancient incantation inscribed on the parchment, the mage raised the crystal staff. Beams of iridescent light converged on the monolith, dissolving the barrier between worlds. Winged celestial beasts leaped from the astral rift, circling the chamber with majestic grace.

The legendary artifact was placed upon its ancestral pedestal in Cloud Spire Observatorium, where its light would protect the kingdom for centuries to come.",Fantasy,The Celestial Weaver,Cloud Spire Observatorium,Sublime,"clouds, celestial, loom, tapestry, starlight, goddess, cosmos, fantasy, the celestial weaver, sublime",blade celestial weaver blade celestial weaver fantasy fantasy fantasy celestial weaver celestial weaver cloud spire observatorium cloud spire observatorium sublime sublime clouds celestial loom tapestry starlight goddess cosmos fantasy celestial weaver sublime clouds celestial loom tapestry starlight goddess cosmos fantasy celestial weaver sublime legends spoke celestial epoch archmages first wove fabric time within sanctuary cloud spire observatorium chanting ancient incantation inscribed parchment mage raised crystal staff beams iridescent light converged monolith dissolving barrier worlds winged celestial beasts leaped astral rift circling chamber majestic grace legendary artifact placed upon ancestral pedestal cloud spire observatorium light protect kingdom centuries come,87,1
ST-0233,Chronicles of the The Starlight Dragon,"A shimmering veil of stardust drifted across Crystal Mountain Citadel, heralding the awakening of powers dormant for a thousand winters.

The forged blade hummed with radiant moonlight, illuminating the ancient dwarven carvings along the cavern walls. As the guardian dragon unfurled its translucent wings of sapphire scales, it lowered its mighty head in solemn recognition of the true heir.

The celestial portal closed gently, leaving behind a tranquil night sky and a legacy of courage etched into the stars.",Fantasy,The Starlight Dragon,Crystal Mountain Citadel,Epic,"dragon, magic, crystal, stars, wizard, spell, enchanted, fantasy, the starlight dragon, epic",chronicles starlight dragon chronicles starlight dragon fantasy fantasy fantasy starlight dragon starlight dragon crystal mountain citadel crystal mountain citadel epic epic dragon magic crystal stars wizard spell enchanted fantasy starlight dragon epic dragon magic crystal stars wizard spell enchanted fantasy starlight dragon epic shimmering veil stardust drifted across crystal mountain citadel heralding awakening powers dormant thousand winters forged blade hummed radiant moonlight illuminating ancient dwarven carvings along cavern walls guardian dragon unfurled translucent wings sapphire scales lowered mighty head solemn recognition true heir celestial portal closed gently leaving behind tranquil night sky legacy courage etched stars,79,1
ST-0234,The Spell of The Moonstone Blade,"The young apprentice stood before the towering obsidian gateway of Elven Forest Sanctuary, clutching an iron key etched with elemental sigils.

Vials of shimmering essence bubbled inside the brass alembics, releasing fragrant vapors of ambergris and starlight. With a soft resonance like silver bells, the golden grimoire floated into the air, its pages turning to reveal the forgotten ritual of renewal.

And so the song of Elven Forest Sanctuary was sung by elven bards in every hall, keeping the eternal memory of the magical quest alive.",Fantasy,The Moonstone Blade,Elven Forest Sanctuary,Mystical,"elven, sword, moonstone, magic, grove, blade, runes, fantasy, the moonstone blade, mystical",spell moonstone blade spell moonstone blade fantasy fantasy fantasy moonstone blade moonstone blade elven forest sanctuary elven forest sanctuary mystical mystical elven sword moonstone magic grove blade runes fantasy moonstone blade mystical elven sword moonstone magic grove blade runes fantasy moonstone blade mystical young apprentice stood towering obsidian gateway elven forest sanctuary clutching iron key etched elemental sigils vials shimmering essence bubbled inside brass alembics releasing fragrant vapors ambergris starlight soft resonance like silver bells golden grimoire floated air pages turning reveal forgotten ritual renewal song elven forest sanctuary sung elven bards every hall keeping eternal memory magical quest alive,86,1
ST-0235,The Dragon of The Alchemist's Portal,"Deep in the heart of Tower of Ancient Secrets, where starlight never faded, the sacred flame burned with a steady emerald glow.

Weaving threads of pure moonlight upon the astral loom, the sorceress repaired the shattered constellation. Across the sky, stars ignited one by one in brilliant harmony, showering the realm with blessings of peace and bountiful harvests.

With the realm saved and the balance of magic restored, the heroes looked down from Tower of Ancient Secrets onto a world bathed in renewed wonder.",Fantasy,The Alchemist's Portal,Tower of Ancient Secrets,Wondrous,"portal, alchemy, scroll, potions, dimension, spark, magic, fantasy, the alchemist's portal, wondrous",dragon alchemist portal dragon alchemist portal fantasy fantasy fantasy alchemist portal alchemist portal tower ancient secrets tower ancient secrets wondrous wondrous portal alchemy scroll potions dimension spark magic fantasy alchemist portal wondrous portal alchemy scroll potions dimension spark magic fantasy alchemist portal wondrous deep heart tower ancient secrets starlight never faded sacred flame burned steady emerald glow weaving threads pure moonlight upon astral loom sorceress repaired shattered constellation across sky stars ignited one one brilliant harmony showering realm blessings peace bountiful harvests realm saved balance magic restored heroes looked tower ancient secrets onto world bathed renewed wonder,84,1
ST-0236,The Secret Realm of The Phoenix Feather Quest,"High above the mortal world, among the shimmering towers of Volcanic Ash Peak, ancient runes pulsed with luminescent violet energy.

Chanting the ancient incantation inscribed on the parchment, the mage raised the crystal staff. Beams of iridescent light converged on the monolith, dissolving the barrier between worlds. Winged celestial beasts leaped from the astral rift, circling the chamber with majestic grace.

The legendary artifact was placed upon its ancestral pedestal in Volcanic Ash Peak, where its light would protect the kingdom for centuries to come.",Fantasy,The Phoenix Feather Quest,Volcanic Ash Peak,Heroic,"phoenix, fire, feather, quest, flame, mythical, destiny, fantasy, the phoenix feather quest, heroic",secret realm phoenix feather quest secret realm phoenix feather quest fantasy fantasy fantasy phoenix feather quest phoenix feather quest volcanic ash peak volcanic ash peak heroic heroic phoenix fire feather quest flame mythical destiny fantasy phoenix feather quest heroic phoenix fire feather quest flame mythical destiny fantasy phoenix feather quest heroic high mortal world among shimmering towers volcanic ash peak ancient runes pulsed luminescent violet energy chanting ancient incantation inscribed parchment mage raised crystal staff beams iridescent light converged monolith dissolving barrier worlds winged celestial beasts leaped astral rift circling chamber majestic grace legendary artifact placed upon ancestral pedestal volcanic ash peak light protect kingdom centuries come,85,1
ST-0237,The Alchemist of The Whispering Grimoire,"Legends spoke of the celestial epoch when the archmages first wove the fabric of time within the sanctuary of Grand Arcane Archive.

The forged blade hummed with radiant moonlight, illuminating the ancient dwarven carvings along the cavern walls. As the guardian dragon unfurled its translucent wings of sapphire scales, it lowered its mighty head in solemn recognition of the true heir.

The celestial portal closed gently, leaving behind a tranquil night sky and a legacy of courage etched into the stars.",Fantasy,The Whispering Grimoire,Grand Arcane Archive,Enchanting,"grimoire, spells, archive, runes, apprentice, staff, magic, fantasy, the whispering grimoire, enchanting",alchemist whispering grimoire alchemist whispering grimoire fantasy fantasy fantasy whispering grimoire whispering grimoire grand arcane archive grand arcane archive enchanting enchanting grimoire spells archive runes apprentice staff magic fantasy whispering grimoire enchanting grimoire spells archive runes apprentice staff magic fantasy whispering grimoire enchanting legends spoke celestial epoch archmages first wove fabric time within sanctuary grand arcane archive forged blade hummed radiant moonlight illuminating ancient dwarven carvings along cavern walls guardian dragon unfurled translucent wings sapphire scales lowered mighty head solemn recognition true heir celestial portal closed gently leaving behind tranquil night sky legacy courage etched stars,81,1
ST-0238,The Star of The Enchanted Clockwork Golem,"A shimmering veil of stardust drifted across Dwarven Under-City Forge, heralding the awakening of powers dormant for a thousand winters.

Vials of shimmering essence bubbled inside the brass alembics, releasing fragrant vapors of ambergris and starlight. With a soft resonance like silver bells, the golden grimoire floated into the air, its pages turning to reveal the forgotten ritual of renewal.

And so the song of Dwarven Under-City Forge was sung by elven bards in every hall, keeping the eternal memory of the magical quest alive.",Fantasy,The Enchanted Clockwork Golem,Dwarven Under-City Forge,Epic,"golem, dwarven, forge, runestones, hammer, cogs, magic, fantasy, the enchanted clockwork golem, epic",star enchanted clockwork golem star enchanted clockwork golem fantasy fantasy fantasy enchanted clockwork golem enchanted clockwork golem dwarven city forge dwarven city forge epic epic golem dwarven forge runestones hammer cogs magic fantasy enchanted clockwork golem epic golem dwarven forge runestones hammer cogs magic fantasy enchanted clockwork golem epic shimmering veil stardust drifted across dwarven city forge heralding awakening powers dormant thousand winters vials shimmering essence bubbled inside brass alembics releasing fragrant vapors ambergris starlight soft resonance like silver bells golden grimoire floated air pages turning reveal forgotten ritual renewal song dwarven city forge sung elven bards every hall keeping eternal memory magical quest alive,85,1
ST-0239,The Citadel of The Siren's Pearl,"The young apprentice stood before the towering obsidian gateway of Sunken Coral Palace, clutching an iron key etched with elemental sigils.

Weaving threads of pure moonlight upon the astral loom, the sorceress repaired the shattered constellation. Across the sky, stars ignited one by one in brilliant harmony, showering the realm with blessings of peace and bountiful harvests.

With the realm saved and the balance of magic restored, the heroes looked down from Sunken Coral Palace onto a world bathed in renewed wonder.",Fantasy,The Siren's Pearl,Sunken Coral Palace,Mysterious,"siren, ocean, pearl, underwater, tides, crown, myth, fantasy, the siren's pearl, mysterious",citadel siren pearl citadel siren pearl fantasy fantasy fantasy siren pearl siren pearl sunken coral palace sunken coral palace mysterious mysterious siren ocean pearl underwater tides crown myth fantasy siren pearl mysterious siren ocean pearl underwater tides crown myth fantasy siren pearl mysterious young apprentice stood towering obsidian gateway sunken coral palace clutching iron key etched elemental sigils weaving threads pure moonlight upon astral loom sorceress repaired shattered constellation across sky stars ignited one one brilliant harmony showering realm blessings peace bountiful harvests realm saved balance magic restored heroes looked sunken coral palace onto world bathed renewed wonder,82,1
ST-0240,The Enchantment of The Celestial Weaver,"Deep in the heart of Cloud Spire Observatorium, where starlight never faded, the sacred flame burned with a steady emerald glow.

Chanting the ancient incantation inscribed on the parchment, the mage raised the crystal staff. Beams of iridescent light converged on the monolith, dissolving the barrier between worlds. Winged celestial beasts leaped from the astral rift, circling the chamber with majestic grace.

The legendary artifact was placed upon its ancestral pedestal in Cloud Spire Observatorium, where its light would protect the kingdom for centuries to come.",Fantasy,The Celestial Weaver,Cloud Spire Observatorium,Sublime,"clouds, celestial, loom, tapestry, starlight, goddess, cosmos, fantasy, the celestial weaver, sublime",enchantment celestial weaver enchantment celestial weaver fantasy fantasy fantasy celestial weaver celestial weaver cloud spire observatorium cloud spire observatorium sublime sublime clouds celestial loom tapestry starlight goddess cosmos fantasy celestial weaver sublime clouds celestial loom tapestry starlight goddess cosmos fantasy celestial weaver sublime deep heart cloud spire observatorium starlight never faded sacred flame burned steady emerald glow chanting ancient incantation inscribed parchment mage raised crystal staff beams iridescent light converged monolith dissolving barrier worlds winged celestial beasts leaped astral rift circling chamber majestic grace legendary artifact placed upon ancestral pedestal cloud spire observatorium light protect kingdom centuries come,86,1
ST-0241,Signals from Titan Orbital Station,"The telemetry display inside the control bridge of Titan Ring Orbit flashed steady amber as the automated docking sequence initiated.

Thrusters fired with precision bursts, maneuvering the research probe into the subterranean ice trench. Spotlights pierced the pitch-black ocean, revealing bioluminescent organisms weaving in synchronized formations around a towering hydrothermal spire.

The propulsion drives hummed smoothly, propelling the starship toward the distant coordinates of humanity's new planetary home.",Sci-Fi,Titan Orbital Station,Titan Ring Orbit,Atmospheric,"space, station, orbit, titan, astronaut, future, galaxy, sci-fi, titan orbital station, atmospheric",signals titan orbital station signals titan orbital station sci fi sci fi sci fi titan orbital station titan orbital station titan ring orbit titan ring orbit atmospheric atmospheric space station orbit titan astronaut future galaxy sci fi titan orbital station atmospheric space station orbit titan astronaut future galaxy sci fi titan orbital station atmospheric telemetry display inside control bridge titan ring orbit flashed steady amber automated docking sequence initiated thrusters fired precision bursts maneuvering research probe subterranean ice trench spotlights pierced pitch black ocean revealing bioluminescent organisms weaving synchronized formations around towering hydrothermal spire propulsion drives hummed smoothly propelling starship toward distant coordinates humanity new planetary home,68,1
ST-0242,The Orbit of The Quantum Relay,"Beyond the reinforced titanium viewport of Deep Space Colony Ship, the gas giant rotated silently against a backdrop of ten thousand unblinking stars.

Rerouting the neural matrix through auxiliary cryogenic cooling channels, the engineer stabilized the core before catastrophic cascade. As the data streams realigned, the synthetic intelligence uttered its first original query: 'What is the purpose of dreaming?'

Safe within the orbit of Deep Space Colony Ship, the archives preserved the knowledge that would guide interstellar civilization for millennia.",Sci-Fi,The Quantum Relay,Deep Space Colony Ship,Intriguing,"quantum, ai, spaceship, colony, warp, stars, crew, sci-fi, the quantum relay, intriguing",orbit quantum relay orbit quantum relay sci fi sci fi sci fi quantum relay quantum relay deep space colony ship deep space colony ship intriguing intriguing quantum ai spaceship colony warp stars crew sci fi quantum relay intriguing quantum ai spaceship colony warp stars crew sci fi quantum relay intriguing beyond reinforced titanium viewport deep space colony ship gas giant rotated silently backdrop ten thousand unblinking stars rerouting neural matrix auxiliary cryogenic cooling channels engineer stabilized core catastrophic cascade data streams realigned synthetic intelligence uttered first original query purpose dreaming safe within orbit deep space colony ship archives preserved knowledge guide interstellar civilization millennia,80,1
ST-0243,Mission to The Cybernetic Archive,"The year was 2184, and the research team stationed at Neo-Tokyo Megacity Tower had just intercepted an artificial transmission from the galactic core.

The terraforming atmospheric scrubbers roared to life, releasing pure oxygen into the domed valley. Outside the transparent geodesic dome, the red Martian soil yielded its first resilient green sprout beneath the gentle glow of artificial sunlight.

As the communications relay transmitted the historic discovery back to Earth from Neo-Tokyo Megacity Tower, the crew toasted to the dawn of a new interstellar era.",Sci-Fi,The Cybernetic Archive,Neo-Tokyo Megacity Tower,Futuristic,"cyber, neon, data, android, neural, hacker, future, sci-fi, the cybernetic archive, futuristic",mission cybernetic archive mission cybernetic archive sci fi sci fi sci fi cybernetic archive cybernetic archive neo tokyo megacity tower neo tokyo megacity tower futuristic futuristic cyber neon data android neural hacker future sci fi cybernetic archive futuristic cyber neon data android neural hacker future sci fi cybernetic archive futuristic year 2184 research team stationed neo tokyo megacity tower just intercepted artificial transmission galactic core terraforming atmospheric scrubbers roared life releasing pure oxygen domed valley outside transparent geodesic dome red martian soil yielded first resilient green sprout beneath gentle glow artificial sunlight communications relay transmitted historic discovery back earth neo tokyo megacity tower crew toasted dawn new interstellar era,85,1
ST-0244,The Quantum First Contact on Europa,"Deep inside the pressurized habitat of Sub-Surface Ice Ocean, the environmental scrubber hummed its steady, reassuring rhythm.

Analyzing the spectral frequency of the incoming pulse, the quantum computer decrypted an intricate geometric code containing complete blueprints for clean fusion energy. The crew gathered around the holographic emitter in stunned silence as the alien message translated into universal mathematical constants.

Looking out across the infinite expanse of the cosmos, the explorers realized humanity was never truly alone in the vast cosmic tapestry.",Sci-Fi,First Contact on Europa,Sub-Surface Ice Ocean,Wonder,"alien, europa, ocean, ice, submarine, signal, discovery, sci-fi, first contact on europa, wonder",quantum first contact europa quantum first contact europa sci fi sci fi sci fi first contact europa first contact europa sub surface ice ocean sub surface ice ocean wonder wonder alien europa ocean ice submarine signal discovery sci fi first contact europa wonder alien europa ocean ice submarine signal discovery sci fi first contact europa wonder deep inside pressurized habitat sub surface ice ocean environmental scrubber hummed steady reassuring rhythm analyzing spectral frequency incoming pulse quantum computer decrypted intricate geometric code containing complete blueprints clean fusion energy crew gathered around holographic emitter stunned silence alien message translated universal mathematical constants looking across infinite expanse cosmos explorers realized humanity never truly alone vast cosmic tapestry,81,1
ST-0245,Echoes of The Chrono Singularity,"Zero-gravity maintenance in Temporal Physics Institute was second nature to Dr. Vance, until the external sensors detected a gravimetric anomaly.

Thrusters fired with precision bursts, maneuvering the research probe into the subterranean ice trench. Spotlights pierced the pitch-black ocean, revealing bioluminescent organisms weaving in synchronized formations around a towering hydrothermal spire.

The propulsion drives hummed smoothly, propelling the starship toward the distant coordinates of humanity's new planetary home.",Sci-Fi,The Chrono Singularity,Temporal Physics Institute,Mind-Bending,"time travel, singularity, timeline, paradox, quantum, chrono, sci-fi, the chrono singularity, mind-bending",echoes chrono singularity echoes chrono singularity sci fi sci fi sci fi chrono singularity chrono singularity temporal physics institute temporal physics institute mind bending mind bending time travel singularity timeline paradox quantum chrono sci fi chrono singularity mind bending time travel singularity timeline paradox quantum chrono sci fi chrono singularity mind bending zero gravity maintenance temporal physics institute second nature dr vance external sensors detected gravimetric anomaly thrusters fired precision bursts maneuvering research probe subterranean ice trench spotlights pierced pitch black ocean revealing bioluminescent organisms weaving synchronized formations around towering hydrothermal spire propulsion drives hummed smoothly propelling starship toward distant coordinates humanity new planetary home,68,1
ST-0246,The Artificial The Red Planet Terraformer,"The telemetry display inside the control bridge of Martian Valley Biosphere flashed steady amber as the automated docking sequence initiated.

Rerouting the neural matrix through auxiliary cryogenic cooling channels, the engineer stabilized the core before catastrophic cascade. As the data streams realigned, the synthetic intelligence uttered its first original query: 'What is the purpose of dreaming?'

Safe within the orbit of Martian Valley Biosphere, the archives preserved the knowledge that would guide interstellar civilization for millennia.",Sci-Fi,The Red Planet Terraformer,Martian Valley Biosphere,Inspiring,"mars, terraforming, dome, atmosphere, colonists, red dust, sci-fi, the red planet terraformer, inspiring",artificial red planet terraformer artificial red planet terraformer sci fi sci fi sci fi red planet terraformer red planet terraformer martian valley biosphere martian valley biosphere inspiring inspiring mars terraforming dome atmosphere colonists red dust sci fi red planet terraformer inspiring mars terraforming dome atmosphere colonists red dust sci fi red planet terraformer inspiring telemetry display inside control bridge martian valley biosphere flashed steady amber automated docking sequence initiated rerouting neural matrix auxiliary cryogenic cooling channels engineer stabilized core catastrophic cascade data streams realigned synthetic intelligence uttered first original query purpose dreaming safe within orbit martian valley biosphere archives preserved knowledge guide interstellar civilization millennia,76,1
ST-0247,Voyage to The Derelict Dyson Ring,"Beyond the reinforced titanium viewport of Ancient Solar Star Base, the gas giant rotated silently against a backdrop of ten thousand unblinking stars.

The terraforming atmospheric scrubbers roared to life, releasing pure oxygen into the domed valley. Outside the transparent geodesic dome, the red Martian soil yielded its first resilient green sprout beneath the gentle glow of artificial sunlight.

As the communications relay transmitted the historic discovery back to Earth from Ancient Solar Star Base, the crew toasted to the dawn of a new interstellar era.",Sci-Fi,The Derelict Dyson Ring,Ancient Solar Star Base,Epic,"dyson sphere, star, solar, derelict, alien tech, probe, sci-fi, the derelict dyson ring, epic",voyage derelict dyson ring voyage derelict dyson ring sci fi sci fi sci fi derelict dyson ring derelict dyson ring ancient solar star base ancient solar star base epic epic dyson sphere star solar derelict alien tech probe sci fi derelict dyson ring epic dyson sphere star solar derelict alien tech probe sci fi derelict dyson ring epic beyond reinforced titanium viewport ancient solar star base gas giant rotated silently backdrop ten thousand unblinking stars terraforming atmospheric scrubbers roared life releasing pure oxygen domed valley outside transparent geodesic dome red martian soil yielded first resilient green sprout beneath gentle glow artificial sunlight communications relay transmitted historic discovery back earth ancient solar star base crew toasted dawn new interstellar era,86,1
ST-0248,The Horizon of The Synthetic Mind,"The year was 2184, and the research team stationed at Artificial Intelligence Core had just intercepted an artificial transmission from the galactic core.

Analyzing the spectral frequency of the incoming pulse, the quantum computer decrypted an intricate geometric code containing complete blueprints for clean fusion energy. The crew gathered around the holographic emitter in stunned silence as the alien message translated into universal mathematical constants.

Looking out across the infinite expanse of the cosmos, the explorers realized humanity was never truly alone in the vast cosmic tapestry.",Sci-Fi,The Synthetic Mind,Artificial Intelligence Core,Thought-Provoking,"ai, consciousness, core, code, sentience, future, network, sci-fi, the synthetic mind, thought-provoking",horizon synthetic mind horizon synthetic mind sci fi sci fi sci fi synthetic mind synthetic mind artificial intelligence core artificial intelligence core thought provoking thought provoking ai consciousness core code sentience future network sci fi synthetic mind thought provoking ai consciousness core code sentience future network sci fi synthetic mind thought provoking year 2184 research team stationed artificial intelligence core just intercepted artificial transmission galactic core analyzing spectral frequency incoming pulse quantum computer decrypted intricate geometric code containing complete blueprints clean fusion energy crew gathered around holographic emitter stunned silence alien message translated universal mathematical constants looking across infinite expanse cosmos explorers realized humanity never truly alone vast cosmic tapestry,87,1
ST-0249,The Chronicles of Titan Orbital Station,"Deep inside the pressurized habitat of Titan Ring Orbit, the environmental scrubber hummed its steady, reassuring rhythm.

Thrusters fired with precision bursts, maneuvering the research probe into the subterranean ice trench. Spotlights pierced the pitch-black ocean, revealing bioluminescent organisms weaving in synchronized formations around a towering hydrothermal spire.

The propulsion drives hummed smoothly, propelling the starship toward the distant coordinates of humanity's new planetary home.",Sci-Fi,Titan Orbital Station,Titan Ring Orbit,Atmospheric,"space, station, orbit, titan, astronaut, future, galaxy, sci-fi, titan orbital station, atmospheric",chronicles titan orbital station chronicles titan orbital station sci fi sci fi sci fi titan orbital station titan orbital station titan ring orbit titan ring orbit atmospheric atmospheric space station orbit titan astronaut future galaxy sci fi titan orbital station atmospheric space station orbit titan astronaut future galaxy sci fi titan orbital station atmospheric deep inside pressurized habitat titan ring orbit environmental scrubber hummed steady reassuring rhythm thrusters fired precision bursts maneuvering research probe subterranean ice trench spotlights pierced pitch black ocean revealing bioluminescent organisms weaving synchronized formations around towering hydrothermal spire propulsion drives hummed smoothly propelling starship toward distant coordinates humanity new planetary home,65,1
ST-0250,Beyond The Quantum Relay,"Zero-gravity maintenance in Deep Space Colony Ship was second nature to Dr. Vance, until the external sensors detected a gravimetric anomaly.

Rerouting the neural matrix through auxiliary cryogenic cooling channels, the engineer stabilized the core before catastrophic cascade. As the data streams realigned, the synthetic intelligence uttered its first original query: 'What is the purpose of dreaming?'

Safe within the orbit of Deep Space Colony Ship, the archives preserved the knowledge that would guide interstellar civilization for millennia.",Sci-Fi,The Quantum Relay,Deep Space Colony Ship,Intriguing,"quantum, ai, spaceship, colony, warp, stars, crew, sci-fi, the quantum relay, intriguing",beyond quantum relay beyond quantum relay sci fi sci fi sci fi quantum relay quantum relay deep space colony ship deep space colony ship intriguing intriguing quantum ai spaceship colony warp stars crew sci fi quantum relay intriguing quantum ai spaceship colony warp stars crew sci fi quantum relay intriguing zero gravity maintenance deep space colony ship second nature dr vance external sensors detected gravimetric anomaly rerouting neural matrix auxiliary cryogenic cooling channels engineer stabilized core catastrophic cascade data streams realigned synthetic intelligence uttered first original query purpose dreaming safe within orbit deep space colony ship archives preserved knowledge guide interstellar civilization millennia,78,1
ST-0251,Signals from The Cybernetic Archive,"The telemetry display inside the control bridge of Neo-Tokyo Megacity Tower flashed steady amber as the automated docking sequence initiated.

The terraforming atmospheric scrubbers roared to life, releasing pure oxygen into the domed valley. Outside the transparent geodesic dome, the red Martian soil yielded its first resilient green sprout beneath the gentle glow of artificial sunlight.

As the communications relay transmitted the historic discovery back to Earth from Neo-Tokyo Megacity Tower, the crew toasted to the dawn of a new interstellar era.",Sci-Fi,The Cybernetic Archive,Neo-Tokyo Megacity Tower,Futuristic,"cyber, neon, data, android, neural, hacker, future, sci-fi, the cybernetic archive, futuristic",signals cybernetic archive signals cybernetic archive sci fi sci fi sci fi cybernetic archive cybernetic archive neo tokyo megacity tower neo tokyo megacity tower futuristic futuristic cyber neon data android neural hacker future sci fi cybernetic archive futuristic cyber neon data android neural hacker future sci fi cybernetic archive futuristic telemetry display inside control bridge neo tokyo megacity tower flashed steady amber automated docking sequence initiated terraforming atmospheric scrubbers roared life releasing pure oxygen domed valley outside transparent geodesic dome red martian soil yielded first resilient green sprout beneath gentle glow artificial sunlight communications relay transmitted historic discovery back earth neo tokyo megacity tower crew toasted dawn new interstellar era,82,1
ST-0252,The Orbit of First Contact on Europa,"Beyond the reinforced titanium viewport of Sub-Surface Ice Ocean, the gas giant rotated silently against a backdrop of ten thousand unblinking stars.

Analyzing the spectral frequency of the incoming pulse, the quantum computer decrypted an intricate geometric code containing complete blueprints for clean fusion energy. The crew gathered around the holographic emitter in stunned silence as the alien message translated into universal mathematical constants.

Looking out across the infinite expanse of the cosmos, the explorers realized humanity was never truly alone in the vast cosmic tapestry.",Sci-Fi,First Contact on Europa,Sub-Surface Ice Ocean,Wonder,"alien, europa, ocean, ice, submarine, signal, discovery, sci-fi, first contact on europa, wonder",orbit first contact europa orbit first contact europa sci fi sci fi sci fi first contact europa first contact europa sub surface ice ocean sub surface ice ocean wonder wonder alien europa ocean ice submarine signal discovery sci fi first contact europa wonder alien europa ocean ice submarine signal discovery sci fi first contact europa wonder beyond reinforced titanium viewport sub surface ice ocean gas giant rotated silently backdrop ten thousand unblinking stars analyzing spectral frequency incoming pulse quantum computer decrypted intricate geometric code containing complete blueprints clean fusion energy crew gathered around holographic emitter stunned silence alien message translated universal mathematical constants looking across infinite expanse cosmos explorers realized humanity never truly alone vast cosmic tapestry,86,1
ST-0253,Mission to The Chrono Singularity,"The year was 2184, and the research team stationed at Temporal Physics Institute had just intercepted an artificial transmission from the galactic core.

Thrusters fired with precision bursts, maneuvering the research probe into the subterranean ice trench. Spotlights pierced the pitch-black ocean, revealing bioluminescent organisms weaving in synchronized formations around a towering hydrothermal spire.

The propulsion drives hummed smoothly, propelling the starship toward the distant coordinates of humanity's new planetary home.",Sci-Fi,The Chrono Singularity,Temporal Physics Institute,Mind-Bending,"time travel, singularity, timeline, paradox, quantum, chrono, sci-fi, the chrono singularity, mind-bending",mission chrono singularity mission chrono singularity sci fi sci fi sci fi chrono singularity chrono singularity temporal physics institute temporal physics institute mind bending mind bending time travel singularity timeline paradox quantum chrono sci fi chrono singularity mind bending time travel singularity timeline paradox quantum chrono sci fi chrono singularity mind bending year 2184 research team stationed temporal physics institute just intercepted artificial transmission galactic core thrusters fired precision bursts maneuvering research probe subterranean ice trench spotlights pierced pitch black ocean revealing bioluminescent organisms weaving synchronized formations around towering hydrothermal spire propulsion drives hummed smoothly propelling starship toward distant coordinates humanity new planetary home,71,1
ST-0254,The Quantum The Red Planet Terraformer,"Deep inside the pressurized habitat of Martian Valley Biosphere, the environmental scrubber hummed its steady, reassuring rhythm.

Rerouting the neural matrix through auxiliary cryogenic cooling channels, the engineer stabilized the core before catastrophic cascade. As the data streams realigned, the synthetic intelligence uttered its first original query: 'What is the purpose of dreaming?'

Safe within the orbit of Martian Valley Biosphere, the archives preserved the knowledge that would guide interstellar civilization for millennia.",Sci-Fi,The Red Planet Terraformer,Martian Valley Biosphere,Inspiring,"mars, terraforming, dome, atmosphere, colonists, red dust, sci-fi, the red planet terraformer, inspiring",quantum red planet terraformer quantum red planet terraformer sci fi sci fi sci fi red planet terraformer red planet terraformer martian valley biosphere martian valley biosphere inspiring inspiring mars terraforming dome atmosphere colonists red dust sci fi red planet terraformer inspiring mars terraforming dome atmosphere colonists red dust sci fi red planet terraformer inspiring deep inside pressurized habitat martian valley biosphere environmental scrubber hummed steady reassuring rhythm rerouting neural matrix auxiliary cryogenic cooling channels engineer stabilized core catastrophic cascade data streams realigned synthetic intelligence uttered first original query purpose dreaming safe within orbit martian valley biosphere archives preserved knowledge guide interstellar civilization millennia,73,1
ST-0255,Echoes of The Derelict Dyson Ring,"Zero-gravity maintenance in Ancient Solar Star Base was second nature to Dr. Vance, until the external sensors detected a gravimetric anomaly.

The terraforming atmospheric scrubbers roared to life, releasing pure oxygen into the domed valley. Outside the transparent geodesic dome, the red Martian soil yielded its first resilient green sprout beneath the gentle glow of artificial sunlight.

As the communications relay transmitted the historic discovery back to Earth from Ancient Solar Star Base, the crew toasted to the dawn of a new interstellar era.",Sci-Fi,The Derelict Dyson Ring,Ancient Solar Star Base,Epic,"dyson sphere, star, solar, derelict, alien tech, probe, sci-fi, the derelict dyson ring, epic",echoes derelict dyson ring echoes derelict dyson ring sci fi sci fi sci fi derelict dyson ring derelict dyson ring ancient solar star base ancient solar star base epic epic dyson sphere star solar derelict alien tech probe sci fi derelict dyson ring epic dyson sphere star solar derelict alien tech probe sci fi derelict dyson ring epic zero gravity maintenance ancient solar star base second nature dr vance external sensors detected gravimetric anomaly terraforming atmospheric scrubbers roared life releasing pure oxygen domed valley outside transparent geodesic dome red martian soil yielded first resilient green sprout beneath gentle glow artificial sunlight communications relay transmitted historic discovery back earth ancient solar star base crew toasted dawn new interstellar era,84,1
ST-0256,The Artificial The Synthetic Mind,"The telemetry display inside the control bridge of Artificial Intelligence Core flashed steady amber as the automated docking sequence initiated.

Analyzing the spectral frequency of the incoming pulse, the quantum computer decrypted an intricate geometric code containing complete blueprints for clean fusion energy. The crew gathered around the holographic emitter in stunned silence as the alien message translated into universal mathematical constants.

Looking out across the infinite expanse of the cosmos, the explorers realized humanity was never truly alone in the vast cosmic tapestry.",Sci-Fi,The Synthetic Mind,Artificial Intelligence Core,Thought-Provoking,"ai, consciousness, core, code, sentience, future, network, sci-fi, the synthetic mind, thought-provoking",artificial synthetic mind artificial synthetic mind sci fi sci fi sci fi synthetic mind synthetic mind artificial intelligence core artificial intelligence core thought provoking thought provoking ai consciousness core code sentience future network sci fi synthetic mind thought provoking ai consciousness core code sentience future network sci fi synthetic mind thought provoking telemetry display inside control bridge artificial intelligence core flashed steady amber automated docking sequence initiated analyzing spectral frequency incoming pulse quantum computer decrypted intricate geometric code containing complete blueprints clean fusion energy crew gathered around holographic emitter stunned silence alien message translated universal mathematical constants looking across infinite expanse cosmos explorers realized humanity never truly alone vast cosmic tapestry,84,1
ST-0257,Voyage to Titan Orbital Station,"Beyond the reinforced titanium viewport of Titan Ring Orbit, the gas giant rotated silently against a backdrop of ten thousand unblinking stars.

Thrusters fired with precision bursts, maneuvering the research probe into the subterranean ice trench. Spotlights pierced the pitch-black ocean, revealing bioluminescent organisms weaving in synchronized formations around a towering hydrothermal spire.

The propulsion drives hummed smoothly, propelling the starship toward the distant coordinates of humanity's new planetary home.",Sci-Fi,Titan Orbital Station,Titan Ring Orbit,Atmospheric,"space, station, orbit, titan, astronaut, future, galaxy, sci-fi, titan orbital station, atmospheric",voyage titan orbital station voyage titan orbital station sci fi sci fi sci fi titan orbital station titan orbital station titan ring orbit titan ring orbit atmospheric atmospheric space station orbit titan astronaut future galaxy sci fi titan orbital station atmospheric space station orbit titan astronaut future galaxy sci fi titan orbital station atmospheric beyond reinforced titanium viewport titan ring orbit gas giant rotated silently backdrop ten thousand unblinking stars thrusters fired precision bursts maneuvering research probe subterranean ice trench spotlights pierced pitch black ocean revealing bioluminescent organisms weaving synchronized formations around towering hydrothermal spire propulsion drives hummed smoothly propelling starship toward distant coordinates humanity new planetary home,70,1
ST-0258,The Horizon of The Quantum Relay,"The year was 2184, and the research team stationed at Deep Space Colony Ship had just intercepted an artificial transmission from the galactic core.

Rerouting the neural matrix through auxiliary cryogenic cooling channels, the engineer stabilized the core before catastrophic cascade. As the data streams realigned, the synthetic intelligence uttered its first original query: 'What is the purpose of dreaming?'

Safe within the orbit of Deep Space Colony Ship, the archives preserved the knowledge that would guide interstellar civilization for millennia.",Sci-Fi,The Quantum Relay,Deep Space Colony Ship,Intriguing,"quantum, ai, spaceship, colony, warp, stars, crew, sci-fi, the quantum relay, intriguing",horizon quantum relay horizon quantum relay sci fi sci fi sci fi quantum relay quantum relay deep space colony ship deep space colony ship intriguing intriguing quantum ai spaceship colony warp stars crew sci fi quantum relay intriguing quantum ai spaceship colony warp stars crew sci fi quantum relay intriguing year 2184 research team stationed deep space colony ship just intercepted artificial transmission galactic core rerouting neural matrix auxiliary cryogenic cooling channels engineer stabilized core catastrophic cascade data streams realigned synthetic intelligence uttered first original query purpose dreaming safe within orbit deep space colony ship archives preserved knowledge guide interstellar civilization millennia,81,1
ST-0259,The Chronicles of The Cybernetic Archive,"Deep inside the pressurized habitat of Neo-Tokyo Megacity Tower, the environmental scrubber hummed its steady, reassuring rhythm.

The terraforming atmospheric scrubbers roared to life, releasing pure oxygen into the domed valley. Outside the transparent geodesic dome, the red Martian soil yielded its first resilient green sprout beneath the gentle glow of artificial sunlight.

As the communications relay transmitted the historic discovery back to Earth from Neo-Tokyo Megacity Tower, the crew toasted to the dawn of a new interstellar era.",Sci-Fi,The Cybernetic Archive,Neo-Tokyo Megacity Tower,Futuristic,"cyber, neon, data, android, neural, hacker, future, sci-fi, the cybernetic archive, futuristic",chronicles cybernetic archive chronicles cybernetic archive sci fi sci fi sci fi cybernetic archive cybernetic archive neo tokyo megacity tower neo tokyo megacity tower futuristic futuristic cyber neon data android neural hacker future sci fi cybernetic archive futuristic cyber neon data android neural hacker future sci fi cybernetic archive futuristic deep inside pressurized habitat neo tokyo megacity tower environmental scrubber hummed steady reassuring rhythm terraforming atmospheric scrubbers roared life releasing pure oxygen domed valley outside transparent geodesic dome red martian soil yielded first resilient green sprout beneath gentle glow artificial sunlight communications relay transmitted historic discovery back earth neo tokyo megacity tower crew toasted dawn new interstellar era,79,1
ST-0260,Beyond First Contact on Europa,"Zero-gravity maintenance in Sub-Surface Ice Ocean was second nature to Dr. Vance, until the external sensors detected a gravimetric anomaly.

Analyzing the spectral frequency of the incoming pulse, the quantum computer decrypted an intricate geometric code containing complete blueprints for clean fusion energy. The crew gathered around the holographic emitter in stunned silence as the alien message translated into universal mathematical constants.

Looking out across the infinite expanse of the cosmos, the explorers realized humanity was never truly alone in the vast cosmic tapestry.",Sci-Fi,First Contact on Europa,Sub-Surface Ice Ocean,Wonder,"alien, europa, ocean, ice, submarine, signal, discovery, sci-fi, first contact on europa, wonder",beyond first contact europa beyond first contact europa sci fi sci fi sci fi first contact europa first contact europa sub surface ice ocean sub surface ice ocean wonder wonder alien europa ocean ice submarine signal discovery sci fi first contact europa wonder alien europa ocean ice submarine signal discovery sci fi first contact europa wonder zero gravity maintenance sub surface ice ocean second nature dr vance external sensors detected gravimetric anomaly analyzing spectral frequency incoming pulse quantum computer decrypted intricate geometric code containing complete blueprints clean fusion energy crew gathered around holographic emitter stunned silence alien message translated universal mathematical constants looking across infinite expanse cosmos explorers realized humanity never truly alone vast cosmic tapestry,84,1
ST-0261,Signals from The Chrono Singularity,"The telemetry display inside the control bridge of Temporal Physics Institute flashed steady amber as the automated docking sequence initiated.

Thrusters fired with precision bursts, maneuvering the research probe into the subterranean ice trench. Spotlights pierced the pitch-black ocean, revealing bioluminescent organisms weaving in synchronized formations around a towering hydrothermal spire.

The propulsion drives hummed smoothly, propelling the starship toward the distant coordinates of humanity's new planetary home.",Sci-Fi,The Chrono Singularity,Temporal Physics Institute,Mind-Bending,"time travel, singularity, timeline, paradox, quantum, chrono, sci-fi, the chrono singularity, mind-bending",signals chrono singularity signals chrono singularity sci fi sci fi sci fi chrono singularity chrono singularity temporal physics institute temporal physics institute mind bending mind bending time travel singularity timeline paradox quantum chrono sci fi chrono singularity mind bending time travel singularity timeline paradox quantum chrono sci fi chrono singularity mind bending telemetry display inside control bridge temporal physics institute flashed steady amber automated docking sequence initiated thrusters fired precision bursts maneuvering research probe subterranean ice trench spotlights pierced pitch black ocean revealing bioluminescent organisms weaving synchronized formations around towering hydrothermal spire propulsion drives hummed smoothly propelling starship toward distant coordinates humanity new planetary home,68,1
ST-0262,The Orbit of The Red Planet Terraformer,"Beyond the reinforced titanium viewport of Martian Valley Biosphere, the gas giant rotated silently against a backdrop of ten thousand unblinking stars.

Rerouting the neural matrix through auxiliary cryogenic cooling channels, the engineer stabilized the core before catastrophic cascade. As the data streams realigned, the synthetic intelligence uttered its first original query: 'What is the purpose of dreaming?'

Safe within the orbit of Martian Valley Biosphere, the archives preserved the knowledge that would guide interstellar civilization for millennia.",Sci-Fi,The Red Planet Terraformer,Martian Valley Biosphere,Inspiring,"mars, terraforming, dome, atmosphere, colonists, red dust, sci-fi, the red planet terraformer, inspiring",orbit red planet terraformer orbit red planet terraformer sci fi sci fi sci fi red planet terraformer red planet terraformer martian valley biosphere martian valley biosphere inspiring inspiring mars terraforming dome atmosphere colonists red dust sci fi red planet terraformer inspiring mars terraforming dome atmosphere colonists red dust sci fi red planet terraformer inspiring beyond reinforced titanium viewport martian valley biosphere gas giant rotated silently backdrop ten thousand unblinking stars rerouting neural matrix auxiliary cryogenic cooling channels engineer stabilized core catastrophic cascade data streams realigned synthetic intelligence uttered first original query purpose dreaming safe within orbit martian valley biosphere archives preserved knowledge guide interstellar civilization millennia,78,1
ST-0263,Mission to The Derelict Dyson Ring,"The year was 2184, and the research team stationed at Ancient Solar Star Base had just intercepted an artificial transmission from the galactic core.

The terraforming atmospheric scrubbers roared to life, releasing pure oxygen into the domed valley. Outside the transparent geodesic dome, the red Martian soil yielded its first resilient green sprout beneath the gentle glow of artificial sunlight.

As the communications relay transmitted the historic discovery back to Earth from Ancient Solar Star Base, the crew toasted to the dawn of a new interstellar era.",Sci-Fi,The Derelict Dyson Ring,Ancient Solar Star Base,Epic,"dyson sphere, star, solar, derelict, alien tech, probe, sci-fi, the derelict dyson ring, epic",mission derelict dyson ring mission derelict dyson ring sci fi sci fi sci fi derelict dyson ring derelict dyson ring ancient solar star base ancient solar star base epic epic dyson sphere star solar derelict alien tech probe sci fi derelict dyson ring epic dyson sphere star solar derelict alien tech probe sci fi derelict dyson ring epic year 2184 research team stationed ancient solar star base just intercepted artificial transmission galactic core terraforming atmospheric scrubbers roared life releasing pure oxygen domed valley outside transparent geodesic dome red martian soil yielded first resilient green sprout beneath gentle glow artificial sunlight communications relay transmitted historic discovery back earth ancient solar star base crew toasted dawn new interstellar era,87,1
ST-0264,The Quantum The Synthetic Mind,"Deep inside the pressurized habitat of Artificial Intelligence Core, the environmental scrubber hummed its steady, reassuring rhythm.

Analyzing the spectral frequency of the incoming pulse, the quantum computer decrypted an intricate geometric code containing complete blueprints for clean fusion energy. The crew gathered around the holographic emitter in stunned silence as the alien message translated into universal mathematical constants.

Looking out across the infinite expanse of the cosmos, the explorers realized humanity was never truly alone in the vast cosmic tapestry.",Sci-Fi,The Synthetic Mind,Artificial Intelligence Core,Thought-Provoking,"ai, consciousness, core, code, sentience, future, network, sci-fi, the synthetic mind, thought-provoking",quantum synthetic mind quantum synthetic mind sci fi sci fi sci fi synthetic mind synthetic mind artificial intelligence core artificial intelligence core thought provoking thought provoking ai consciousness core code sentience future network sci fi synthetic mind thought provoking ai consciousness core code sentience future network sci fi synthetic mind thought provoking deep inside pressurized habitat artificial intelligence core environmental scrubber hummed steady reassuring rhythm analyzing spectral frequency incoming pulse quantum computer decrypted intricate geometric code containing complete blueprints clean fusion energy crew gathered around holographic emitter stunned silence alien message translated universal mathematical constants looking across infinite expanse cosmos explorers realized humanity never truly alone vast cosmic tapestry,81,1
ST-0265,Echoes of Titan Orbital Station,"Zero-gravity maintenance in Titan Ring Orbit was second nature to Dr. Vance, until the external sensors detected a gravimetric anomaly.

Thrusters fired with precision bursts, maneuvering the research probe into the subterranean ice trench. Spotlights pierced the pitch-black ocean, revealing bioluminescent organisms weaving in synchronized formations around a towering hydrothermal spire.

The propulsion drives hummed smoothly, propelling the starship toward the distant coordinates of humanity's new planetary home.",Sci-Fi,Titan Orbital Station,Titan Ring Orbit,Atmospheric,"space, station, orbit, titan, astronaut, future, galaxy, sci-fi, titan orbital station, atmospheric",echoes titan orbital station echoes titan orbital station sci fi sci fi sci fi titan orbital station titan orbital station titan ring orbit titan ring orbit atmospheric atmospheric space station orbit titan astronaut future galaxy sci fi titan orbital station atmospheric space station orbit titan astronaut future galaxy sci fi titan orbital station atmospheric zero gravity maintenance titan ring orbit second nature dr vance external sensors detected gravimetric anomaly thrusters fired precision bursts maneuvering research probe subterranean ice trench spotlights pierced pitch black ocean revealing bioluminescent organisms weaving synchronized formations around towering hydrothermal spire propulsion drives hummed smoothly propelling starship toward distant coordinates humanity new planetary home,68,1
ST-0266,The Artificial The Quantum Relay,"The telemetry display inside the control bridge of Deep Space Colony Ship flashed steady amber as the automated docking sequence initiated.

Rerouting the neural matrix through auxiliary cryogenic cooling channels, the engineer stabilized the core before catastrophic cascade. As the data streams realigned, the synthetic intelligence uttered its first original query: 'What is the purpose of dreaming?'

Safe within the orbit of Deep Space Colony Ship, the archives preserved the knowledge that would guide interstellar civilization for millennia.",Sci-Fi,The Quantum Relay,Deep Space Colony Ship,Intriguing,"quantum, ai, spaceship, colony, warp, stars, crew, sci-fi, the quantum relay, intriguing",artificial quantum relay artificial quantum relay sci fi sci fi sci fi quantum relay quantum relay deep space colony ship deep space colony ship intriguing intriguing quantum ai spaceship colony warp stars crew sci fi quantum relay intriguing quantum ai spaceship colony warp stars crew sci fi quantum relay intriguing telemetry display inside control bridge deep space colony ship flashed steady amber automated docking sequence initiated rerouting neural matrix auxiliary cryogenic cooling channels engineer stabilized core catastrophic cascade data streams realigned synthetic intelligence uttered first original query purpose dreaming safe within orbit deep space colony ship archives preserved knowledge guide interstellar civilization millennia,78,1
ST-0267,Voyage to The Cybernetic Archive,"Beyond the reinforced titanium viewport of Neo-Tokyo Megacity Tower, the gas giant rotated silently against a backdrop of ten thousand unblinking stars.

The terraforming atmospheric scrubbers roared to life, releasing pure oxygen into the domed valley. Outside the transparent geodesic dome, the red Martian soil yielded its first resilient green sprout beneath the gentle glow of artificial sunlight.

As the communications relay transmitted the historic discovery back to Earth from Neo-Tokyo Megacity Tower, the crew toasted to the dawn of a new interstellar era.",Sci-Fi,The Cybernetic Archive,Neo-Tokyo Megacity Tower,Futuristic,"cyber, neon, data, android, neural, hacker, future, sci-fi, the cybernetic archive, futuristic",voyage cybernetic archive voyage cybernetic archive sci fi sci fi sci fi cybernetic archive cybernetic archive neo tokyo megacity tower neo tokyo megacity tower futuristic futuristic cyber neon data android neural hacker future sci fi cybernetic archive futuristic cyber neon data android neural hacker future sci fi cybernetic archive futuristic beyond reinforced titanium viewport neo tokyo megacity tower gas giant rotated silently backdrop ten thousand unblinking stars terraforming atmospheric scrubbers roared life releasing pure oxygen domed valley outside transparent geodesic dome red martian soil yielded first resilient green sprout beneath gentle glow artificial sunlight communications relay transmitted historic discovery back earth neo tokyo megacity tower crew toasted dawn new interstellar era,84,1
ST-0268,The Horizon of First Contact on Europa,"The year was 2184, and the research team stationed at Sub-Surface Ice Ocean had just intercepted an artificial transmission from the galactic core.

Analyzing the spectral frequency of the incoming pulse, the quantum computer decrypted an intricate geometric code containing complete blueprints for clean fusion energy. The crew gathered around the holographic emitter in stunned silence as the alien message translated into universal mathematical constants.

Looking out across the infinite expanse of the cosmos, the explorers realized humanity was never truly alone in the vast cosmic tapestry.",Sci-Fi,First Contact on Europa,Sub-Surface Ice Ocean,Wonder,"alien, europa, ocean, ice, submarine, signal, discovery, sci-fi, first contact on europa, wonder",horizon first contact europa horizon first contact europa sci fi sci fi sci fi first contact europa first contact europa sub surface ice ocean sub surface ice ocean wonder wonder alien europa ocean ice submarine signal discovery sci fi first contact europa wonder alien europa ocean ice submarine signal discovery sci fi first contact europa wonder year 2184 research team stationed sub surface ice ocean just intercepted artificial transmission galactic core analyzing spectral frequency incoming pulse quantum computer decrypted intricate geometric code containing complete blueprints clean fusion energy crew gathered around holographic emitter stunned silence alien message translated universal mathematical constants looking across infinite expanse cosmos explorers realized humanity never truly alone vast cosmic tapestry,87,1
ST-0269,The Chronicles of The Chrono Singularity,"Deep inside the pressurized habitat of Temporal Physics Institute, the environmental scrubber hummed its steady, reassuring rhythm.

Thrusters fired with precision bursts, maneuvering the research probe into the subterranean ice trench. Spotlights pierced the pitch-black ocean, revealing bioluminescent organisms weaving in synchronized formations around a towering hydrothermal spire.

The propulsion drives hummed smoothly, propelling the starship toward the distant coordinates of humanity's new planetary home.",Sci-Fi,The Chrono Singularity,Temporal Physics Institute,Mind-Bending,"time travel, singularity, timeline, paradox, quantum, chrono, sci-fi, the chrono singularity, mind-bending",chronicles chrono singularity chronicles chrono singularity sci fi sci fi sci fi chrono singularity chrono singularity temporal physics institute temporal physics institute mind bending mind bending time travel singularity timeline paradox quantum chrono sci fi chrono singularity mind bending time travel singularity timeline paradox quantum chrono sci fi chrono singularity mind bending deep inside pressurized habitat temporal physics institute environmental scrubber hummed steady reassuring rhythm thrusters fired precision bursts maneuvering research probe subterranean ice trench spotlights pierced pitch black ocean revealing bioluminescent organisms weaving synchronized formations around towering hydrothermal spire propulsion drives hummed smoothly propelling starship toward distant coordinates humanity new planetary home,65,1
ST-0270,Beyond The Red Planet Terraformer,"Zero-gravity maintenance in Martian Valley Biosphere was second nature to Dr. Vance, until the external sensors detected a gravimetric anomaly.

Rerouting the neural matrix through auxiliary cryogenic cooling channels, the engineer stabilized the core before catastrophic cascade. As the data streams realigned, the synthetic intelligence uttered its first original query: 'What is the purpose of dreaming?'

Safe within the orbit of Martian Valley Biosphere, the archives preserved the knowledge that would guide interstellar civilization for millennia.",Sci-Fi,The Red Planet Terraformer,Martian Valley Biosphere,Inspiring,"mars, terraforming, dome, atmosphere, colonists, red dust, sci-fi, the red planet terraformer, inspiring",beyond red planet terraformer beyond red planet terraformer sci fi sci fi sci fi red planet terraformer red planet terraformer martian valley biosphere martian valley biosphere inspiring inspiring mars terraforming dome atmosphere colonists red dust sci fi red planet terraformer inspiring mars terraforming dome atmosphere colonists red dust sci fi red planet terraformer inspiring zero gravity maintenance martian valley biosphere second nature dr vance external sensors detected gravimetric anomaly rerouting neural matrix auxiliary cryogenic cooling channels engineer stabilized core catastrophic cascade data streams realigned synthetic intelligence uttered first original query purpose dreaming safe within orbit martian valley biosphere archives preserved knowledge guide interstellar civilization millennia,76,1
ST-0271,Signals from The Derelict Dyson Ring,"The telemetry display inside the control bridge of Ancient Solar Star Base flashed steady amber as the automated docking sequence initiated.

The terraforming atmospheric scrubbers roared to life, releasing pure oxygen into the domed valley. Outside the transparent geodesic dome, the red Martian soil yielded its first resilient green sprout beneath the gentle glow of artificial sunlight.

As the communications relay transmitted the historic discovery back to Earth from Ancient Solar Star Base, the crew toasted to the dawn of a new interstellar era.",Sci-Fi,The Derelict Dyson Ring,Ancient Solar Star Base,Epic,"dyson sphere, star, solar, derelict, alien tech, probe, sci-fi, the derelict dyson ring, epic",signals derelict dyson ring signals derelict dyson ring sci fi sci fi sci fi derelict dyson ring derelict dyson ring ancient solar star base ancient solar star base epic epic dyson sphere star solar derelict alien tech probe sci fi derelict dyson ring epic dyson sphere star solar derelict alien tech probe sci fi derelict dyson ring epic telemetry display inside control bridge ancient solar star base flashed steady amber automated docking sequence initiated terraforming atmospheric scrubbers roared life releasing pure oxygen domed valley outside transparent geodesic dome red martian soil yielded first resilient green sprout beneath gentle glow artificial sunlight communications relay transmitted historic discovery back earth ancient solar star base crew toasted dawn new interstellar era,84,1
ST-0272,The Orbit of The Synthetic Mind,"Beyond the reinforced titanium viewport of Artificial Intelligence Core, the gas giant rotated silently against a backdrop of ten thousand unblinking stars.

Analyzing the spectral frequency of the incoming pulse, the quantum computer decrypted an intricate geometric code containing complete blueprints for clean fusion energy. The crew gathered around the holographic emitter in stunned silence as the alien message translated into universal mathematical constants.

Looking out across the infinite expanse of the cosmos, the explorers realized humanity was never truly alone in the vast cosmic tapestry.",Sci-Fi,The Synthetic Mind,Artificial Intelligence Core,Thought-Provoking,"ai, consciousness, core, code, sentience, future, network, sci-fi, the synthetic mind, thought-provoking",orbit synthetic mind orbit synthetic mind sci fi sci fi sci fi synthetic mind synthetic mind artificial intelligence core artificial intelligence core thought provoking thought provoking ai consciousness core code sentience future network sci fi synthetic mind thought provoking ai consciousness core code sentience future network sci fi synthetic mind thought provoking beyond reinforced titanium viewport artificial intelligence core gas giant rotated silently backdrop ten thousand unblinking stars analyzing spectral frequency incoming pulse quantum computer decrypted intricate geometric code containing complete blueprints clean fusion energy crew gathered around holographic emitter stunned silence alien message translated universal mathematical constants looking across infinite expanse cosmos explorers realized humanity never truly alone vast cosmic tapestry,86,1
ST-0273,Mission to Titan Orbital Station,"The year was 2184, and the research team stationed at Titan Ring Orbit had just intercepted an artificial transmission from the galactic core.

Thrusters fired with precision bursts, maneuvering the research probe into the subterranean ice trench. Spotlights pierced the pitch-black ocean, revealing bioluminescent organisms weaving in synchronized formations around a towering hydrothermal spire.

The propulsion drives hummed smoothly, propelling the starship toward the distant coordinates of humanity's new planetary home.",Sci-Fi,Titan Orbital Station,Titan Ring Orbit,Atmospheric,"space, station, orbit, titan, astronaut, future, galaxy, sci-fi, titan orbital station, atmospheric",mission titan orbital station mission titan orbital station sci fi sci fi sci fi titan orbital station titan orbital station titan ring orbit titan ring orbit atmospheric atmospheric space station orbit titan astronaut future galaxy sci fi titan orbital station atmospheric space station orbit titan astronaut future galaxy sci fi titan orbital station atmospheric year 2184 research team stationed titan ring orbit just intercepted artificial transmission galactic core thrusters fired precision bursts maneuvering research probe subterranean ice trench spotlights pierced pitch black ocean revealing bioluminescent organisms weaving synchronized formations around towering hydrothermal spire propulsion drives hummed smoothly propelling starship toward distant coordinates humanity new planetary home,71,1
ST-0274,The Quantum The Quantum Relay,"Deep inside the pressurized habitat of Deep Space Colony Ship, the environmental scrubber hummed its steady, reassuring rhythm.

Rerouting the neural matrix through auxiliary cryogenic cooling channels, the engineer stabilized the core before catastrophic cascade. As the data streams realigned, the synthetic intelligence uttered its first original query: 'What is the purpose of dreaming?'

Safe within the orbit of Deep Space Colony Ship, the archives preserved the knowledge that would guide interstellar civilization for millennia.",Sci-Fi,The Quantum Relay,Deep Space Colony Ship,Intriguing,"quantum, ai, spaceship, colony, warp, stars, crew, sci-fi, the quantum relay, intriguing",quantum quantum relay quantum quantum relay sci fi sci fi sci fi quantum relay quantum relay deep space colony ship deep space colony ship intriguing intriguing quantum ai spaceship colony warp stars crew sci fi quantum relay intriguing quantum ai spaceship colony warp stars crew sci fi quantum relay intriguing deep inside pressurized habitat deep space colony ship environmental scrubber hummed steady reassuring rhythm rerouting neural matrix auxiliary cryogenic cooling channels engineer stabilized core catastrophic cascade data streams realigned synthetic intelligence uttered first original query purpose dreaming safe within orbit deep space colony ship archives preserved knowledge guide interstellar civilization millennia,75,1
ST-0275,Echoes of The Cybernetic Archive,"Zero-gravity maintenance in Neo-Tokyo Megacity Tower was second nature to Dr. Vance, until the external sensors detected a gravimetric anomaly.

The terraforming atmospheric scrubbers roared to life, releasing pure oxygen into the domed valley. Outside the transparent geodesic dome, the red Martian soil yielded its first resilient green sprout beneath the gentle glow of artificial sunlight.

As the communications relay transmitted the historic discovery back to Earth from Neo-Tokyo Megacity Tower, the crew toasted to the dawn of a new interstellar era.",Sci-Fi,The Cybernetic Archive,Neo-Tokyo Megacity Tower,Futuristic,"cyber, neon, data, android, neural, hacker, future, sci-fi, the cybernetic archive, futuristic",echoes cybernetic archive echoes cybernetic archive sci fi sci fi sci fi cybernetic archive cybernetic archive neo tokyo megacity tower neo tokyo megacity tower futuristic futuristic cyber neon data android neural hacker future sci fi cybernetic archive futuristic cyber neon data android neural hacker future sci fi cybernetic archive futuristic zero gravity maintenance neo tokyo megacity tower second nature dr vance external sensors detected gravimetric anomaly terraforming atmospheric scrubbers roared life releasing pure oxygen domed valley outside transparent geodesic dome red martian soil yielded first resilient green sprout beneath gentle glow artificial sunlight communications relay transmitted historic discovery back earth neo tokyo megacity tower crew toasted dawn new interstellar era,82,1
ST-0276,The Artificial First Contact on Europa,"The telemetry display inside the control bridge of Sub-Surface Ice Ocean flashed steady amber as the automated docking sequence initiated.

Analyzing the spectral frequency of the incoming pulse, the quantum computer decrypted an intricate geometric code containing complete blueprints for clean fusion energy. The crew gathered around the holographic emitter in stunned silence as the alien message translated into universal mathematical constants.

Looking out across the infinite expanse of the cosmos, the explorers realized humanity was never truly alone in the vast cosmic tapestry.",Sci-Fi,First Contact on Europa,Sub-Surface Ice Ocean,Wonder,"alien, europa, ocean, ice, submarine, signal, discovery, sci-fi, first contact on europa, wonder",artificial first contact europa artificial first contact europa sci fi sci fi sci fi first contact europa first contact europa sub surface ice ocean sub surface ice ocean wonder wonder alien europa ocean ice submarine signal discovery sci fi first contact europa wonder alien europa ocean ice submarine signal discovery sci fi first contact europa wonder telemetry display inside control bridge sub surface ice ocean flashed steady amber automated docking sequence initiated analyzing spectral frequency incoming pulse quantum computer decrypted intricate geometric code containing complete blueprints clean fusion energy crew gathered around holographic emitter stunned silence alien message translated universal mathematical constants looking across infinite expanse cosmos explorers realized humanity never truly alone vast cosmic tapestry,84,1
ST-0277,Voyage to The Chrono Singularity,"Beyond the reinforced titanium viewport of Temporal Physics Institute, the gas giant rotated silently against a backdrop of ten thousand unblinking stars.

Thrusters fired with precision bursts, maneuvering the research probe into the subterranean ice trench. Spotlights pierced the pitch-black ocean, revealing bioluminescent organisms weaving in synchronized formations around a towering hydrothermal spire.

The propulsion drives hummed smoothly, propelling the starship toward the distant coordinates of humanity's new planetary home.",Sci-Fi,The Chrono Singularity,Temporal Physics Institute,Mind-Bending,"time travel, singularity, timeline, paradox, quantum, chrono, sci-fi, the chrono singularity, mind-bending",voyage chrono singularity voyage chrono singularity sci fi sci fi sci fi chrono singularity chrono singularity temporal physics institute temporal physics institute mind bending mind bending time travel singularity timeline paradox quantum chrono sci fi chrono singularity mind bending time travel singularity timeline paradox quantum chrono sci fi chrono singularity mind bending beyond reinforced titanium viewport temporal physics institute gas giant rotated silently backdrop ten thousand unblinking stars thrusters fired precision bursts maneuvering research probe subterranean ice trench spotlights pierced pitch black ocean revealing bioluminescent organisms weaving synchronized formations around towering hydrothermal spire propulsion drives hummed smoothly propelling starship toward distant coordinates humanity new planetary home,70,1
ST-0278,The Horizon of The Red Planet Terraformer,"The year was 2184, and the research team stationed at Martian Valley Biosphere had just intercepted an artificial transmission from the galactic core.

Rerouting the neural matrix through auxiliary cryogenic cooling channels, the engineer stabilized the core before catastrophic cascade. As the data streams realigned, the synthetic intelligence uttered its first original query: 'What is the purpose of dreaming?'

Safe within the orbit of Martian Valley Biosphere, the archives preserved the knowledge that would guide interstellar civilization for millennia.",Sci-Fi,The Red Planet Terraformer,Martian Valley Biosphere,Inspiring,"mars, terraforming, dome, atmosphere, colonists, red dust, sci-fi, the red planet terraformer, inspiring",horizon red planet terraformer horizon red planet terraformer sci fi sci fi sci fi red planet terraformer red planet terraformer martian valley biosphere martian valley biosphere inspiring inspiring mars terraforming dome atmosphere colonists red dust sci fi red planet terraformer inspiring mars terraforming dome atmosphere colonists red dust sci fi red planet terraformer inspiring year 2184 research team stationed martian valley biosphere just intercepted artificial transmission galactic core rerouting neural matrix auxiliary cryogenic cooling channels engineer stabilized core catastrophic cascade data streams realigned synthetic intelligence uttered first original query purpose dreaming safe within orbit martian valley biosphere archives preserved knowledge guide interstellar civilization millennia,79,1
ST-0279,The Chronicles of The Derelict Dyson Ring,"Deep inside the pressurized habitat of Ancient Solar Star Base, the environmental scrubber hummed its steady, reassuring rhythm.

The terraforming atmospheric scrubbers roared to life, releasing pure oxygen into the domed valley. Outside the transparent geodesic dome, the red Martian soil yielded its first resilient green sprout beneath the gentle glow of artificial sunlight.

As the communications relay transmitted the historic discovery back to Earth from Ancient Solar Star Base, the crew toasted to the dawn of a new interstellar era.",Sci-Fi,The Derelict Dyson Ring,Ancient Solar Star Base,Epic,"dyson sphere, star, solar, derelict, alien tech, probe, sci-fi, the derelict dyson ring, epic",chronicles derelict dyson ring chronicles derelict dyson ring sci fi sci fi sci fi derelict dyson ring derelict dyson ring ancient solar star base ancient solar star base epic epic dyson sphere star solar derelict alien tech probe sci fi derelict dyson ring epic dyson sphere star solar derelict alien tech probe sci fi derelict dyson ring epic deep inside pressurized habitat ancient solar star base environmental scrubber hummed steady reassuring rhythm terraforming atmospheric scrubbers roared life releasing pure oxygen domed valley outside transparent geodesic dome red martian soil yielded first resilient green sprout beneath gentle glow artificial sunlight communications relay transmitted historic discovery back earth ancient solar star base crew toasted dawn new interstellar era,81,1
ST-0280,Beyond The Synthetic Mind,"Zero-gravity maintenance in Artificial Intelligence Core was second nature to Dr. Vance, until the external sensors detected a gravimetric anomaly.

Analyzing the spectral frequency of the incoming pulse, the quantum computer decrypted an intricate geometric code containing complete blueprints for clean fusion energy. The crew gathered around the holographic emitter in stunned silence as the alien message translated into universal mathematical constants.

Looking out across the infinite expanse of the cosmos, the explorers realized humanity was never truly alone in the vast cosmic tapestry.",Sci-Fi,The Synthetic Mind,Artificial Intelligence Core,Thought-Provoking,"ai, consciousness, core, code, sentience, future, network, sci-fi, the synthetic mind, thought-provoking",beyond synthetic mind beyond synthetic mind sci fi sci fi sci fi synthetic mind synthetic mind artificial intelligence core artificial intelligence core thought provoking thought provoking ai consciousness core code sentience future network sci fi synthetic mind thought provoking ai consciousness core code sentience future network sci fi synthetic mind thought provoking zero gravity maintenance artificial intelligence core second nature dr vance external sensors detected gravimetric anomaly analyzing spectral frequency incoming pulse quantum computer decrypted intricate geometric code containing complete blueprints clean fusion energy crew gathered around holographic emitter stunned silence alien message translated universal mathematical constants looking across infinite expanse cosmos explorers realized humanity never truly alone vast cosmic tapestry,84,1
ST-0281,The Protocol of The Blackwood Conspiracy,"Agent Cross checked his watch: 02:47. He had exactly three minutes before the perimeter security swept Embassy Ballroom Reception.

The cable car swayed violently in the freezing mountain gale, dangling thousands of feet above the jagged ravine. With nerves of steel, the rescue specialist climbed onto the icy roof, bypassed the electronic override, and secured the emergency brake moments before impact.

With the hostages safe and the conspiracy dismantled, the morning sun rose over Embassy Ballroom Reception on a city that would never know how close it came to disaster.",Thriller,The Blackwood Conspiracy,Embassy Ballroom Reception,Tense,"conspiracy, agent, spy, danger, briefcase, escape, chase, thriller, the blackwood conspiracy, tense",protocol blackwood conspiracy protocol blackwood conspiracy thriller thriller thriller blackwood conspiracy blackwood conspiracy embassy ballroom reception embassy ballroom reception tense tense conspiracy agent spy danger briefcase escape chase thriller blackwood conspiracy tense conspiracy agent spy danger briefcase escape chase thriller blackwood conspiracy tense agent cross checked watch 02 47 exactly three minutes perimeter security swept embassy ballroom reception cable car swayed violently freezing mountain gale dangling thousands feet jagged ravine nerves steel rescue specialist climbed onto icy roof bypassed electronic override secured emergency brake moments impact hostages safe conspiracy dismantled morning sun rose embassy ballroom reception city never know close came disaster,90,1
ST-0282,Escape from Midnight Freight Escape,"Rain lashed against the windows of Industrial Freight Rail Yard, masking the sound of muffled footsteps on the gravel path outside.

Hands steady despite the racing pulse, the operative clipped the blue detonation wire with two seconds remaining on the digital display. The deafening hum of the device died down to a faint click, saving the entire precinct.

Justice was delivered swiftly, the classified files secured, and peace restored across the continent.",Thriller,Midnight Freight Escape,Industrial Freight Rail Yard,Gripping,"chase, train, tracks, shadows, pursuit, danger, night, thriller, midnight freight escape, gripping",escape midnight freight escape escape midnight freight escape thriller thriller thriller midnight freight escape midnight freight escape industrial freight rail yard industrial freight rail yard gripping gripping chase train tracks shadows pursuit danger night thriller midnight freight escape gripping chase train tracks shadows pursuit danger night thriller midnight freight escape gripping rain lashed windows industrial freight rail yard masking sound muffled footsteps gravel path outside hands steady despite racing pulse operative clipped blue detonation wire two seconds remaining digital display deafening hum device died faint click saving entire precinct justice delivered swiftly classified files secured peace restored across continent,72,1
ST-0283,The Conspiracy at The Cipher Decryption,"The encrypted dossier in his jacket pocket was the only thing standing between peace and total catastrophe in Underground Bunker Complex.

Weaving through narrow alleys and crowded train platforms, the operative blended seamlessly into the commuter crowd, swapping coats and slipping past the surveillance cameras undetected.

As the extraction helicopter touched down on the roof above Underground Bunker Complex, Cross handed over the recovered intelligence, knowing the crisis was averted.",Thriller,The Cipher Decryption,Underground Bunker Complex,Intense,"countdown, code, bomb, defuse, bunker, wire, suspense, thriller, the cipher decryption, intense",conspiracy cipher decryption conspiracy cipher decryption thriller thriller thriller cipher decryption cipher decryption underground bunker complex underground bunker complex intense intense countdown code bomb defuse bunker wire suspense thriller cipher decryption intense countdown code bomb defuse bunker wire suspense thriller cipher decryption intense encrypted dossier jacket pocket thing standing peace total catastrophe underground bunker complex weaving narrow alleys crowded train platforms operative blended seamlessly commuter crowd swapping coats slipping past surveillance cameras undetected extraction helicopter touched roof underground bunker complex cross handed recovered intelligence knowing crisis averted,70,1
ST-0284,Countdown in Rogue Operative,"Sirens wailed in the distance, echoing off the cold concrete walls of Berlin Metro Station as the countdown timer reached forty seconds.

Slipping through the laser grid with practiced acrobatic precision, Cross inserted the flash drive into the terminal. Data bars surged to ninety-nine percent just as heavy boots kicked open the reinforced security door. Diving behind the server rack, he deployed a smoke canister that filled the corridor with blinding white fog.

Disappearing into the rainy midnight streets, the operative left no trace behind, another mission completed in the shadows of Berlin Metro Station.",Thriller,Rogue Operative,Berlin Metro Station,Fast-Paced,"metro, subway, operative, surveillance, trench coat, chase, thriller, rogue operative, fast-paced",countdown rogue operative countdown rogue operative thriller thriller thriller rogue operative rogue operative berlin metro station berlin metro station fast paced fast paced metro subway operative surveillance trench coat chase thriller rogue operative fast paced metro subway operative surveillance trench coat chase thriller rogue operative fast paced sirens wailed distance echoing cold concrete walls berlin metro station countdown timer reached forty seconds slipping laser grid practiced acrobatic precision cross inserted flash drive terminal data bars surged ninety nine percent just heavy boots kicked open reinforced security door diving behind server rack deployed smoke canister filled corridor blinding white fog disappearing rainy midnight streets operative left trace behind another mission completed shadows berlin metro station,95,1
ST-0285,The Operative of Hostage at Timberline,"Under the flickering fluorescent lights of Alpine Summit Cable Car, every shadow seemed to conceal an assassin waiting for the order.

The cable car swayed violently in the freezing mountain gale, dangling thousands of feet above the jagged ravine. With nerves of steel, the rescue specialist climbed onto the icy roof, bypassed the electronic override, and secured the emergency brake moments before impact.

With the hostages safe and the conspiracy dismantled, the morning sun rose over Alpine Summit Cable Car on a city that would never know how close it came to disaster.",Thriller,Hostage at Timberline,Alpine Summit Cable Car,High-Stakes,"cable car, hostage, blizzard, heights, rescue, peril, thriller, hostage at timberline, high-stakes",operative hostage timberline operative hostage timberline thriller thriller thriller hostage timberline hostage timberline alpine summit cable car alpine summit cable car high stakes high stakes cable car hostage blizzard heights rescue peril thriller hostage timberline high stakes cable car hostage blizzard heights rescue peril thriller hostage timberline high stakes flickering fluorescent lights alpine summit cable car every shadow seemed conceal assassin waiting order cable car swayed violently freezing mountain gale dangling thousands feet jagged ravine nerves steel rescue specialist climbed onto icy roof bypassed electronic override secured emergency brake moments impact hostages safe conspiracy dismantled morning sun rose alpine summit cable car city never know close came disaster,93,1
ST-0286,Showdown at The Double Agent's Drop,"Agent Cross checked his watch: 02:47. He had exactly three minutes before the perimeter security swept Rainy Port Warehouse.

Hands steady despite the racing pulse, the operative clipped the blue detonation wire with two seconds remaining on the digital display. The deafening hum of the device died down to a faint click, saving the entire precinct.

Justice was delivered swiftly, the classified files secured, and peace restored across the continent.",Thriller,The Double Agent's Drop,Rainy Port Warehouse,Suspenseful,"informant, docks, rain, microfilm, betrayal, covert, thriller, the double agent's drop, suspenseful",showdown double agent drop showdown double agent drop thriller thriller thriller double agent drop double agent drop rainy port warehouse rainy port warehouse suspenseful suspenseful informant docks rain microfilm betrayal covert thriller double agent drop suspenseful informant docks rain microfilm betrayal covert thriller double agent drop suspenseful agent cross checked watch 02 47 exactly three minutes perimeter security swept rainy port warehouse hands steady despite racing pulse operative clipped blue detonation wire two seconds remaining digital display deafening hum device died faint click saving entire precinct justice delivered swiftly classified files secured peace restored across continent,70,1
ST-0287,The Infiltration of The Cyber Infiltration,"Rain lashed against the windows of Financial District Headquarters, masking the sound of muffled footsteps on the gravel path outside.

Weaving through narrow alleys and crowded train platforms, the operative blended seamlessly into the commuter crowd, swapping coats and slipping past the surveillance cameras undetected.

As the extraction helicopter touched down on the roof above Financial District Headquarters, Cross handed over the recovered intelligence, knowing the crisis was averted.",Thriller,The Cyber Infiltration,Financial District Headquarters,Nail-Biting,"firewall, heist, alarm, security, countdown, stealth, thriller, the cyber infiltration, nail-biting",infiltration cyber infiltration infiltration cyber infiltration thriller thriller thriller cyber infiltration cyber infiltration financial district headquarters financial district headquarters nail biting nail biting firewall heist alarm security countdown stealth thriller cyber infiltration nail biting firewall heist alarm security countdown stealth thriller cyber infiltration nail biting rain lashed windows financial district headquarters masking sound muffled footsteps gravel path outside weaving narrow alleys crowded train platforms operative blended seamlessly commuter crowd swapping coats slipping past surveillance cameras undetected extraction helicopter touched roof financial district headquarters cross handed recovered intelligence knowing crisis averted,69,1
ST-0288,Target: The Highway Pursuit,"The encrypted dossier in his jacket pocket was the only thing standing between peace and total catastrophe in Mountain Pass Highway.

Slipping through the laser grid with practiced acrobatic precision, Cross inserted the flash drive into the terminal. Data bars surged to ninety-nine percent just as heavy boots kicked open the reinforced security door. Diving behind the server rack, he deployed a smoke canister that filled the corridor with blinding white fog.

Disappearing into the rainy midnight streets, the operative left no trace behind, another mission completed in the shadows of Mountain Pass Highway.",Thriller,The Highway Pursuit,Mountain Pass Highway,Adrenaline,"car chase, curves, headlights, cliffside, speed, danger, thriller, the highway pursuit, adrenaline",target highway pursuit target highway pursuit thriller thriller thriller highway pursuit highway pursuit mountain pass highway mountain pass highway adrenaline adrenaline car chase curves headlights cliffside speed danger thriller highway pursuit adrenaline car chase curves headlights cliffside speed danger thriller highway pursuit adrenaline encrypted dossier jacket pocket thing standing peace total catastrophe mountain pass highway slipping laser grid practiced acrobatic precision cross inserted flash drive terminal data bars surged ninety nine percent just heavy boots kicked open reinforced security door diving behind server rack deployed smoke canister filled corridor blinding white fog disappearing rainy midnight streets operative left trace behind another mission completed shadows mountain pass highway,94,1
ST-0289,The Pursuit of The Blackwood Conspiracy,"Sirens wailed in the distance, echoing off the cold concrete walls of Embassy Ballroom Reception as the countdown timer reached forty seconds.

The cable car swayed violently in the freezing mountain gale, dangling thousands of feet above the jagged ravine. With nerves of steel, the rescue specialist climbed onto the icy roof, bypassed the electronic override, and secured the emergency brake moments before impact.

With the hostages safe and the conspiracy dismantled, the morning sun rose over Embassy Ballroom Reception on a city that would never know how close it came to disaster.",Thriller,The Blackwood Conspiracy,Embassy Ballroom Reception,Tense,"conspiracy, agent, spy, danger, briefcase, escape, chase, thriller, the blackwood conspiracy, tense",pursuit blackwood conspiracy pursuit blackwood conspiracy thriller thriller thriller blackwood conspiracy blackwood conspiracy embassy ballroom reception embassy ballroom reception tense tense conspiracy agent spy danger briefcase escape chase thriller blackwood conspiracy tense conspiracy agent spy danger briefcase escape chase thriller blackwood conspiracy tense sirens wailed distance echoing cold concrete walls embassy ballroom reception countdown timer reached forty seconds cable car swayed violently freezing mountain gale dangling thousands feet jagged ravine nerves steel rescue specialist climbed onto icy roof bypassed electronic override secured emergency brake moments impact hostages safe conspiracy dismantled morning sun rose embassy ballroom reception city never know close came disaster,93,1
ST-0290,The Code of Midnight Freight Escape,"Under the flickering fluorescent lights of Industrial Freight Rail Yard, every shadow seemed to conceal an assassin waiting for the order.

Hands steady despite the racing pulse, the operative clipped the blue detonation wire with two seconds remaining on the digital display. The deafening hum of the device died down to a faint click, saving the entire precinct.

Justice was delivered swiftly, the classified files secured, and peace restored across the continent.",Thriller,Midnight Freight Escape,Industrial Freight Rail Yard,Gripping,"chase, train, tracks, shadows, pursuit, danger, night, thriller, midnight freight escape, gripping",code midnight freight escape code midnight freight escape thriller thriller thriller midnight freight escape midnight freight escape industrial freight rail yard industrial freight rail yard gripping gripping chase train tracks shadows pursuit danger night thriller midnight freight escape gripping chase train tracks shadows pursuit danger night thriller midnight freight escape gripping flickering fluorescent lights industrial freight rail yard every shadow seemed conceal assassin waiting order hands steady despite racing pulse operative clipped blue detonation wire two seconds remaining digital display deafening hum device died faint click saving entire precinct justice delivered swiftly classified files secured peace restored across continent,72,1
ST-0291,The Protocol of The Cipher Decryption,"Agent Cross checked his watch: 02:47. He had exactly three minutes before the perimeter security swept Underground Bunker Complex.

Weaving through narrow alleys and crowded train platforms, the operative blended seamlessly into the commuter crowd, swapping coats and slipping past the surveillance cameras undetected.

As the extraction helicopter touched down on the roof above Underground Bunker Complex, Cross handed over the recovered intelligence, knowing the crisis was averted.",Thriller,The Cipher Decryption,Underground Bunker Complex,Intense,"countdown, code, bomb, defuse, bunker, wire, suspense, thriller, the cipher decryption, intense",protocol cipher decryption protocol cipher decryption thriller thriller thriller cipher decryption cipher decryption underground bunker complex underground bunker complex intense intense countdown code bomb defuse bunker wire suspense thriller cipher decryption intense countdown code bomb defuse bunker wire suspense thriller cipher decryption intense agent cross checked watch 02 47 exactly three minutes perimeter security swept underground bunker complex weaving narrow alleys crowded train platforms operative blended seamlessly commuter crowd swapping coats slipping past surveillance cameras undetected extraction helicopter touched roof underground bunker complex cross handed recovered intelligence knowing crisis averted,68,1
ST-0292,Escape from Rogue Operative,"Rain lashed against the windows of Berlin Metro Station, masking the sound of muffled footsteps on the gravel path outside.

Slipping through the laser grid with practiced acrobatic precision, Cross inserted the flash drive into the terminal. Data bars surged to ninety-nine percent just as heavy boots kicked open the reinforced security door. Diving behind the server rack, he deployed a smoke canister that filled the corridor with blinding white fog.

Disappearing into the rainy midnight streets, the operative left no trace behind, another mission completed in the shadows of Berlin Metro Station.",Thriller,Rogue Operative,Berlin Metro Station,Fast-Paced,"metro, subway, operative, surveillance, trench coat, chase, thriller, rogue operative, fast-paced",escape rogue operative escape rogue operative thriller thriller thriller rogue operative rogue operative berlin metro station berlin metro station fast paced fast paced metro subway operative surveillance trench coat chase thriller rogue operative fast paced metro subway operative surveillance trench coat chase thriller rogue operative fast paced rain lashed windows berlin metro station masking sound muffled footsteps gravel path outside slipping laser grid practiced acrobatic precision cross inserted flash drive terminal data bars surged ninety nine percent just heavy boots kicked open reinforced security door diving behind server rack deployed smoke canister filled corridor blinding white fog disappearing rainy midnight streets operative left trace behind another mission completed shadows berlin metro station,93,1
ST-0293,The Conspiracy at Hostage at Timberline,"The encrypted dossier in his jacket pocket was the only thing standing between peace and total catastrophe in Alpine Summit Cable Car.

The cable car swayed violently in the freezing mountain gale, dangling thousands of feet above the jagged ravine. With nerves of steel, the rescue specialist climbed onto the icy roof, bypassed the electronic override, and secured the emergency brake moments before impact.

With the hostages safe and the conspiracy dismantled, the morning sun rose over Alpine Summit Cable Car on a city that would never know how close it came to disaster.",Thriller,Hostage at Timberline,Alpine Summit Cable Car,High-Stakes,"cable car, hostage, blizzard, heights, rescue, peril, thriller, hostage at timberline, high-stakes",conspiracy hostage timberline conspiracy hostage timberline thriller thriller thriller hostage timberline hostage timberline alpine summit cable car alpine summit cable car high stakes high stakes cable car hostage blizzard heights rescue peril thriller hostage timberline high stakes cable car hostage blizzard heights rescue peril thriller hostage timberline high stakes encrypted dossier jacket pocket thing standing peace total catastrophe alpine summit cable car cable car swayed violently freezing mountain gale dangling thousands feet jagged ravine nerves steel rescue specialist climbed onto icy roof bypassed electronic override secured emergency brake moments impact hostages safe conspiracy dismantled morning sun rose alpine summit cable car city never know close came disaster,94,1
ST-0294,Countdown in The Double Agent's Drop,"Sirens wailed in the distance, echoing off the cold concrete walls of Rainy Port Warehouse as the countdown timer reached forty seconds.

Hands steady despite the racing pulse, the operative clipped the blue detonation wire with two seconds remaining on the digital display. The deafening hum of the device died down to a faint click, saving the entire precinct.

Justice was delivered swiftly, the classified files secured, and peace restored across the continent.",Thriller,The Double Agent's Drop,Rainy Port Warehouse,Suspenseful,"informant, docks, rain, microfilm, betrayal, covert, thriller, the double agent's drop, suspenseful",countdown double agent drop countdown double agent drop thriller thriller thriller double agent drop double agent drop rainy port warehouse rainy port warehouse suspenseful suspenseful informant docks rain microfilm betrayal covert thriller double agent drop suspenseful informant docks rain microfilm betrayal covert thriller double agent drop suspenseful sirens wailed distance echoing cold concrete walls rainy port warehouse countdown timer reached forty seconds hands steady despite racing pulse operative clipped blue detonation wire two seconds remaining digital display deafening hum device died faint click saving entire precinct justice delivered swiftly classified files secured peace restored across continent,73,1
ST-0295,The Operative of The Cyber Infiltration,"Under the flickering fluorescent lights of Financial District Headquarters, every shadow seemed to conceal an assassin waiting for the order.

Weaving through narrow alleys and crowded train platforms, the operative blended seamlessly into the commuter crowd, swapping coats and slipping past the surveillance cameras undetected.

As the extraction helicopter touched down on the roof above Financial District Headquarters, Cross handed over the recovered intelligence, knowing the crisis was averted.",Thriller,The Cyber Infiltration,Financial District Headquarters,Nail-Biting,"firewall, heist, alarm, security, countdown, stealth, thriller, the cyber infiltration, nail-biting",operative cyber infiltration operative cyber infiltration thriller thriller thriller cyber infiltration cyber infiltration financial district headquarters financial district headquarters nail biting nail biting firewall heist alarm security countdown stealth thriller cyber infiltration nail biting firewall heist alarm security countdown stealth thriller cyber infiltration nail biting flickering fluorescent lights financial district headquarters every shadow seemed conceal assassin waiting order weaving narrow alleys crowded train platforms operative blended seamlessly commuter crowd swapping coats slipping past surveillance cameras undetected extraction helicopter touched roof financial district headquarters cross handed recovered intelligence knowing crisis averted,69,1
ST-0296,Showdown at The Highway Pursuit,"Agent Cross checked his watch: 02:47. He had exactly three minutes before the perimeter security swept Mountain Pass Highway.

Slipping through the laser grid with practiced acrobatic precision, Cross inserted the flash drive into the terminal. Data bars surged to ninety-nine percent just as heavy boots kicked open the reinforced security door. Diving behind the server rack, he deployed a smoke canister that filled the corridor with blinding white fog.

Disappearing into the rainy midnight streets, the operative left no trace behind, another mission completed in the shadows of Mountain Pass Highway.",Thriller,The Highway Pursuit,Mountain Pass Highway,Adrenaline,"car chase, curves, headlights, cliffside, speed, danger, thriller, the highway pursuit, adrenaline",showdown highway pursuit showdown highway pursuit thriller thriller thriller highway pursuit highway pursuit mountain pass highway mountain pass highway adrenaline adrenaline car chase curves headlights cliffside speed danger thriller highway pursuit adrenaline car chase curves headlights cliffside speed danger thriller highway pursuit adrenaline agent cross checked watch 02 47 exactly three minutes perimeter security swept mountain pass highway slipping laser grid practiced acrobatic precision cross inserted flash drive terminal data bars surged ninety nine percent just heavy boots kicked open reinforced security door diving behind server rack deployed smoke canister filled corridor blinding white fog disappearing rainy midnight streets operative left trace behind another mission completed shadows mountain pass highway,92,1
ST-0297,The Infiltration of The Blackwood Conspiracy,"Rain lashed against the windows of Embassy Ballroom Reception, masking the sound of muffled footsteps on the gravel path outside.

The cable car swayed violently in the freezing mountain gale, dangling thousands of feet above the jagged ravine. With nerves of steel, the rescue specialist climbed onto the icy roof, bypassed the electronic override, and secured the emergency brake moments before impact.

With the hostages safe and the conspiracy dismantled, the morning sun rose over Embassy Ballroom Reception on a city that would never know how close it came to disaster.",Thriller,The Blackwood Conspiracy,Embassy Ballroom Reception,Tense,"conspiracy, agent, spy, danger, briefcase, escape, chase, thriller, the blackwood conspiracy, tense",infiltration blackwood conspiracy infiltration blackwood conspiracy thriller thriller thriller blackwood conspiracy blackwood conspiracy embassy ballroom reception embassy ballroom reception tense tense conspiracy agent spy danger briefcase escape chase thriller blackwood conspiracy tense conspiracy agent spy danger briefcase escape chase thriller blackwood conspiracy tense rain lashed windows embassy ballroom reception masking sound muffled footsteps gravel path outside cable car swayed violently freezing mountain gale dangling thousands feet jagged ravine nerves steel rescue specialist climbed onto icy roof bypassed electronic override secured emergency brake moments impact hostages safe conspiracy dismantled morning sun rose embassy ballroom reception city never know close came disaster,91,1
ST-0298,Target: Midnight Freight Escape,"The encrypted dossier in his jacket pocket was the only thing standing between peace and total catastrophe in Industrial Freight Rail Yard.

Hands steady despite the racing pulse, the operative clipped the blue detonation wire with two seconds remaining on the digital display. The deafening hum of the device died down to a faint click, saving the entire precinct.

Justice was delivered swiftly, the classified files secured, and peace restored across the continent.",Thriller,Midnight Freight Escape,Industrial Freight Rail Yard,Gripping,"chase, train, tracks, shadows, pursuit, danger, night, thriller, midnight freight escape, gripping",target midnight freight escape target midnight freight escape thriller thriller thriller midnight freight escape midnight freight escape industrial freight rail yard industrial freight rail yard gripping gripping chase train tracks shadows pursuit danger night thriller midnight freight escape gripping chase train tracks shadows pursuit danger night thriller midnight freight escape gripping encrypted dossier jacket pocket thing standing peace total catastrophe industrial freight rail yard hands steady despite racing pulse operative clipped blue detonation wire two seconds remaining digital display deafening hum device died faint click saving entire precinct justice delivered swiftly classified files secured peace restored across continent,73,1
ST-0299,The Pursuit of The Cipher Decryption,"Sirens wailed in the distance, echoing off the cold concrete walls of Underground Bunker Complex as the countdown timer reached forty seconds.

Weaving through narrow alleys and crowded train platforms, the operative blended seamlessly into the commuter crowd, swapping coats and slipping past the surveillance cameras undetected.

As the extraction helicopter touched down on the roof above Underground Bunker Complex, Cross handed over the recovered intelligence, knowing the crisis was averted.",Thriller,The Cipher Decryption,Underground Bunker Complex,Intense,"countdown, code, bomb, defuse, bunker, wire, suspense, thriller, the cipher decryption, intense",pursuit cipher decryption pursuit cipher decryption thriller thriller thriller cipher decryption cipher decryption underground bunker complex underground bunker complex intense intense countdown code bomb defuse bunker wire suspense thriller cipher decryption intense countdown code bomb defuse bunker wire suspense thriller cipher decryption intense sirens wailed distance echoing cold concrete walls underground bunker complex countdown timer reached forty seconds weaving narrow alleys crowded train platforms operative blended seamlessly commuter crowd swapping coats slipping past surveillance cameras undetected extraction helicopter touched roof underground bunker complex cross handed recovered intelligence knowing crisis averted,71,1
ST-0300,The Code of Rogue Operative,"Under the flickering fluorescent lights of Berlin Metro Station, every shadow seemed to conceal an assassin waiting for the order.

Slipping through the laser grid with practiced acrobatic precision, Cross inserted the flash drive into the terminal. Data bars surged to ninety-nine percent just as heavy boots kicked open the reinforced security door. Diving behind the server rack, he deployed a smoke canister that filled the corridor with blinding white fog.

Disappearing into the rainy midnight streets, the operative left no trace behind, another mission completed in the shadows of Berlin Metro Station.",Thriller,Rogue Operative,Berlin Metro Station,Fast-Paced,"metro, subway, operative, surveillance, trench coat, chase, thriller, rogue operative, fast-paced",code rogue operative code rogue operative thriller thriller thriller rogue operative rogue operative berlin metro station berlin metro station fast paced fast paced metro subway operative surveillance trench coat chase thriller rogue operative fast paced metro subway operative surveillance trench coat chase thriller rogue operative fast paced flickering fluorescent lights berlin metro station every shadow seemed conceal assassin waiting order slipping laser grid practiced acrobatic precision cross inserted flash drive terminal data bars surged ninety nine percent just heavy boots kicked open reinforced security door diving behind server rack deployed smoke canister filled corridor blinding white fog disappearing rainy midnight streets operative left trace behind another mission completed shadows berlin metro station,93,1
ST-0301,The Protocol of Hostage at Timberline,"Agent Cross checked his watch: 02:47. He had exactly three minutes before the perimeter security swept Alpine Summit Cable Car.

The cable car swayed violently in the freezing mountain gale, dangling thousands of feet above the jagged ravine. With nerves of steel, the rescue specialist climbed onto the icy roof, bypassed the electronic override, and secured the emergency brake moments before impact.

With the hostages safe and the conspiracy dismantled, the morning sun rose over Alpine Summit Cable Car on a city that would never know how close it came to disaster.",Thriller,Hostage at Timberline,Alpine Summit Cable Car,High-Stakes,"cable car, hostage, blizzard, heights, rescue, peril, thriller, hostage at timberline, high-stakes",protocol hostage timberline protocol hostage timberline thriller thriller thriller hostage timberline hostage timberline alpine summit cable car alpine summit cable car high stakes high stakes cable car hostage blizzard heights rescue peril thriller hostage timberline high stakes cable car hostage blizzard heights rescue peril thriller hostage timberline high stakes agent cross checked watch 02 47 exactly three minutes perimeter security swept alpine summit cable car cable car swayed violently freezing mountain gale dangling thousands feet jagged ravine nerves steel rescue specialist climbed onto icy roof bypassed electronic override secured emergency brake moments impact hostages safe conspiracy dismantled morning sun rose alpine summit cable car city never know close came disaster,92,1
ST-0302,Escape from The Double Agent's Drop,"Rain lashed against the windows of Rainy Port Warehouse, masking the sound of muffled footsteps on the gravel path outside.

Hands steady despite the racing pulse, the operative clipped the blue detonation wire with two seconds remaining on the digital display. The deafening hum of the device died down to a faint click, saving the entire precinct.

Justice was delivered swiftly, the classified files secured, and peace restored across the continent.",Thriller,The Double Agent's Drop,Rainy Port Warehouse,Suspenseful,"informant, docks, rain, microfilm, betrayal, covert, thriller, the double agent's drop, suspenseful",escape double agent drop escape double agent drop thriller thriller thriller double agent drop double agent drop rainy port warehouse rainy port warehouse suspenseful suspenseful informant docks rain microfilm betrayal covert thriller double agent drop suspenseful informant docks rain microfilm betrayal covert thriller double agent drop suspenseful rain lashed windows rainy port warehouse masking sound muffled footsteps gravel path outside hands steady despite racing pulse operative clipped blue detonation wire two seconds remaining digital display deafening hum device died faint click saving entire precinct justice delivered swiftly classified files secured peace restored across continent,71,1
ST-0303,The Conspiracy at The Cyber Infiltration,"The encrypted dossier in his jacket pocket was the only thing standing between peace and total catastrophe in Financial District Headquarters.

Weaving through narrow alleys and crowded train platforms, the operative blended seamlessly into the commuter crowd, swapping coats and slipping past the surveillance cameras undetected.

As the extraction helicopter touched down on the roof above Financial District Headquarters, Cross handed over the recovered intelligence, knowing the crisis was averted.",Thriller,The Cyber Infiltration,Financial District Headquarters,Nail-Biting,"firewall, heist, alarm, security, countdown, stealth, thriller, the cyber infiltration, nail-biting",conspiracy cyber infiltration conspiracy cyber infiltration thriller thriller thriller cyber infiltration cyber infiltration financial district headquarters financial district headquarters nail biting nail biting firewall heist alarm security countdown stealth thriller cyber infiltration nail biting firewall heist alarm security countdown stealth thriller cyber infiltration nail biting encrypted dossier jacket pocket thing standing peace total catastrophe financial district headquarters weaving narrow alleys crowded train platforms operative blended seamlessly commuter crowd swapping coats slipping past surveillance cameras undetected extraction helicopter touched roof financial district headquarters cross handed recovered intelligence knowing crisis averted,70,1
ST-0304,Countdown in The Highway Pursuit,"Sirens wailed in the distance, echoing off the cold concrete walls of Mountain Pass Highway as the countdown timer reached forty seconds.

Slipping through the laser grid with practiced acrobatic precision, Cross inserted the flash drive into the terminal. Data bars surged to ninety-nine percent just as heavy boots kicked open the reinforced security door. Diving behind the server rack, he deployed a smoke canister that filled the corridor with blinding white fog.

Disappearing into the rainy midnight streets, the operative left no trace behind, another mission completed in the shadows of Mountain Pass Highway.",Thriller,The Highway Pursuit,Mountain Pass Highway,Adrenaline,"car chase, curves, headlights, cliffside, speed, danger, thriller, the highway pursuit, adrenaline",countdown highway pursuit countdown highway pursuit thriller thriller thriller highway pursuit highway pursuit mountain pass highway mountain pass highway adrenaline adrenaline car chase curves headlights cliffside speed danger thriller highway pursuit adrenaline car chase curves headlights cliffside speed danger thriller highway pursuit adrenaline sirens wailed distance echoing cold concrete walls mountain pass highway countdown timer reached forty seconds slipping laser grid practiced acrobatic precision cross inserted flash drive terminal data bars surged ninety nine percent just heavy boots kicked open reinforced security door diving behind server rack deployed smoke canister filled corridor blinding white fog disappearing rainy midnight streets operative left trace behind another mission completed shadows mountain pass highway,95,1
ST-0305,The Operative of The Blackwood Conspiracy,"Under the flickering fluorescent lights of Embassy Ballroom Reception, every shadow seemed to conceal an assassin waiting for the order.

The cable car swayed violently in the freezing mountain gale, dangling thousands of feet above the jagged ravine. With nerves of steel, the rescue specialist climbed onto the icy roof, bypassed the electronic override, and secured the emergency brake moments before impact.

With the hostages safe and the conspiracy dismantled, the morning sun rose over Embassy Ballroom Reception on a city that would never know how close it came to disaster.",Thriller,The Blackwood Conspiracy,Embassy Ballroom Reception,Tense,"conspiracy, agent, spy, danger, briefcase, escape, chase, thriller, the blackwood conspiracy, tense",operative blackwood conspiracy operative blackwood conspiracy thriller thriller thriller blackwood conspiracy blackwood conspiracy embassy ballroom reception embassy ballroom reception tense tense conspiracy agent spy danger briefcase escape chase thriller blackwood conspiracy tense conspiracy agent spy danger briefcase escape chase thriller blackwood conspiracy tense flickering fluorescent lights embassy ballroom reception every shadow seemed conceal assassin waiting order cable car swayed violently freezing mountain gale dangling thousands feet jagged ravine nerves steel rescue specialist climbed onto icy roof bypassed electronic override secured emergency brake moments impact hostages safe conspiracy dismantled morning sun rose embassy ballroom reception city never know close came disaster,91,1
ST-0306,Showdown at Midnight Freight Escape,"Agent Cross checked his watch: 02:47. He had exactly three minutes before the perimeter security swept Industrial Freight Rail Yard.

Hands steady despite the racing pulse, the operative clipped the blue detonation wire with two seconds remaining on the digital display. The deafening hum of the device died down to a faint click, saving the entire precinct.

Justice was delivered swiftly, the classified files secured, and peace restored across the continent.",Thriller,Midnight Freight Escape,Industrial Freight Rail Yard,Gripping,"chase, train, tracks, shadows, pursuit, danger, night, thriller, midnight freight escape, gripping",showdown midnight freight escape showdown midnight freight escape thriller thriller thriller midnight freight escape midnight freight escape industrial freight rail yard industrial freight rail yard gripping gripping chase train tracks shadows pursuit danger night thriller midnight freight escape gripping chase train tracks shadows pursuit danger night thriller midnight freight escape gripping agent cross checked watch 02 47 exactly three minutes perimeter security swept industrial freight rail yard hands steady despite racing pulse operative clipped blue detonation wire two seconds remaining digital display deafening hum device died faint click saving entire precinct justice delivered swiftly classified files secured peace restored across continent,71,1
ST-0307,The Infiltration of The Cipher Decryption,"Rain lashed against the windows of Underground Bunker Complex, masking the sound of muffled footsteps on the gravel path outside.

Weaving through narrow alleys and crowded train platforms, the operative blended seamlessly into the commuter crowd, swapping coats and slipping past the surveillance cameras undetected.

As the extraction helicopter touched down on the roof above Underground Bunker Complex, Cross handed over the recovered intelligence, knowing the crisis was averted.",Thriller,The Cipher Decryption,Underground Bunker Complex,Intense,"countdown, code, bomb, defuse, bunker, wire, suspense, thriller, the cipher decryption, intense",infiltration cipher decryption infiltration cipher decryption thriller thriller thriller cipher decryption cipher decryption underground bunker complex underground bunker complex intense intense countdown code bomb defuse bunker wire suspense thriller cipher decryption intense countdown code bomb defuse bunker wire suspense thriller cipher decryption intense rain lashed windows underground bunker complex masking sound muffled footsteps gravel path outside weaving narrow alleys crowded train platforms operative blended seamlessly commuter crowd swapping coats slipping past surveillance cameras undetected extraction helicopter touched roof underground bunker complex cross handed recovered intelligence knowing crisis averted,69,1
ST-0308,Target: Rogue Operative,"The encrypted dossier in his jacket pocket was the only thing standing between peace and total catastrophe in Berlin Metro Station.

Slipping through the laser grid with practiced acrobatic precision, Cross inserted the flash drive into the terminal. Data bars surged to ninety-nine percent just as heavy boots kicked open the reinforced security door. Diving behind the server rack, he deployed a smoke canister that filled the corridor with blinding white fog.

Disappearing into the rainy midnight streets, the operative left no trace behind, another mission completed in the shadows of Berlin Metro Station.",Thriller,Rogue Operative,Berlin Metro Station,Fast-Paced,"metro, subway, operative, surveillance, trench coat, chase, thriller, rogue operative, fast-paced",target rogue operative target rogue operative thriller thriller thriller rogue operative rogue operative berlin metro station berlin metro station fast paced fast paced metro subway operative surveillance trench coat chase thriller rogue operative fast paced metro subway operative surveillance trench coat chase thriller rogue operative fast paced encrypted dossier jacket pocket thing standing peace total catastrophe berlin metro station slipping laser grid practiced acrobatic precision cross inserted flash drive terminal data bars surged ninety nine percent just heavy boots kicked open reinforced security door diving behind server rack deployed smoke canister filled corridor blinding white fog disappearing rainy midnight streets operative left trace behind another mission completed shadows berlin metro station,94,1
ST-0309,The Pursuit of Hostage at Timberline,"Sirens wailed in the distance, echoing off the cold concrete walls of Alpine Summit Cable Car as the countdown timer reached forty seconds.

The cable car swayed violently in the freezing mountain gale, dangling thousands of feet above the jagged ravine. With nerves of steel, the rescue specialist climbed onto the icy roof, bypassed the electronic override, and secured the emergency brake moments before impact.

With the hostages safe and the conspiracy dismantled, the morning sun rose over Alpine Summit Cable Car on a city that would never know how close it came to disaster.",Thriller,Hostage at Timberline,Alpine Summit Cable Car,High-Stakes,"cable car, hostage, blizzard, heights, rescue, peril, thriller, hostage at timberline, high-stakes",pursuit hostage timberline pursuit hostage timberline thriller thriller thriller hostage timberline hostage timberline alpine summit cable car alpine summit cable car high stakes high stakes cable car hostage blizzard heights rescue peril thriller hostage timberline high stakes cable car hostage blizzard heights rescue peril thriller hostage timberline high stakes sirens wailed distance echoing cold concrete walls alpine summit cable car countdown timer reached forty seconds cable car swayed violently freezing mountain gale dangling thousands feet jagged ravine nerves steel rescue specialist climbed onto icy roof bypassed electronic override secured emergency brake moments impact hostages safe conspiracy dismantled morning sun rose alpine summit cable car city never know close came disaster,95,1
ST-0310,The Code of The Double Agent's Drop,"Under the flickering fluorescent lights of Rainy Port Warehouse, every shadow seemed to conceal an assassin waiting for the order.

Hands steady despite the racing pulse, the operative clipped the blue detonation wire with two seconds remaining on the digital display. The deafening hum of the device died down to a faint click, saving the entire precinct.

Justice was delivered swiftly, the classified files secured, and peace restored across the continent.",Thriller,The Double Agent's Drop,Rainy Port Warehouse,Suspenseful,"informant, docks, rain, microfilm, betrayal, covert, thriller, the double agent's drop, suspenseful",code double agent drop code double agent drop thriller thriller thriller double agent drop double agent drop rainy port warehouse rainy port warehouse suspenseful suspenseful informant docks rain microfilm betrayal covert thriller double agent drop suspenseful informant docks rain microfilm betrayal covert thriller double agent drop suspenseful flickering fluorescent lights rainy port warehouse every shadow seemed conceal assassin waiting order hands steady despite racing pulse operative clipped blue detonation wire two seconds remaining digital display deafening hum device died faint click saving entire precinct justice delivered swiftly classified files secured peace restored across continent,71,1
ST-0311,The Protocol of The Cyber Infiltration,"Agent Cross checked his watch: 02:47. He had exactly three minutes before the perimeter security swept Financial District Headquarters.

Weaving through narrow alleys and crowded train platforms, the operative blended seamlessly into the commuter crowd, swapping coats and slipping past the surveillance cameras undetected.

As the extraction helicopter touched down on the roof above Financial District Headquarters, Cross handed over the recovered intelligence, knowing the crisis was averted.",Thriller,The Cyber Infiltration,Financial District Headquarters,Nail-Biting,"firewall, heist, alarm, security, countdown, stealth, thriller, the cyber infiltration, nail-biting",protocol cyber infiltration protocol cyber infiltration thriller thriller thriller cyber infiltration cyber infiltration financial district headquarters financial district headquarters nail biting nail biting firewall heist alarm security countdown stealth thriller cyber infiltration nail biting firewall heist alarm security countdown stealth thriller cyber infiltration nail biting agent cross checked watch 02 47 exactly three minutes perimeter security swept financial district headquarters weaving narrow alleys crowded train platforms operative blended seamlessly commuter crowd swapping coats slipping past surveillance cameras undetected extraction helicopter touched roof financial district headquarters cross handed recovered intelligence knowing crisis averted,68,1
ST-0312,Escape from The Highway Pursuit,"Rain lashed against the windows of Mountain Pass Highway, masking the sound of muffled footsteps on the gravel path outside.

Slipping through the laser grid with practiced acrobatic precision, Cross inserted the flash drive into the terminal. Data bars surged to ninety-nine percent just as heavy boots kicked open the reinforced security door. Diving behind the server rack, he deployed a smoke canister that filled the corridor with blinding white fog.

Disappearing into the rainy midnight streets, the operative left no trace behind, another mission completed in the shadows of Mountain Pass Highway.",Thriller,The Highway Pursuit,Mountain Pass Highway,Adrenaline,"car chase, curves, headlights, cliffside, speed, danger, thriller, the highway pursuit, adrenaline",escape highway pursuit escape highway pursuit thriller thriller thriller highway pursuit highway pursuit mountain pass highway mountain pass highway adrenaline adrenaline car chase curves headlights cliffside speed danger thriller highway pursuit adrenaline car chase curves headlights cliffside speed danger thriller highway pursuit adrenaline rain lashed windows mountain pass highway masking sound muffled footsteps gravel path outside slipping laser grid practiced acrobatic precision cross inserted flash drive terminal data bars surged ninety nine percent just heavy boots kicked open reinforced security door diving behind server rack deployed smoke canister filled corridor blinding white fog disappearing rainy midnight streets operative left trace behind another mission completed shadows mountain pass highway,93,1
ST-0313,The Conspiracy at The Blackwood Conspiracy,"The encrypted dossier in his jacket pocket was the only thing standing between peace and total catastrophe in Embassy Ballroom Reception.

The cable car swayed violently in the freezing mountain gale, dangling thousands of feet above the jagged ravine. With nerves of steel, the rescue specialist climbed onto the icy roof, bypassed the electronic override, and secured the emergency brake moments before impact.

With the hostages safe and the conspiracy dismantled, the morning sun rose over Embassy Ballroom Reception on a city that would never know how close it came to disaster.",Thriller,The Blackwood Conspiracy,Embassy Ballroom Reception,Tense,"conspiracy, agent, spy, danger, briefcase, escape, chase, thriller, the blackwood conspiracy, tense",conspiracy blackwood conspiracy conspiracy blackwood conspiracy thriller thriller thriller blackwood conspiracy blackwood conspiracy embassy ballroom reception embassy ballroom reception tense tense conspiracy agent spy danger briefcase escape chase thriller blackwood conspiracy tense conspiracy agent spy danger briefcase escape chase thriller blackwood conspiracy tense encrypted dossier jacket pocket thing standing peace total catastrophe embassy ballroom reception cable car swayed violently freezing mountain gale dangling thousands feet jagged ravine nerves steel rescue specialist climbed onto icy roof bypassed electronic override secured emergency brake moments impact hostages safe conspiracy dismantled morning sun rose embassy ballroom reception city never know close came disaster,92,1
ST-0314,Countdown in Midnight Freight Escape,"Sirens wailed in the distance, echoing off the cold concrete walls of Industrial Freight Rail Yard as the countdown timer reached forty seconds.

Hands steady despite the racing pulse, the operative clipped the blue detonation wire with two seconds remaining on the digital display. The deafening hum of the device died down to a faint click, saving the entire precinct.

Justice was delivered swiftly, the classified files secured, and peace restored across the continent.",Thriller,Midnight Freight Escape,Industrial Freight Rail Yard,Gripping,"chase, train, tracks, shadows, pursuit, danger, night, thriller, midnight freight escape, gripping",countdown midnight freight escape countdown midnight freight escape thriller thriller thriller midnight freight escape midnight freight escape industrial freight rail yard industrial freight rail yard gripping gripping chase train tracks shadows pursuit danger night thriller midnight freight escape gripping chase train tracks shadows pursuit danger night thriller midnight freight escape gripping sirens wailed distance echoing cold concrete walls industrial freight rail yard countdown timer reached forty seconds hands steady despite racing pulse operative clipped blue detonation wire two seconds remaining digital display deafening hum device died faint click saving entire precinct justice delivered swiftly classified files secured peace restored across continent,74,1
ST-0315,The Operative of The Cipher Decryption,"Under the flickering fluorescent lights of Underground Bunker Complex, every shadow seemed to conceal an assassin waiting for the order.

Weaving through narrow alleys and crowded train platforms, the operative blended seamlessly into the commuter crowd, swapping coats and slipping past the surveillance cameras undetected.

As the extraction helicopter touched down on the roof above Underground Bunker Complex, Cross handed over the recovered intelligence, knowing the crisis was averted.",Thriller,The Cipher Decryption,Underground Bunker Complex,Intense,"countdown, code, bomb, defuse, bunker, wire, suspense, thriller, the cipher decryption, intense",operative cipher decryption operative cipher decryption thriller thriller thriller cipher decryption cipher decryption underground bunker complex underground bunker complex intense intense countdown code bomb defuse bunker wire suspense thriller cipher decryption intense countdown code bomb defuse bunker wire suspense thriller cipher decryption intense flickering fluorescent lights underground bunker complex every shadow seemed conceal assassin waiting order weaving narrow alleys crowded train platforms operative blended seamlessly commuter crowd swapping coats slipping past surveillance cameras undetected extraction helicopter touched roof underground bunker complex cross handed recovered intelligence knowing crisis averted,69,1
ST-0316,Showdown at Rogue Operative,"Agent Cross checked his watch: 02:47. He had exactly three minutes before the perimeter security swept Berlin Metro Station.

Slipping through the laser grid with practiced acrobatic precision, Cross inserted the flash drive into the terminal. Data bars surged to ninety-nine percent just as heavy boots kicked open the reinforced security door. Diving behind the server rack, he deployed a smoke canister that filled the corridor with blinding white fog.

Disappearing into the rainy midnight streets, the operative left no trace behind, another mission completed in the shadows of Berlin Metro Station.",Thriller,Rogue Operative,Berlin Metro Station,Fast-Paced,"metro, subway, operative, surveillance, trench coat, chase, thriller, rogue operative, fast-paced",showdown rogue operative showdown rogue operative thriller thriller thriller rogue operative rogue operative berlin metro station berlin metro station fast paced fast paced metro subway operative surveillance trench coat chase thriller rogue operative fast paced metro subway operative surveillance trench coat chase thriller rogue operative fast paced agent cross checked watch 02 47 exactly three minutes perimeter security swept berlin metro station slipping laser grid practiced acrobatic precision cross inserted flash drive terminal data bars surged ninety nine percent just heavy boots kicked open reinforced security door diving behind server rack deployed smoke canister filled corridor blinding white fog disappearing rainy midnight streets operative left trace behind another mission completed shadows berlin metro station,92,1
ST-0317,The Infiltration of Hostage at Timberline,"Rain lashed against the windows of Alpine Summit Cable Car, masking the sound of muffled footsteps on the gravel path outside.

The cable car swayed violently in the freezing mountain gale, dangling thousands of feet above the jagged ravine. With nerves of steel, the rescue specialist climbed onto the icy roof, bypassed the electronic override, and secured the emergency brake moments before impact.

With the hostages safe and the conspiracy dismantled, the morning sun rose over Alpine Summit Cable Car on a city that would never know how close it came to disaster.",Thriller,Hostage at Timberline,Alpine Summit Cable Car,High-Stakes,"cable car, hostage, blizzard, heights, rescue, peril, thriller, hostage at timberline, high-stakes",infiltration hostage timberline infiltration hostage timberline thriller thriller thriller hostage timberline hostage timberline alpine summit cable car alpine summit cable car high stakes high stakes cable car hostage blizzard heights rescue peril thriller hostage timberline high stakes cable car hostage blizzard heights rescue peril thriller hostage timberline high stakes rain lashed windows alpine summit cable car masking sound muffled footsteps gravel path outside cable car swayed violently freezing mountain gale dangling thousands feet jagged ravine nerves steel rescue specialist climbed onto icy roof bypassed electronic override secured emergency brake moments impact hostages safe conspiracy dismantled morning sun rose alpine summit cable car city never know close came disaster,93,1
ST-0318,Target: The Double Agent's Drop,"The encrypted dossier in his jacket pocket was the only thing standing between peace and total catastrophe in Rainy Port Warehouse.

Hands steady despite the racing pulse, the operative clipped the blue detonation wire with two seconds remaining on the digital display. The deafening hum of the device died down to a faint click, saving the entire precinct.

Justice was delivered swiftly, the classified files secured, and peace restored across the continent.",Thriller,The Double Agent's Drop,Rainy Port Warehouse,Suspenseful,"informant, docks, rain, microfilm, betrayal, covert, thriller, the double agent's drop, suspenseful",target double agent drop target double agent drop thriller thriller thriller double agent drop double agent drop rainy port warehouse rainy port warehouse suspenseful suspenseful informant docks rain microfilm betrayal covert thriller double agent drop suspenseful informant docks rain microfilm betrayal covert thriller double agent drop suspenseful encrypted dossier jacket pocket thing standing peace total catastrophe rainy port warehouse hands steady despite racing pulse operative clipped blue detonation wire two seconds remaining digital display deafening hum device died faint click saving entire precinct justice delivered swiftly classified files secured peace restored across continent,72,1
ST-0319,The Pursuit of The Cyber Infiltration,"Sirens wailed in the distance, echoing off the cold concrete walls of Financial District Headquarters as the countdown timer reached forty seconds.

Weaving through narrow alleys and crowded train platforms, the operative blended seamlessly into the commuter crowd, swapping coats and slipping past the surveillance cameras undetected.

As the extraction helicopter touched down on the roof above Financial District Headquarters, Cross handed over the recovered intelligence, knowing the crisis was averted.",Thriller,The Cyber Infiltration,Financial District Headquarters,Nail-Biting,"firewall, heist, alarm, security, countdown, stealth, thriller, the cyber infiltration, nail-biting",pursuit cyber infiltration pursuit cyber infiltration thriller thriller thriller cyber infiltration cyber infiltration financial district headquarters financial district headquarters nail biting nail biting firewall heist alarm security countdown stealth thriller cyber infiltration nail biting firewall heist alarm security countdown stealth thriller cyber infiltration nail biting sirens wailed distance echoing cold concrete walls financial district headquarters countdown timer reached forty seconds weaving narrow alleys crowded train platforms operative blended seamlessly commuter crowd swapping coats slipping past surveillance cameras undetected extraction helicopter touched roof financial district headquarters cross handed recovered intelligence knowing crisis averted,71,1
ST-0320,The Code of The Highway Pursuit,"Under the flickering fluorescent lights of Mountain Pass Highway, every shadow seemed to conceal an assassin waiting for the order.

Slipping through the laser grid with practiced acrobatic precision, Cross inserted the flash drive into the terminal. Data bars surged to ninety-nine percent just as heavy boots kicked open the reinforced security door. Diving behind the server rack, he deployed a smoke canister that filled the corridor with blinding white fog.

Disappearing into the rainy midnight streets, the operative left no trace behind, another mission completed in the shadows of Mountain Pass Highway.",Thriller,The Highway Pursuit,Mountain Pass Highway,Adrenaline,"car chase, curves, headlights, cliffside, speed, danger, thriller, the highway pursuit, adrenaline",code highway pursuit code highway pursuit thriller thriller thriller highway pursuit highway pursuit mountain pass highway mountain pass highway adrenaline adrenaline car chase curves headlights cliffside speed danger thriller highway pursuit adrenaline car chase curves headlights cliffside speed danger thriller highway pursuit adrenaline flickering fluorescent lights mountain pass highway every shadow seemed conceal assassin waiting order slipping laser grid practiced acrobatic precision cross inserted flash drive terminal data bars surged ninety nine percent just heavy boots kicked open reinforced security door diving behind server rack deployed smoke canister filled corridor blinding white fog disappearing rainy midnight streets operative left trace behind another mission completed shadows mountain pass highway,93,1
ST-0321,The Bond of The Treehouse Pact,"Sunlight filtered through the golden oak leaves of Summer Oak Treehouse, warming the weathered wooden floor where two best friends sat.

Sharing a crust of warm sourdough bread and a thermos of hot cocoa, the old fisherman and the injured tern sat peacefully on the pier. Day after day, patient care nurtured the broken wing until the bird could soar freely once more, always returning to rest gently on its friend's shoulder.

With hearts full of gratitude and pockets full of shared memories, the friends walked home under the evening stars.",Friendship,The Treehouse Pact,Summer Oak Treehouse,Heartwarming,"friends, treehouse, summer, loyalty, pact, childhood, trust, friendship, the treehouse pact, heartwarming",bond treehouse pact bond treehouse pact friendship friendship friendship treehouse pact treehouse pact summer oak treehouse summer oak treehouse heartwarming heartwarming friends treehouse summer loyalty pact childhood trust friendship treehouse pact heartwarming friends treehouse summer loyalty pact childhood trust friendship treehouse pact heartwarming sunlight filtered golden oak leaves summer oak treehouse warming weathered wooden floor two best friends sat sharing crust warm sourdough bread thermos hot cocoa old fisherman injured tern sat peacefully pier day day patient care nurtured broken wing bird soar freely always returning rest gently friend shoulder hearts full gratitude pockets full shared memories friends walked home evening stars,91,1
ST-0322,Companions of Unlikely Allies,"True friendship isn't measured in words, but in the quiet moments shared together in places like Sunny Farm Meadow.

When the mathematics exam results were posted, tears of joy replaced weeks of anxiety. They had spent countless late nights quizzing each other, refusing to let either one fall behind, proving that mutual encouragement triumphs over every obstacle.

In a world that is always changing, the sanctuary of Sunny Farm Meadow proved that genuine friendship is the greatest gift of all.",Friendship,Unlikely Allies,Sunny Farm Meadow,Sweet,"dog, cat, animals, unlikely friends, companions, meadow, bond, friendship, unlikely allies, sweet",companions unlikely allies companions unlikely allies friendship friendship friendship unlikely allies unlikely allies sunny farm meadow sunny farm meadow sweet sweet dog cat animals unlikely friends companions meadow bond friendship unlikely allies sweet dog cat animals unlikely friends companions meadow bond friendship unlikely allies sweet true friendship isn measured words quiet moments shared together places like sunny farm meadow mathematics exam results posted tears joy replaced weeks anxiety spent countless late nights quizzing refusing let either one fall behind proving mutual encouragement triumphs every obstacle world always changing sanctuary sunny farm meadow proved genuine friendship greatest gift,80,1
ST-0323,The Shared The Old Sailor's Companion,"For ten glorious summers, the wooden boards of Harbor Fisherman's Shack had served as the headquarters for their grandest adventures.

Navigating the winding coastal highway with the radio playing their favorite anthems, they realized that the destination didn't matter half as much as the shared joy of traveling together with lifelong friends.

Looking out over the sunset from Harbor Fisherman's Shack, they placed their hands together in the center, knowing their bond would endure through every chapter of life.",Friendship,The Old Sailor's Companion,Harbor Fisherman's Shack,Tender,"fisherman, seagull, harbor, loyalty, trust, companionship, friendship, the old sailor's companion, tender",shared old sailor companion shared old sailor companion friendship friendship friendship old sailor companion old sailor companion harbor fisherman shack harbor fisherman shack tender tender fisherman seagull harbor loyalty trust companionship friendship old sailor companion tender fisherman seagull harbor loyalty trust companionship friendship old sailor companion tender ten glorious summers wooden boards harbor fisherman shack served headquarters grandest adventures navigating winding coastal highway radio playing favorite anthems realized destination didn matter half much shared joy traveling together lifelong friends looking sunset harbor fisherman shack placed hands together center knowing bond endure every chapter life,79,1
ST-0324,The Summer of The Study Buddies,"When times were tough and hope seemed distant, the comforting companionship found in College Library Alcove made every burden lighter.

Working shoulder to shoulder from morning until dusk, they nailed together the final boards of the lookout deck. When Leo lost his balance on the ladder, Maya's steady grip pulled him back to safety without a second's hesitation, their shared laughter echoing through the trees.

Years later, returning to College Library Alcove, they found the carved initials still clear and deep on the wood, a testament to a friendship that never faded.",Friendship,The Study Buddies,College Library Alcove,Uplifting,"classmates, exams, study, encouragement, friendship, success, the study buddies, uplifting",summer study buddies summer study buddies friendship friendship friendship study buddies study buddies college library alcove college library alcove uplifting uplifting classmates exams study encouragement friendship success study buddies uplifting classmates exams study encouragement friendship success study buddies uplifting times tough hope seemed distant comforting companionship found college library alcove made every burden lighter working shoulder shoulder morning dusk nailed together final boards lookout deck leo lost balance ladder maya steady grip pulled back safety without second hesitation shared laughter echoing trees years later returning college library alcove found carved initials still clear deep wood testament friendship never faded,92,1
ST-0325,The Pact at The Shared Workshop,"No matter how far life took them, the promise they carved into the cedar beam at Community Woodworking Shop remained unbreakable.

Sharing a crust of warm sourdough bread and a thermos of hot cocoa, the old fisherman and the injured tern sat peacefully on the pier. Day after day, patient care nurtured the broken wing until the bird could soar freely once more, always returning to rest gently on its friend's shoulder.

With hearts full of gratitude and pockets full of shared memories, the friends walked home under the evening stars.",Friendship,The Shared Workshop,Community Woodworking Shop,Inspiring,"craft, woodworking, mentorship, patience, friendship, shared project, the shared workshop, inspiring",pact shared workshop pact shared workshop friendship friendship friendship shared workshop shared workshop community woodworking shop community woodworking shop inspiring inspiring craft woodworking mentorship patience friendship shared project shared workshop inspiring craft woodworking mentorship patience friendship shared project shared workshop inspiring matter far life took promise carved cedar beam community woodworking shop remained unbreakable sharing crust warm sourdough bread thermos hot cocoa old fisherman injured tern sat peacefully pier day day patient care nurtured broken wing bird soar freely always returning rest gently friend shoulder hearts full gratitude pockets full shared memories friends walked home evening stars,91,1
ST-0326,Allies in The Road Trip Trio,"Sunlight filtered through the golden oak leaves of Vintage Convertible Highway, warming the weathered wooden floor where two best friends sat.

When the mathematics exam results were posted, tears of joy replaced weeks of anxiety. They had spent countless late nights quizzing each other, refusing to let either one fall behind, proving that mutual encouragement triumphs over every obstacle.

In a world that is always changing, the sanctuary of Vintage Convertible Highway proved that genuine friendship is the greatest gift of all.",Friendship,The Road Trip Trio,Vintage Convertible Highway,Joyful,"road trip, music, highway, laughter, memories, adventure, friendship, the road trip trio, joyful",allies road trip trio allies road trip trio friendship friendship friendship road trip trio road trip trio vintage convertible highway vintage convertible highway joyful joyful road trip music highway laughter memories adventure friendship road trip trio joyful road trip music highway laughter memories adventure friendship road trip trio joyful sunlight filtered golden oak leaves vintage convertible highway warming weathered wooden floor two best friends sat mathematics exam results posted tears joy replaced weeks anxiety spent countless late nights quizzing refusing let either one fall behind proving mutual encouragement triumphs every obstacle world always changing sanctuary vintage convertible highway proved genuine friendship greatest gift,82,1
ST-0327,The Journey of The Mountain Rescue,"True friendship isn't measured in words, but in the quiet moments shared together in places like Rocky Hiking Trail.

Navigating the winding coastal highway with the radio playing their favorite anthems, they realized that the destination didn't matter half as much as the shared joy of traveling together with lifelong friends.

Looking out over the sunset from Rocky Hiking Trail, they placed their hands together in the center, knowing their bond would endure through every chapter of life.",Friendship,The Mountain Rescue,Rocky Hiking Trail,Loyal,"hiking, trail, rescue, help, support, trust, brotherhood, friendship, the mountain rescue, loyal",journey mountain rescue journey mountain rescue friendship friendship friendship mountain rescue mountain rescue rocky hiking trail rocky hiking trail loyal loyal hiking trail rescue help support trust brotherhood friendship mountain rescue loyal hiking trail rescue help support trust brotherhood friendship mountain rescue loyal true friendship isn measured words quiet moments shared together places like rocky hiking trail navigating winding coastal highway radio playing favorite anthems realized destination didn matter half much shared joy traveling together lifelong friends looking sunset rocky hiking trail placed hands together center knowing bond endure every chapter life,78,1
ST-0328,The Secret of The Neighborhood Garden,"For ten glorious summers, the wooden boards of Urban Community Patch had served as the headquarters for their grandest adventures.

Working shoulder to shoulder from morning until dusk, they nailed together the final boards of the lookout deck. When Leo lost his balance on the ladder, Maya's steady grip pulled him back to safety without a second's hesitation, their shared laughter echoing through the trees.

Years later, returning to Urban Community Patch, they found the carved initials still clear and deep on the wood, a testament to a friendship that never faded.",Friendship,The Neighborhood Garden,Urban Community Patch,Warm,"garden, flowers, neighbors, community, sharing, friendship, the neighborhood garden, warm",secret neighborhood garden secret neighborhood garden friendship friendship friendship neighborhood garden neighborhood garden urban community patch urban community patch warm warm garden flowers neighbors community sharing friendship neighborhood garden warm garden flowers neighbors community sharing friendship neighborhood garden warm ten glorious summers wooden boards urban community patch served headquarters grandest adventures working shoulder shoulder morning dusk nailed together final boards lookout deck leo lost balance ladder maya steady grip pulled back safety without second hesitation shared laughter echoing trees years later returning urban community patch found carved initials still clear deep wood testament friendship never faded,92,1
ST-0329,The Friends of The Treehouse Pact,"When times were tough and hope seemed distant, the comforting companionship found in Summer Oak Treehouse made every burden lighter.

Sharing a crust of warm sourdough bread and a thermos of hot cocoa, the old fisherman and the injured tern sat peacefully on the pier. Day after day, patient care nurtured the broken wing until the bird could soar freely once more, always returning to rest gently on its friend's shoulder.

With hearts full of gratitude and pockets full of shared memories, the friends walked home under the evening stars.",Friendship,The Treehouse Pact,Summer Oak Treehouse,Heartwarming,"friends, treehouse, summer, loyalty, pact, childhood, trust, friendship, the treehouse pact, heartwarming",friends treehouse pact friends treehouse pact friendship friendship friendship treehouse pact treehouse pact summer oak treehouse summer oak treehouse heartwarming heartwarming friends treehouse summer loyalty pact childhood trust friendship treehouse pact heartwarming friends treehouse summer loyalty pact childhood trust friendship treehouse pact heartwarming times tough hope seemed distant comforting companionship found summer oak treehouse made every burden lighter sharing crust warm sourdough bread thermos hot cocoa old fisherman injured tern sat peacefully pier day day patient care nurtured broken wing bird soar freely always returning rest gently friend shoulder hearts full gratitude pockets full shared memories friends walked home evening stars,90,1
ST-0330,The Promise at Unlikely Allies,"No matter how far life took them, the promise they carved into the cedar beam at Sunny Farm Meadow remained unbreakable.

When the mathematics exam results were posted, tears of joy replaced weeks of anxiety. They had spent countless late nights quizzing each other, refusing to let either one fall behind, proving that mutual encouragement triumphs over every obstacle.

In a world that is always changing, the sanctuary of Sunny Farm Meadow proved that genuine friendship is the greatest gift of all.",Friendship,Unlikely Allies,Sunny Farm Meadow,Sweet,"dog, cat, animals, unlikely friends, companions, meadow, bond, friendship, unlikely allies, sweet",promise unlikely allies promise unlikely allies friendship friendship friendship unlikely allies unlikely allies sunny farm meadow sunny farm meadow sweet sweet dog cat animals unlikely friends companions meadow bond friendship unlikely allies sweet dog cat animals unlikely friends companions meadow bond friendship unlikely allies sweet matter far life took promise carved cedar beam sunny farm meadow remained unbreakable mathematics exam results posted tears joy replaced weeks anxiety spent countless late nights quizzing refusing let either one fall behind proving mutual encouragement triumphs every obstacle world always changing sanctuary sunny farm meadow proved genuine friendship greatest gift,82,1
ST-0331,The Bond of The Old Sailor's Companion,"Sunlight filtered through the golden oak leaves of Harbor Fisherman's Shack, warming the weathered wooden floor where two best friends sat.

Navigating the winding coastal highway with the radio playing their favorite anthems, they realized that the destination didn't matter half as much as the shared joy of traveling together with lifelong friends.

Looking out over the sunset from Harbor Fisherman's Shack, they placed their hands together in the center, knowing their bond would endure through every chapter of life.",Friendship,The Old Sailor's Companion,Harbor Fisherman's Shack,Tender,"fisherman, seagull, harbor, loyalty, trust, companionship, friendship, the old sailor's companion, tender",bond old sailor companion bond old sailor companion friendship friendship friendship old sailor companion old sailor companion harbor fisherman shack harbor fisherman shack tender tender fisherman seagull harbor loyalty trust companionship friendship old sailor companion tender fisherman seagull harbor loyalty trust companionship friendship old sailor companion tender sunlight filtered golden oak leaves harbor fisherman shack warming weathered wooden floor two best friends sat navigating winding coastal highway radio playing favorite anthems realized destination didn matter half much shared joy traveling together lifelong friends looking sunset harbor fisherman shack placed hands together center knowing bond endure every chapter life,80,1
ST-0332,Companions of The Study Buddies,"True friendship isn't measured in words, but in the quiet moments shared together in places like College Library Alcove.

Working shoulder to shoulder from morning until dusk, they nailed together the final boards of the lookout deck. When Leo lost his balance on the ladder, Maya's steady grip pulled him back to safety without a second's hesitation, their shared laughter echoing through the trees.

Years later, returning to College Library Alcove, they found the carved initials still clear and deep on the wood, a testament to a friendship that never faded.",Friendship,The Study Buddies,College Library Alcove,Uplifting,"classmates, exams, study, encouragement, friendship, success, the study buddies, uplifting",companions study buddies companions study buddies friendship friendship friendship study buddies study buddies college library alcove college library alcove uplifting uplifting classmates exams study encouragement friendship success study buddies uplifting classmates exams study encouragement friendship success study buddies uplifting true friendship isn measured words quiet moments shared together places like college library alcove working shoulder shoulder morning dusk nailed together final boards lookout deck leo lost balance ladder maya steady grip pulled back safety without second hesitation shared laughter echoing trees years later returning college library alcove found carved initials still clear deep wood testament friendship never faded,91,1
ST-0333,The Shared The Shared Workshop,"For ten glorious summers, the wooden boards of Community Woodworking Shop had served as the headquarters for their grandest adventures.

Sharing a crust of warm sourdough bread and a thermos of hot cocoa, the old fisherman and the injured tern sat peacefully on the pier. Day after day, patient care nurtured the broken wing until the bird could soar freely once more, always returning to rest gently on its friend's shoulder.

With hearts full of gratitude and pockets full of shared memories, the friends walked home under the evening stars.",Friendship,The Shared Workshop,Community Woodworking Shop,Inspiring,"craft, woodworking, mentorship, patience, friendship, shared project, the shared workshop, inspiring",shared shared workshop shared shared workshop friendship friendship friendship shared workshop shared workshop community woodworking shop community woodworking shop inspiring inspiring craft woodworking mentorship patience friendship shared project shared workshop inspiring craft woodworking mentorship patience friendship shared project shared workshop inspiring ten glorious summers wooden boards community woodworking shop served headquarters grandest adventures sharing crust warm sourdough bread thermos hot cocoa old fisherman injured tern sat peacefully pier day day patient care nurtured broken wing bird soar freely always returning rest gently friend shoulder hearts full gratitude pockets full shared memories friends walked home evening stars,90,1
ST-0334,The Summer of The Road Trip Trio,"When times were tough and hope seemed distant, the comforting companionship found in Vintage Convertible Highway made every burden lighter.

When the mathematics exam results were posted, tears of joy replaced weeks of anxiety. They had spent countless late nights quizzing each other, refusing to let either one fall behind, proving that mutual encouragement triumphs over every obstacle.

In a world that is always changing, the sanctuary of Vintage Convertible Highway proved that genuine friendship is the greatest gift of all.",Friendship,The Road Trip Trio,Vintage Convertible Highway,Joyful,"road trip, music, highway, laughter, memories, adventure, friendship, the road trip trio, joyful",summer road trip trio summer road trip trio friendship friendship friendship road trip trio road trip trio vintage convertible highway vintage convertible highway joyful joyful road trip music highway laughter memories adventure friendship road trip trio joyful road trip music highway laughter memories adventure friendship road trip trio joyful times tough hope seemed distant comforting companionship found vintage convertible highway made every burden lighter mathematics exam results posted tears joy replaced weeks anxiety spent countless late nights quizzing refusing let either one fall behind proving mutual encouragement triumphs every obstacle world always changing sanctuary vintage convertible highway proved genuine friendship greatest gift,81,1
ST-0335,The Pact at The Mountain Rescue,"No matter how far life took them, the promise they carved into the cedar beam at Rocky Hiking Trail remained unbreakable.

Navigating the winding coastal highway with the radio playing their favorite anthems, they realized that the destination didn't matter half as much as the shared joy of traveling together with lifelong friends.

Looking out over the sunset from Rocky Hiking Trail, they placed their hands together in the center, knowing their bond would endure through every chapter of life.",Friendship,The Mountain Rescue,Rocky Hiking Trail,Loyal,"hiking, trail, rescue, help, support, trust, brotherhood, friendship, the mountain rescue, loyal",pact mountain rescue pact mountain rescue friendship friendship friendship mountain rescue mountain rescue rocky hiking trail rocky hiking trail loyal loyal hiking trail rescue help support trust brotherhood friendship mountain rescue loyal hiking trail rescue help support trust brotherhood friendship mountain rescue loyal matter far life took promise carved cedar beam rocky hiking trail remained unbreakable navigating winding coastal highway radio playing favorite anthems realized destination didn matter half much shared joy traveling together lifelong friends looking sunset rocky hiking trail placed hands together center knowing bond endure every chapter life,80,1
ST-0336,Allies in The Neighborhood Garden,"Sunlight filtered through the golden oak leaves of Urban Community Patch, warming the weathered wooden floor where two best friends sat.

Working shoulder to shoulder from morning until dusk, they nailed together the final boards of the lookout deck. When Leo lost his balance on the ladder, Maya's steady grip pulled him back to safety without a second's hesitation, their shared laughter echoing through the trees.

Years later, returning to Urban Community Patch, they found the carved initials still clear and deep on the wood, a testament to a friendship that never faded.",Friendship,The Neighborhood Garden,Urban Community Patch,Warm,"garden, flowers, neighbors, community, sharing, friendship, the neighborhood garden, warm",allies neighborhood garden allies neighborhood garden friendship friendship friendship neighborhood garden neighborhood garden urban community patch urban community patch warm warm garden flowers neighbors community sharing friendship neighborhood garden warm garden flowers neighbors community sharing friendship neighborhood garden warm sunlight filtered golden oak leaves urban community patch warming weathered wooden floor two best friends sat working shoulder shoulder morning dusk nailed together final boards lookout deck leo lost balance ladder maya steady grip pulled back safety without second hesitation shared laughter echoing trees years later returning urban community patch found carved initials still clear deep wood testament friendship never faded,93,1
ST-0337,The Journey of The Treehouse Pact,"True friendship isn't measured in words, but in the quiet moments shared together in places like Summer Oak Treehouse.

Sharing a crust of warm sourdough bread and a thermos of hot cocoa, the old fisherman and the injured tern sat peacefully on the pier. Day after day, patient care nurtured the broken wing until the bird could soar freely once more, always returning to rest gently on its friend's shoulder.

With hearts full of gratitude and pockets full of shared memories, the friends walked home under the evening stars.",Friendship,The Treehouse Pact,Summer Oak Treehouse,Heartwarming,"friends, treehouse, summer, loyalty, pact, childhood, trust, friendship, the treehouse pact, heartwarming",journey treehouse pact journey treehouse pact friendship friendship friendship treehouse pact treehouse pact summer oak treehouse summer oak treehouse heartwarming heartwarming friends treehouse summer loyalty pact childhood trust friendship treehouse pact heartwarming friends treehouse summer loyalty pact childhood trust friendship treehouse pact heartwarming true friendship isn measured words quiet moments shared together places like summer oak treehouse sharing crust warm sourdough bread thermos hot cocoa old fisherman injured tern sat peacefully pier day day patient care nurtured broken wing bird soar freely always returning rest gently friend shoulder hearts full gratitude pockets full shared memories friends walked home evening stars,89,1
ST-0338,The Secret of Unlikely Allies,"For ten glorious summers, the wooden boards of Sunny Farm Meadow had served as the headquarters for their grandest adventures.

When the mathematics exam results were posted, tears of joy replaced weeks of anxiety. They had spent countless late nights quizzing each other, refusing to let either one fall behind, proving that mutual encouragement triumphs over every obstacle.

In a world that is always changing, the sanctuary of Sunny Farm Meadow proved that genuine friendship is the greatest gift of all.",Friendship,Unlikely Allies,Sunny Farm Meadow,Sweet,"dog, cat, animals, unlikely friends, companions, meadow, bond, friendship, unlikely allies, sweet",secret unlikely allies secret unlikely allies friendship friendship friendship unlikely allies unlikely allies sunny farm meadow sunny farm meadow sweet sweet dog cat animals unlikely friends companions meadow bond friendship unlikely allies sweet dog cat animals unlikely friends companions meadow bond friendship unlikely allies sweet ten glorious summers wooden boards sunny farm meadow served headquarters grandest adventures mathematics exam results posted tears joy replaced weeks anxiety spent countless late nights quizzing refusing let either one fall behind proving mutual encouragement triumphs every obstacle world always changing sanctuary sunny farm meadow proved genuine friendship greatest gift,81,1
ST-0339,The Friends of The Old Sailor's Companion,"When times were tough and hope seemed distant, the comforting companionship found in Harbor Fisherman's Shack made every burden lighter.

Navigating the winding coastal highway with the radio playing their favorite anthems, they realized that the destination didn't matter half as much as the shared joy of traveling together with lifelong friends.

Looking out over the sunset from Harbor Fisherman's Shack, they placed their hands together in the center, knowing their bond would endure through every chapter of life.",Friendship,The Old Sailor's Companion,Harbor Fisherman's Shack,Tender,"fisherman, seagull, harbor, loyalty, trust, companionship, friendship, the old sailor's companion, tender",friends old sailor companion friends old sailor companion friendship friendship friendship old sailor companion old sailor companion harbor fisherman shack harbor fisherman shack tender tender fisherman seagull harbor loyalty trust companionship friendship old sailor companion tender fisherman seagull harbor loyalty trust companionship friendship old sailor companion tender times tough hope seemed distant comforting companionship found harbor fisherman shack made every burden lighter navigating winding coastal highway radio playing favorite anthems realized destination didn matter half much shared joy traveling together lifelong friends looking sunset harbor fisherman shack placed hands together center knowing bond endure every chapter life,79,1
ST-0340,The Promise at The Study Buddies,"No matter how far life took them, the promise they carved into the cedar beam at College Library Alcove remained unbreakable.

Working shoulder to shoulder from morning until dusk, they nailed together the final boards of the lookout deck. When Leo lost his balance on the ladder, Maya's steady grip pulled him back to safety without a second's hesitation, their shared laughter echoing through the trees.

Years later, returning to College Library Alcove, they found the carved initials still clear and deep on the wood, a testament to a friendship that never faded.",Friendship,The Study Buddies,College Library Alcove,Uplifting,"classmates, exams, study, encouragement, friendship, success, the study buddies, uplifting",promise study buddies promise study buddies friendship friendship friendship study buddies study buddies college library alcove college library alcove uplifting uplifting classmates exams study encouragement friendship success study buddies uplifting classmates exams study encouragement friendship success study buddies uplifting matter far life took promise carved cedar beam college library alcove remained unbreakable working shoulder shoulder morning dusk nailed together final boards lookout deck leo lost balance ladder maya steady grip pulled back safety without second hesitation shared laughter echoing trees years later returning college library alcove found carved initials still clear deep wood testament friendship never faded,93,1
ST-0341,The Bond of The Shared Workshop,"Sunlight filtered through the golden oak leaves of Community Woodworking Shop, warming the weathered wooden floor where two best friends sat.

Sharing a crust of warm sourdough bread and a thermos of hot cocoa, the old fisherman and the injured tern sat peacefully on the pier. Day after day, patient care nurtured the broken wing until the bird could soar freely once more, always returning to rest gently on its friend's shoulder.

With hearts full of gratitude and pockets full of shared memories, the friends walked home under the evening stars.",Friendship,The Shared Workshop,Community Woodworking Shop,Inspiring,"craft, woodworking, mentorship, patience, friendship, shared project, the shared workshop, inspiring",bond shared workshop bond shared workshop friendship friendship friendship shared workshop shared workshop community woodworking shop community woodworking shop inspiring inspiring craft woodworking mentorship patience friendship shared project shared workshop inspiring craft woodworking mentorship patience friendship shared project shared workshop inspiring sunlight filtered golden oak leaves community woodworking shop warming weathered wooden floor two best friends sat sharing crust warm sourdough bread thermos hot cocoa old fisherman injured tern sat peacefully pier day day patient care nurtured broken wing bird soar freely always returning rest gently friend shoulder hearts full gratitude pockets full shared memories friends walked home evening stars,91,1
ST-0342,Companions of The Road Trip Trio,"True friendship isn't measured in words, but in the quiet moments shared together in places like Vintage Convertible Highway.

When the mathematics exam results were posted, tears of joy replaced weeks of anxiety. They had spent countless late nights quizzing each other, refusing to let either one fall behind, proving that mutual encouragement triumphs over every obstacle.

In a world that is always changing, the sanctuary of Vintage Convertible Highway proved that genuine friendship is the greatest gift of all.",Friendship,The Road Trip Trio,Vintage Convertible Highway,Joyful,"road trip, music, highway, laughter, memories, adventure, friendship, the road trip trio, joyful",companions road trip trio companions road trip trio friendship friendship friendship road trip trio road trip trio vintage convertible highway vintage convertible highway joyful joyful road trip music highway laughter memories adventure friendship road trip trio joyful road trip music highway laughter memories adventure friendship road trip trio joyful true friendship isn measured words quiet moments shared together places like vintage convertible highway mathematics exam results posted tears joy replaced weeks anxiety spent countless late nights quizzing refusing let either one fall behind proving mutual encouragement triumphs every obstacle world always changing sanctuary vintage convertible highway proved genuine friendship greatest gift,80,1
ST-0343,The Shared The Mountain Rescue,"For ten glorious summers, the wooden boards of Rocky Hiking Trail had served as the headquarters for their grandest adventures.

Navigating the winding coastal highway with the radio playing their favorite anthems, they realized that the destination didn't matter half as much as the shared joy of traveling together with lifelong friends.

Looking out over the sunset from Rocky Hiking Trail, they placed their hands together in the center, knowing their bond would endure through every chapter of life.",Friendship,The Mountain Rescue,Rocky Hiking Trail,Loyal,"hiking, trail, rescue, help, support, trust, brotherhood, friendship, the mountain rescue, loyal",shared mountain rescue shared mountain rescue friendship friendship friendship mountain rescue mountain rescue rocky hiking trail rocky hiking trail loyal loyal hiking trail rescue help support trust brotherhood friendship mountain rescue loyal hiking trail rescue help support trust brotherhood friendship mountain rescue loyal ten glorious summers wooden boards rocky hiking trail served headquarters grandest adventures navigating winding coastal highway radio playing favorite anthems realized destination didn matter half much shared joy traveling together lifelong friends looking sunset rocky hiking trail placed hands together center knowing bond endure every chapter life,79,1
ST-0344,The Summer of The Neighborhood Garden,"When times were tough and hope seemed distant, the comforting companionship found in Urban Community Patch made every burden lighter.

Working shoulder to shoulder from morning until dusk, they nailed together the final boards of the lookout deck. When Leo lost his balance on the ladder, Maya's steady grip pulled him back to safety without a second's hesitation, their shared laughter echoing through the trees.

Years later, returning to Urban Community Patch, they found the carved initials still clear and deep on the wood, a testament to a friendship that never faded.",Friendship,The Neighborhood Garden,Urban Community Patch,Warm,"garden, flowers, neighbors, community, sharing, friendship, the neighborhood garden, warm",summer neighborhood garden summer neighborhood garden friendship friendship friendship neighborhood garden neighborhood garden urban community patch urban community patch warm warm garden flowers neighbors community sharing friendship neighborhood garden warm garden flowers neighbors community sharing friendship neighborhood garden warm times tough hope seemed distant comforting companionship found urban community patch made every burden lighter working shoulder shoulder morning dusk nailed together final boards lookout deck leo lost balance ladder maya steady grip pulled back safety without second hesitation shared laughter echoing trees years later returning urban community patch found carved initials still clear deep wood testament friendship never faded,92,1
ST-0345,The Pact at The Treehouse Pact,"No matter how far life took them, the promise they carved into the cedar beam at Summer Oak Treehouse remained unbreakable.

Sharing a crust of warm sourdough bread and a thermos of hot cocoa, the old fisherman and the injured tern sat peacefully on the pier. Day after day, patient care nurtured the broken wing until the bird could soar freely once more, always returning to rest gently on its friend's shoulder.

With hearts full of gratitude and pockets full of shared memories, the friends walked home under the evening stars.",Friendship,The Treehouse Pact,Summer Oak Treehouse,Heartwarming,"friends, treehouse, summer, loyalty, pact, childhood, trust, friendship, the treehouse pact, heartwarming",pact treehouse pact pact treehouse pact friendship friendship friendship treehouse pact treehouse pact summer oak treehouse summer oak treehouse heartwarming heartwarming friends treehouse summer loyalty pact childhood trust friendship treehouse pact heartwarming friends treehouse summer loyalty pact childhood trust friendship treehouse pact heartwarming matter far life took promise carved cedar beam summer oak treehouse remained unbreakable sharing crust warm sourdough bread thermos hot cocoa old fisherman injured tern sat peacefully pier day day patient care nurtured broken wing bird soar freely always returning rest gently friend shoulder hearts full gratitude pockets full shared memories friends walked home evening stars,91,1
ST-0346,Allies in Unlikely Allies,"Sunlight filtered through the golden oak leaves of Sunny Farm Meadow, warming the weathered wooden floor where two best friends sat.

When the mathematics exam results were posted, tears of joy replaced weeks of anxiety. They had spent countless late nights quizzing each other, refusing to let either one fall behind, proving that mutual encouragement triumphs over every obstacle.

In a world that is always changing, the sanctuary of Sunny Farm Meadow proved that genuine friendship is the greatest gift of all.",Friendship,Unlikely Allies,Sunny Farm Meadow,Sweet,"dog, cat, animals, unlikely friends, companions, meadow, bond, friendship, unlikely allies, sweet",allies unlikely allies allies unlikely allies friendship friendship friendship unlikely allies unlikely allies sunny farm meadow sunny farm meadow sweet sweet dog cat animals unlikely friends companions meadow bond friendship unlikely allies sweet dog cat animals unlikely friends companions meadow bond friendship unlikely allies sweet sunlight filtered golden oak leaves sunny farm meadow warming weathered wooden floor two best friends sat mathematics exam results posted tears joy replaced weeks anxiety spent countless late nights quizzing refusing let either one fall behind proving mutual encouragement triumphs every obstacle world always changing sanctuary sunny farm meadow proved genuine friendship greatest gift,82,1
ST-0347,The Journey of The Old Sailor's Companion,"True friendship isn't measured in words, but in the quiet moments shared together in places like Harbor Fisherman's Shack.

Navigating the winding coastal highway with the radio playing their favorite anthems, they realized that the destination didn't matter half as much as the shared joy of traveling together with lifelong friends.

Looking out over the sunset from Harbor Fisherman's Shack, they placed their hands together in the center, knowing their bond would endure through every chapter of life.",Friendship,The Old Sailor's Companion,Harbor Fisherman's Shack,Tender,"fisherman, seagull, harbor, loyalty, trust, companionship, friendship, the old sailor's companion, tender",journey old sailor companion journey old sailor companion friendship friendship friendship old sailor companion old sailor companion harbor fisherman shack harbor fisherman shack tender tender fisherman seagull harbor loyalty trust companionship friendship old sailor companion tender fisherman seagull harbor loyalty trust companionship friendship old sailor companion tender true friendship isn measured words quiet moments shared together places like harbor fisherman shack navigating winding coastal highway radio playing favorite anthems realized destination didn matter half much shared joy traveling together lifelong friends looking sunset harbor fisherman shack placed hands together center knowing bond endure every chapter life,78,1
ST-0348,The Secret of The Study Buddies,"For ten glorious summers, the wooden boards of College Library Alcove had served as the headquarters for their grandest adventures.

Working shoulder to shoulder from morning until dusk, they nailed together the final boards of the lookout deck. When Leo lost his balance on the ladder, Maya's steady grip pulled him back to safety without a second's hesitation, their shared laughter echoing through the trees.

Years later, returning to College Library Alcove, they found the carved initials still clear and deep on the wood, a testament to a friendship that never faded.",Friendship,The Study Buddies,College Library Alcove,Uplifting,"classmates, exams, study, encouragement, friendship, success, the study buddies, uplifting",secret study buddies secret study buddies friendship friendship friendship study buddies study buddies college library alcove college library alcove uplifting uplifting classmates exams study encouragement friendship success study buddies uplifting classmates exams study encouragement friendship success study buddies uplifting ten glorious summers wooden boards college library alcove served headquarters grandest adventures working shoulder shoulder morning dusk nailed together final boards lookout deck leo lost balance ladder maya steady grip pulled back safety without second hesitation shared laughter echoing trees years later returning college library alcove found carved initials still clear deep wood testament friendship never faded,92,1
ST-0349,The Friends of The Shared Workshop,"When times were tough and hope seemed distant, the comforting companionship found in Community Woodworking Shop made every burden lighter.

Sharing a crust of warm sourdough bread and a thermos of hot cocoa, the old fisherman and the injured tern sat peacefully on the pier. Day after day, patient care nurtured the broken wing until the bird could soar freely once more, always returning to rest gently on its friend's shoulder.

With hearts full of gratitude and pockets full of shared memories, the friends walked home under the evening stars.",Friendship,The Shared Workshop,Community Woodworking Shop,Inspiring,"craft, woodworking, mentorship, patience, friendship, shared project, the shared workshop, inspiring",friends shared workshop friends shared workshop friendship friendship friendship shared workshop shared workshop community woodworking shop community woodworking shop inspiring inspiring craft woodworking mentorship patience friendship shared project shared workshop inspiring craft woodworking mentorship patience friendship shared project shared workshop inspiring times tough hope seemed distant comforting companionship found community woodworking shop made every burden lighter sharing crust warm sourdough bread thermos hot cocoa old fisherman injured tern sat peacefully pier day day patient care nurtured broken wing bird soar freely always returning rest gently friend shoulder hearts full gratitude pockets full shared memories friends walked home evening stars,90,1
ST-0350,The Promise at The Road Trip Trio,"No matter how far life took them, the promise they carved into the cedar beam at Vintage Convertible Highway remained unbreakable.

When the mathematics exam results were posted, tears of joy replaced weeks of anxiety. They had spent countless late nights quizzing each other, refusing to let either one fall behind, proving that mutual encouragement triumphs over every obstacle.

In a world that is always changing, the sanctuary of Vintage Convertible Highway proved that genuine friendship is the greatest gift of all.",Friendship,The Road Trip Trio,Vintage Convertible Highway,Joyful,"road trip, music, highway, laughter, memories, adventure, friendship, the road trip trio, joyful",promise road trip trio promise road trip trio friendship friendship friendship road trip trio road trip trio vintage convertible highway vintage convertible highway joyful joyful road trip music highway laughter memories adventure friendship road trip trio joyful road trip music highway laughter memories adventure friendship road trip trio joyful matter far life took promise carved cedar beam vintage convertible highway remained unbreakable mathematics exam results posted tears joy replaced weeks anxiety spent countless late nights quizzing refusing let either one fall behind proving mutual encouragement triumphs every obstacle world always changing sanctuary vintage convertible highway proved genuine friendship greatest gift,82,1
ST-0351,The Bond of The Mountain Rescue,"Sunlight filtered through the golden oak leaves of Rocky Hiking Trail, warming the weathered wooden floor where two best friends sat.

Navigating the winding coastal highway with the radio playing their favorite anthems, they realized that the destination didn't matter half as much as the shared joy of traveling together with lifelong friends.

Looking out over the sunset from Rocky Hiking Trail, they placed their hands together in the center, knowing their bond would endure through every chapter of life.",Friendship,The Mountain Rescue,Rocky Hiking Trail,Loyal,"hiking, trail, rescue, help, support, trust, brotherhood, friendship, the mountain rescue, loyal",bond mountain rescue bond mountain rescue friendship friendship friendship mountain rescue mountain rescue rocky hiking trail rocky hiking trail loyal loyal hiking trail rescue help support trust brotherhood friendship mountain rescue loyal hiking trail rescue help support trust brotherhood friendship mountain rescue loyal sunlight filtered golden oak leaves rocky hiking trail warming weathered wooden floor two best friends sat navigating winding coastal highway radio playing favorite anthems realized destination didn matter half much shared joy traveling together lifelong friends looking sunset rocky hiking trail placed hands together center knowing bond endure every chapter life,80,1
ST-0352,Companions of The Neighborhood Garden,"True friendship isn't measured in words, but in the quiet moments shared together in places like Urban Community Patch.

Working shoulder to shoulder from morning until dusk, they nailed together the final boards of the lookout deck. When Leo lost his balance on the ladder, Maya's steady grip pulled him back to safety without a second's hesitation, their shared laughter echoing through the trees.

Years later, returning to Urban Community Patch, they found the carved initials still clear and deep on the wood, a testament to a friendship that never faded.",Friendship,The Neighborhood Garden,Urban Community Patch,Warm,"garden, flowers, neighbors, community, sharing, friendship, the neighborhood garden, warm",companions neighborhood garden companions neighborhood garden friendship friendship friendship neighborhood garden neighborhood garden urban community patch urban community patch warm warm garden flowers neighbors community sharing friendship neighborhood garden warm garden flowers neighbors community sharing friendship neighborhood garden warm true friendship isn measured words quiet moments shared together places like urban community patch working shoulder shoulder morning dusk nailed together final boards lookout deck leo lost balance ladder maya steady grip pulled back safety without second hesitation shared laughter echoing trees years later returning urban community patch found carved initials still clear deep wood testament friendship never faded,91,1
ST-0353,The Shared The Treehouse Pact,"For ten glorious summers, the wooden boards of Summer Oak Treehouse had served as the headquarters for their grandest adventures.

Sharing a crust of warm sourdough bread and a thermos of hot cocoa, the old fisherman and the injured tern sat peacefully on the pier. Day after day, patient care nurtured the broken wing until the bird could soar freely once more, always returning to rest gently on its friend's shoulder.

With hearts full of gratitude and pockets full of shared memories, the friends walked home under the evening stars.",Friendship,The Treehouse Pact,Summer Oak Treehouse,Heartwarming,"friends, treehouse, summer, loyalty, pact, childhood, trust, friendship, the treehouse pact, heartwarming",shared treehouse pact shared treehouse pact friendship friendship friendship treehouse pact treehouse pact summer oak treehouse summer oak treehouse heartwarming heartwarming friends treehouse summer loyalty pact childhood trust friendship treehouse pact heartwarming friends treehouse summer loyalty pact childhood trust friendship treehouse pact heartwarming ten glorious summers wooden boards summer oak treehouse served headquarters grandest adventures sharing crust warm sourdough bread thermos hot cocoa old fisherman injured tern sat peacefully pier day day patient care nurtured broken wing bird soar freely always returning rest gently friend shoulder hearts full gratitude pockets full shared memories friends walked home evening stars,90,1
ST-0354,The Summer of Unlikely Allies,"When times were tough and hope seemed distant, the comforting companionship found in Sunny Farm Meadow made every burden lighter.

When the mathematics exam results were posted, tears of joy replaced weeks of anxiety. They had spent countless late nights quizzing each other, refusing to let either one fall behind, proving that mutual encouragement triumphs over every obstacle.

In a world that is always changing, the sanctuary of Sunny Farm Meadow proved that genuine friendship is the greatest gift of all.",Friendship,Unlikely Allies,Sunny Farm Meadow,Sweet,"dog, cat, animals, unlikely friends, companions, meadow, bond, friendship, unlikely allies, sweet",summer unlikely allies summer unlikely allies friendship friendship friendship unlikely allies unlikely allies sunny farm meadow sunny farm meadow sweet sweet dog cat animals unlikely friends companions meadow bond friendship unlikely allies sweet dog cat animals unlikely friends companions meadow bond friendship unlikely allies sweet times tough hope seemed distant comforting companionship found sunny farm meadow made every burden lighter mathematics exam results posted tears joy replaced weeks anxiety spent countless late nights quizzing refusing let either one fall behind proving mutual encouragement triumphs every obstacle world always changing sanctuary sunny farm meadow proved genuine friendship greatest gift,81,1
ST-0355,The Pact at The Old Sailor's Companion,"No matter how far life took them, the promise they carved into the cedar beam at Harbor Fisherman's Shack remained unbreakable.

Navigating the winding coastal highway with the radio playing their favorite anthems, they realized that the destination didn't matter half as much as the shared joy of traveling together with lifelong friends.

Looking out over the sunset from Harbor Fisherman's Shack, they placed their hands together in the center, knowing their bond would endure through every chapter of life.",Friendship,The Old Sailor's Companion,Harbor Fisherman's Shack,Tender,"fisherman, seagull, harbor, loyalty, trust, companionship, friendship, the old sailor's companion, tender",pact old sailor companion pact old sailor companion friendship friendship friendship old sailor companion old sailor companion harbor fisherman shack harbor fisherman shack tender tender fisherman seagull harbor loyalty trust companionship friendship old sailor companion tender fisherman seagull harbor loyalty trust companionship friendship old sailor companion tender matter far life took promise carved cedar beam harbor fisherman shack remained unbreakable navigating winding coastal highway radio playing favorite anthems realized destination didn matter half much shared joy traveling together lifelong friends looking sunset harbor fisherman shack placed hands together center knowing bond endure every chapter life,80,1
ST-0356,Allies in The Study Buddies,"Sunlight filtered through the golden oak leaves of College Library Alcove, warming the weathered wooden floor where two best friends sat.

Working shoulder to shoulder from morning until dusk, they nailed together the final boards of the lookout deck. When Leo lost his balance on the ladder, Maya's steady grip pulled him back to safety without a second's hesitation, their shared laughter echoing through the trees.

Years later, returning to College Library Alcove, they found the carved initials still clear and deep on the wood, a testament to a friendship that never faded.",Friendship,The Study Buddies,College Library Alcove,Uplifting,"classmates, exams, study, encouragement, friendship, success, the study buddies, uplifting",allies study buddies allies study buddies friendship friendship friendship study buddies study buddies college library alcove college library alcove uplifting uplifting classmates exams study encouragement friendship success study buddies uplifting classmates exams study encouragement friendship success study buddies uplifting sunlight filtered golden oak leaves college library alcove warming weathered wooden floor two best friends sat working shoulder shoulder morning dusk nailed together final boards lookout deck leo lost balance ladder maya steady grip pulled back safety without second hesitation shared laughter echoing trees years later returning college library alcove found carved initials still clear deep wood testament friendship never faded,93,1
ST-0357,The Journey of The Shared Workshop,"True friendship isn't measured in words, but in the quiet moments shared together in places like Community Woodworking Shop.

Sharing a crust of warm sourdough bread and a thermos of hot cocoa, the old fisherman and the injured tern sat peacefully on the pier. Day after day, patient care nurtured the broken wing until the bird could soar freely once more, always returning to rest gently on its friend's shoulder.

With hearts full of gratitude and pockets full of shared memories, the friends walked home under the evening stars.",Friendship,The Shared Workshop,Community Woodworking Shop,Inspiring,"craft, woodworking, mentorship, patience, friendship, shared project, the shared workshop, inspiring",journey shared workshop journey shared workshop friendship friendship friendship shared workshop shared workshop community woodworking shop community woodworking shop inspiring inspiring craft woodworking mentorship patience friendship shared project shared workshop inspiring craft woodworking mentorship patience friendship shared project shared workshop inspiring true friendship isn measured words quiet moments shared together places like community woodworking shop sharing crust warm sourdough bread thermos hot cocoa old fisherman injured tern sat peacefully pier day day patient care nurtured broken wing bird soar freely always returning rest gently friend shoulder hearts full gratitude pockets full shared memories friends walked home evening stars,89,1
ST-0358,The Secret of The Road Trip Trio,"For ten glorious summers, the wooden boards of Vintage Convertible Highway had served as the headquarters for their grandest adventures.

When the mathematics exam results were posted, tears of joy replaced weeks of anxiety. They had spent countless late nights quizzing each other, refusing to let either one fall behind, proving that mutual encouragement triumphs over every obstacle.

In a world that is always changing, the sanctuary of Vintage Convertible Highway proved that genuine friendship is the greatest gift of all.",Friendship,The Road Trip Trio,Vintage Convertible Highway,Joyful,"road trip, music, highway, laughter, memories, adventure, friendship, the road trip trio, joyful",secret road trip trio secret road trip trio friendship friendship friendship road trip trio road trip trio vintage convertible highway vintage convertible highway joyful joyful road trip music highway laughter memories adventure friendship road trip trio joyful road trip music highway laughter memories adventure friendship road trip trio joyful ten glorious summers wooden boards vintage convertible highway served headquarters grandest adventures mathematics exam results posted tears joy replaced weeks anxiety spent countless late nights quizzing refusing let either one fall behind proving mutual encouragement triumphs every obstacle world always changing sanctuary vintage convertible highway proved genuine friendship greatest gift,81,1
ST-0359,The Friends of The Mountain Rescue,"When times were tough and hope seemed distant, the comforting companionship found in Rocky Hiking Trail made every burden lighter.

Navigating the winding coastal highway with the radio playing their favorite anthems, they realized that the destination didn't matter half as much as the shared joy of traveling together with lifelong friends.

Looking out over the sunset from Rocky Hiking Trail, they placed their hands together in the center, knowing their bond would endure through every chapter of life.",Friendship,The Mountain Rescue,Rocky Hiking Trail,Loyal,"hiking, trail, rescue, help, support, trust, brotherhood, friendship, the mountain rescue, loyal",friends mountain rescue friends mountain rescue friendship friendship friendship mountain rescue mountain rescue rocky hiking trail rocky hiking trail loyal loyal hiking trail rescue help support trust brotherhood friendship mountain rescue loyal hiking trail rescue help support trust brotherhood friendship mountain rescue loyal times tough hope seemed distant comforting companionship found rocky hiking trail made every burden lighter navigating winding coastal highway radio playing favorite anthems realized destination didn matter half much shared joy traveling together lifelong friends looking sunset rocky hiking trail placed hands together center knowing bond endure every chapter life,79,1
ST-0360,The Promise at The Neighborhood Garden,"No matter how far life took them, the promise they carved into the cedar beam at Urban Community Patch remained unbreakable.

Working shoulder to shoulder from morning until dusk, they nailed together the final boards of the lookout deck. When Leo lost his balance on the ladder, Maya's steady grip pulled him back to safety without a second's hesitation, their shared laughter echoing through the trees.

Years later, returning to Urban Community Patch, they found the carved initials still clear and deep on the wood, a testament to a friendship that never faded.",Friendship,The Neighborhood Garden,Urban Community Patch,Warm,"garden, flowers, neighbors, community, sharing, friendship, the neighborhood garden, warm",promise neighborhood garden promise neighborhood garden friendship friendship friendship neighborhood garden neighborhood garden urban community patch urban community patch warm warm garden flowers neighbors community sharing friendship neighborhood garden warm garden flowers neighbors community sharing friendship neighborhood garden warm matter far life took promise carved cedar beam urban community patch remained unbreakable working shoulder shoulder morning dusk nailed together final boards lookout deck leo lost balance ladder maya steady grip pulled back safety without second hesitation shared laughter echoing trees years later returning urban community patch found carved initials still clear deep wood testament friendship never faded,93,1
ST-0361,The Memory of The Grandfather's Violin,"A delicate layer of dust rested upon the velvet case in Dusty Attic Music Box, preserving a song that hadn't been heard in thirty years.

Raking back the fallen leaves from the stone path, she uncovered the miniature rosebush her mother had planted decades ago. Defying the harsh winter frost, a single pink bud had opened, offering its sweet fragrance like a whisper of love from beyond.

Holding the letter close to his chest, he looked up at the stars above Dusty Attic Music Box, filled with strength for the days ahead.",Emotional,The Grandfather's Violin,Dusty Attic Music Box,Bittersweet,"violin, music, grandfather, memory, tears, family, heartfelt, emotional, the grandfather's violin, bittersweet",memory grandfather violin memory grandfather violin emotional emotional emotional grandfather violin grandfather violin dusty attic music box dusty attic music box bittersweet bittersweet violin music grandfather memory tears family heartfelt emotional grandfather violin bittersweet violin music grandfather memory tears family heartfelt emotional grandfather violin bittersweet delicate layer dust rested upon velvet case dusty attic music box preserving song hadn heard thirty years raking back fallen leaves stone path uncovered miniature rosebush mother planted decades ago defying harsh winter frost single pink bud opened offering sweet fragrance like whisper love beyond holding letter close chest looked stars dusty attic music box filled strength days ahead,92,1
ST-0362,The Echoes of The Forgotten Garden,"Memories have a way of lingering in the quiet corners of Cottage Garden Bench, waiting for a gentle touch to awaken them.

Reading the handwritten pages penned in his father's steady script, tears rolled down his cheeks. Every line was filled with encouragement, forgiveness, and unconditional pride, answering the questions he had carried in his heart for half a lifetime.

Surrounded by the warmth of family in Cottage Garden Bench, he finally understood that home is not a place, but the people who love you unconditionally.",Emotional,The Forgotten Garden,Cottage Garden Bench,Poignant,"garden, flowers, memory, mother, seasons, grief, remembrance, emotional, the forgotten garden, poignant",echoes forgotten garden echoes forgotten garden emotional emotional emotional forgotten garden forgotten garden cottage garden bench cottage garden bench poignant poignant garden flowers memory mother seasons grief remembrance emotional forgotten garden poignant garden flowers memory mother seasons grief remembrance emotional forgotten garden poignant memories way lingering quiet corners cottage garden bench waiting gentle touch awaken reading handwritten pages penned father steady script tears rolled cheeks every line filled encouragement forgiveness unconditional pride answering questions carried heart half lifetime surrounded warmth family cottage garden bench finally understood home place people love unconditionally,86,1
ST-0363,The Legacy of Letters to Tomorrow,"Sitting alone by the window in Antique Writing Desk, Nora held the worn envelope with hands that trembled with quiet reverence.

Stepping off the train into the misty evening air, he saw his family waiting under the station lamps. The instant their arms wrapped around him in a tight embrace, all the weariness of the long journey dissolved into pure, restorative tears of joy.

As the final musical note faded into the peaceful stillness of Antique Writing Desk, a serene smile touched his lips, knowing love never truly ends.",Emotional,Letters to Tomorrow,Antique Writing Desk,Deep,"letters, legacy, father, son, advice, love, touching, emotional, letters to tomorrow, deep",legacy letters tomorrow legacy letters tomorrow emotional emotional emotional letters tomorrow letters tomorrow antique writing desk antique writing desk deep deep letters legacy father son advice love touching emotional letters tomorrow deep letters legacy father son advice love touching emotional letters tomorrow deep sitting alone window antique writing desk nora held worn envelope hands trembled quiet reverence stepping train misty evening air saw family waiting station lamps instant arms wrapped around tight embrace weariness long journey dissolved pure restorative tears joy final musical note faded peaceful stillness antique writing desk serene smile touched lips knowing love never truly ends,89,1
ST-0364,A Letter from The Old Photograph Album,"The twilight hour always brought a poignant hush over Living Room Fireside, when the boundaries between past and present seemed to blur.

Lifting the polished spruce violin to his shoulder, Julian drew the horsehair bow across the strings. The resonant melody of his grandfather's favorite lullaby filled the sunlit room, vibrant with memories of childhood summers, warm hugs, and wise guidance that transcended time itself.

Placing the dried rose between the pages of the family Bible, she felt an overwhelming sense of peace settle over her soul.",Emotional,The Old Photograph Album,Living Room Fireside,Nostalgic,"photo album, sepia, ancestors, laughter, passing time, generations, emotional, the old photograph album, nostalgic",letter old photograph album letter old photograph album emotional emotional emotional old photograph album old photograph album living room fireside living room fireside nostalgic nostalgic photo album sepia ancestors laughter passing time generations emotional old photograph album nostalgic photo album sepia ancestors laughter passing time generations emotional old photograph album nostalgic twilight hour always brought poignant hush living room fireside boundaries past present seemed blur lifting polished spruce violin shoulder julian drew horsehair bow across strings resonant melody grandfather favorite lullaby filled sunlit room vibrant memories childhood summers warm hugs wise guidance transcended time placing dried rose pages family bible felt overwhelming sense peace settle soul,87,1
ST-0365,The Melody in The Lighthouse Keeper's Watch,"Every crease in the sepia photograph told a story of sacrifice, devotion, and boundless love in Lonely Sea Cliff.

Raking back the fallen leaves from the stone path, she uncovered the miniature rosebush her mother had planted decades ago. Defying the harsh winter frost, a single pink bud had opened, offering its sweet fragrance like a whisper of love from beyond.

Holding the letter close to his chest, he looked up at the stars above Lonely Sea Cliff, filled with strength for the days ahead.",Emotional,The Lighthouse Keeper's Watch,Lonely Sea Cliff,Melancholic,"lighthouse, watch, sea, waiting, solitude, devotion, honor, emotional, the lighthouse keeper's watch, melancholic",melody lighthouse keeper watch melody lighthouse keeper watch emotional emotional emotional lighthouse keeper watch lighthouse keeper watch lonely sea cliff lonely sea cliff melancholic melancholic lighthouse watch sea waiting solitude devotion honor emotional lighthouse keeper watch melancholic lighthouse watch sea waiting solitude devotion honor emotional lighthouse keeper watch melancholic every crease sepia photograph told story sacrifice devotion boundless love lonely sea cliff raking back fallen leaves stone path uncovered miniature rosebush mother planted decades ago defying harsh winter frost single pink bud opened offering sweet fragrance like whisper love beyond holding letter close chest looked stars lonely sea cliff filled strength days ahead,85,1
ST-0366,The Harvest of The Last Harvest,"A delicate layer of dust rested upon the velvet case in Autumn Wheat Field, preserving a song that hadn't been heard in thirty years.

Reading the handwritten pages penned in his father's steady script, tears rolled down his cheeks. Every line was filled with encouragement, forgiveness, and unconditional pride, answering the questions he had carried in his heart for half a lifetime.

Surrounded by the warmth of family in Autumn Wheat Field, he finally understood that home is not a place, but the people who love you unconditionally.",Emotional,The Last Harvest,Autumn Wheat Field,Bittersweet,"harvest, farm, father, land, hard work, passing the torch, pride, emotional, the last harvest, bittersweet",harvest last harvest harvest last harvest emotional emotional emotional last harvest last harvest autumn wheat field autumn wheat field bittersweet bittersweet harvest farm father land hard work passing torch pride emotional last harvest bittersweet harvest farm father land hard work passing torch pride emotional last harvest bittersweet delicate layer dust rested upon velvet case autumn wheat field preserving song hadn heard thirty years reading handwritten pages penned father steady script tears rolled cheeks every line filled encouragement forgiveness unconditional pride answering questions carried heart half lifetime surrounded warmth family autumn wheat field finally understood home place people love unconditionally,88,1
ST-0367,The Return to The Homecoming,"Memories have a way of lingering in the quiet corners of Rainy Train Platform, waiting for a gentle touch to awaken them.

Stepping off the train into the misty evening air, he saw his family waiting under the station lamps. The instant their arms wrapped around him in a tight embrace, all the weariness of the long journey dissolved into pure, restorative tears of joy.

As the final musical note faded into the peaceful stillness of Rainy Train Platform, a serene smile touched his lips, knowing love never truly ends.",Emotional,The Homecoming,Rainy Train Platform,Overwhelming,"reunion, train, embrace, welcome, tears of joy, family, home, emotional, the homecoming, overwhelming",return homecoming return homecoming emotional emotional emotional homecoming homecoming rainy train platform rainy train platform overwhelming overwhelming reunion train embrace welcome tears joy family home emotional homecoming overwhelming reunion train embrace welcome tears joy family home emotional homecoming overwhelming memories way lingering quiet corners rainy train platform waiting gentle touch awaken stepping train misty evening air saw family waiting station lamps instant arms wrapped around tight embrace weariness long journey dissolved pure restorative tears joy final musical note faded peaceful stillness rainy train platform serene smile touched lips knowing love never truly ends,90,1
ST-0368,Tears in The Painter's Final Canvas,"Sitting alone by the window in Sunlit Studio Easel, Nora held the worn envelope with hands that trembled with quiet reverence.

Lifting the polished spruce violin to his shoulder, Julian drew the horsehair bow across the strings. The resonant melody of his grandfather's favorite lullaby filled the sunlit room, vibrant with memories of childhood summers, warm hugs, and wise guidance that transcended time itself.

Placing the dried rose between the pages of the family Bible, she felt an overwhelming sense of peace settle over her soul.",Emotional,The Painter's Final Canvas,Sunlit Studio Easel,Profound,"artist, painting, legacy, beauty, final work, gratitude, colors, emotional, the painter's final canvas, profound",tears painter final canvas tears painter final canvas emotional emotional emotional painter final canvas painter final canvas sunlit studio easel sunlit studio easel profound profound artist painting legacy beauty final work gratitude colors emotional painter final canvas profound artist painting legacy beauty final work gratitude colors emotional painter final canvas profound sitting alone window sunlit studio easel nora held worn envelope hands trembled quiet reverence lifting polished spruce violin shoulder julian drew horsehair bow across strings resonant melody grandfather favorite lullaby filled sunlit room vibrant memories childhood summers warm hugs wise guidance transcended time placing dried rose pages family bible felt overwhelming sense peace settle soul,86,1
ST-0369,The Keeper of The Grandfather's Violin,"The twilight hour always brought a poignant hush over Dusty Attic Music Box, when the boundaries between past and present seemed to blur.

Raking back the fallen leaves from the stone path, she uncovered the miniature rosebush her mother had planted decades ago. Defying the harsh winter frost, a single pink bud had opened, offering its sweet fragrance like a whisper of love from beyond.

Holding the letter close to his chest, he looked up at the stars above Dusty Attic Music Box, filled with strength for the days ahead.",Emotional,The Grandfather's Violin,Dusty Attic Music Box,Bittersweet,"violin, music, grandfather, memory, tears, family, heartfelt, emotional, the grandfather's violin, bittersweet",keeper grandfather violin keeper grandfather violin emotional emotional emotional grandfather violin grandfather violin dusty attic music box dusty attic music box bittersweet bittersweet violin music grandfather memory tears family heartfelt emotional grandfather violin bittersweet violin music grandfather memory tears family heartfelt emotional grandfather violin bittersweet twilight hour always brought poignant hush dusty attic music box boundaries past present seemed blur raking back fallen leaves stone path uncovered miniature rosebush mother planted decades ago defying harsh winter frost single pink bud opened offering sweet fragrance like whisper love beyond holding letter close chest looked stars dusty attic music box filled strength days ahead,90,1
ST-0370,The Portrait of The Forgotten Garden,"Every crease in the sepia photograph told a story of sacrifice, devotion, and boundless love in Cottage Garden Bench.

Reading the handwritten pages penned in his father's steady script, tears rolled down his cheeks. Every line was filled with encouragement, forgiveness, and unconditional pride, answering the questions he had carried in his heart for half a lifetime.

Surrounded by the warmth of family in Cottage Garden Bench, he finally understood that home is not a place, but the people who love you unconditionally.",Emotional,The Forgotten Garden,Cottage Garden Bench,Poignant,"garden, flowers, memory, mother, seasons, grief, remembrance, emotional, the forgotten garden, poignant",portrait forgotten garden portrait forgotten garden emotional emotional emotional forgotten garden forgotten garden cottage garden bench cottage garden bench poignant poignant garden flowers memory mother seasons grief remembrance emotional forgotten garden poignant garden flowers memory mother seasons grief remembrance emotional forgotten garden poignant every crease sepia photograph told story sacrifice devotion boundless love cottage garden bench reading handwritten pages penned father steady script tears rolled cheeks every line filled encouragement forgiveness unconditional pride answering questions carried heart half lifetime surrounded warmth family cottage garden bench finally understood home place people love unconditionally,83,1
ST-0371,The Memory of Letters to Tomorrow,"A delicate layer of dust rested upon the velvet case in Antique Writing Desk, preserving a song that hadn't been heard in thirty years.

Stepping off the train into the misty evening air, he saw his family waiting under the station lamps. The instant their arms wrapped around him in a tight embrace, all the weariness of the long journey dissolved into pure, restorative tears of joy.

As the final musical note faded into the peaceful stillness of Antique Writing Desk, a serene smile touched his lips, knowing love never truly ends.",Emotional,Letters to Tomorrow,Antique Writing Desk,Deep,"letters, legacy, father, son, advice, love, touching, emotional, letters to tomorrow, deep",memory letters tomorrow memory letters tomorrow emotional emotional emotional letters tomorrow letters tomorrow antique writing desk antique writing desk deep deep letters legacy father son advice love touching emotional letters tomorrow deep letters legacy father son advice love touching emotional letters tomorrow deep delicate layer dust rested upon velvet case antique writing desk preserving song hadn heard thirty years stepping train misty evening air saw family waiting station lamps instant arms wrapped around tight embrace weariness long journey dissolved pure restorative tears joy final musical note faded peaceful stillness antique writing desk serene smile touched lips knowing love never truly ends,92,1
ST-0372,The Echoes of The Old Photograph Album,"Memories have a way of lingering in the quiet corners of Living Room Fireside, waiting for a gentle touch to awaken them.

Lifting the polished spruce violin to his shoulder, Julian drew the horsehair bow across the strings. The resonant melody of his grandfather's favorite lullaby filled the sunlit room, vibrant with memories of childhood summers, warm hugs, and wise guidance that transcended time itself.

Placing the dried rose between the pages of the family Bible, she felt an overwhelming sense of peace settle over her soul.",Emotional,The Old Photograph Album,Living Room Fireside,Nostalgic,"photo album, sepia, ancestors, laughter, passing time, generations, emotional, the old photograph album, nostalgic",echoes old photograph album echoes old photograph album emotional emotional emotional old photograph album old photograph album living room fireside living room fireside nostalgic nostalgic photo album sepia ancestors laughter passing time generations emotional old photograph album nostalgic photo album sepia ancestors laughter passing time generations emotional old photograph album nostalgic memories way lingering quiet corners living room fireside waiting gentle touch awaken lifting polished spruce violin shoulder julian drew horsehair bow across strings resonant melody grandfather favorite lullaby filled sunlit room vibrant memories childhood summers warm hugs wise guidance transcended time placing dried rose pages family bible felt overwhelming sense peace settle soul,87,1
ST-0373,The Legacy of The Lighthouse Keeper's Watch,"Sitting alone by the window in Lonely Sea Cliff, Nora held the worn envelope with hands that trembled with quiet reverence.

Raking back the fallen leaves from the stone path, she uncovered the miniature rosebush her mother had planted decades ago. Defying the harsh winter frost, a single pink bud had opened, offering its sweet fragrance like a whisper of love from beyond.

Holding the letter close to his chest, he looked up at the stars above Lonely Sea Cliff, filled with strength for the days ahead.",Emotional,The Lighthouse Keeper's Watch,Lonely Sea Cliff,Melancholic,"lighthouse, watch, sea, waiting, solitude, devotion, honor, emotional, the lighthouse keeper's watch, melancholic",legacy lighthouse keeper watch legacy lighthouse keeper watch emotional emotional emotional lighthouse keeper watch lighthouse keeper watch lonely sea cliff lonely sea cliff melancholic melancholic lighthouse watch sea waiting solitude devotion honor emotional lighthouse keeper watch melancholic lighthouse watch sea waiting solitude devotion honor emotional lighthouse keeper watch melancholic sitting alone window lonely sea cliff nora held worn envelope hands trembled quiet reverence raking back fallen leaves stone path uncovered miniature rosebush mother planted decades ago defying harsh winter frost single pink bud opened offering sweet fragrance like whisper love beyond holding letter close chest looked stars lonely sea cliff filled strength days ahead,87,1
ST-0374,A Letter from The Last Harvest,"The twilight hour always brought a poignant hush over Autumn Wheat Field, when the boundaries between past and present seemed to blur.

Reading the handwritten pages penned in his father's steady script, tears rolled down his cheeks. Every line was filled with encouragement, forgiveness, and unconditional pride, answering the questions he had carried in his heart for half a lifetime.

Surrounded by the warmth of family in Autumn Wheat Field, he finally understood that home is not a place, but the people who love you unconditionally.",Emotional,The Last Harvest,Autumn Wheat Field,Bittersweet,"harvest, farm, father, land, hard work, passing the torch, pride, emotional, the last harvest, bittersweet",letter last harvest letter last harvest emotional emotional emotional last harvest last harvest autumn wheat field autumn wheat field bittersweet bittersweet harvest farm father land hard work passing torch pride emotional last harvest bittersweet harvest farm father land hard work passing torch pride emotional last harvest bittersweet twilight hour always brought poignant hush autumn wheat field boundaries past present seemed blur reading handwritten pages penned father steady script tears rolled cheeks every line filled encouragement forgiveness unconditional pride answering questions carried heart half lifetime surrounded warmth family autumn wheat field finally understood home place people love unconditionally,86,1
ST-0375,The Melody in The Homecoming,"Every crease in the sepia photograph told a story of sacrifice, devotion, and boundless love in Rainy Train Platform.

Stepping off the train into the misty evening air, he saw his family waiting under the station lamps. The instant their arms wrapped around him in a tight embrace, all the weariness of the long journey dissolved into pure, restorative tears of joy.

As the final musical note faded into the peaceful stillness of Rainy Train Platform, a serene smile touched his lips, knowing love never truly ends.",Emotional,The Homecoming,Rainy Train Platform,Overwhelming,"reunion, train, embrace, welcome, tears of joy, family, home, emotional, the homecoming, overwhelming",melody homecoming melody homecoming emotional emotional emotional homecoming homecoming rainy train platform rainy train platform overwhelming overwhelming reunion train embrace welcome tears joy family home emotional homecoming overwhelming reunion train embrace welcome tears joy family home emotional homecoming overwhelming every crease sepia photograph told story sacrifice devotion boundless love rainy train platform stepping train misty evening air saw family waiting station lamps instant arms wrapped around tight embrace weariness long journey dissolved pure restorative tears joy final musical note faded peaceful stillness rainy train platform serene smile touched lips knowing love never truly ends,87,1
ST-0376,The Harvest of The Painter's Final Canvas,"A delicate layer of dust rested upon the velvet case in Sunlit Studio Easel, preserving a song that hadn't been heard in thirty years.

Lifting the polished spruce violin to his shoulder, Julian drew the horsehair bow across the strings. The resonant melody of his grandfather's favorite lullaby filled the sunlit room, vibrant with memories of childhood summers, warm hugs, and wise guidance that transcended time itself.

Placing the dried rose between the pages of the family Bible, she felt an overwhelming sense of peace settle over her soul.",Emotional,The Painter's Final Canvas,Sunlit Studio Easel,Profound,"artist, painting, legacy, beauty, final work, gratitude, colors, emotional, the painter's final canvas, profound",harvest painter final canvas harvest painter final canvas emotional emotional emotional painter final canvas painter final canvas sunlit studio easel sunlit studio easel profound profound artist painting legacy beauty final work gratitude colors emotional painter final canvas profound artist painting legacy beauty final work gratitude colors emotional painter final canvas profound delicate layer dust rested upon velvet case sunlit studio easel preserving song hadn heard thirty years lifting polished spruce violin shoulder julian drew horsehair bow across strings resonant melody grandfather favorite lullaby filled sunlit room vibrant memories childhood summers warm hugs wise guidance transcended time placing dried rose pages family bible felt overwhelming sense peace settle soul,89,1
ST-0377,The Return to The Grandfather's Violin,"Memories have a way of lingering in the quiet corners of Dusty Attic Music Box, waiting for a gentle touch to awaken them.

Raking back the fallen leaves from the stone path, she uncovered the miniature rosebush her mother had planted decades ago. Defying the harsh winter frost, a single pink bud had opened, offering its sweet fragrance like a whisper of love from beyond.

Holding the letter close to his chest, he looked up at the stars above Dusty Attic Music Box, filled with strength for the days ahead.",Emotional,The Grandfather's Violin,Dusty Attic Music Box,Bittersweet,"violin, music, grandfather, memory, tears, family, heartfelt, emotional, the grandfather's violin, bittersweet",return grandfather violin return grandfather violin emotional emotional emotional grandfather violin grandfather violin dusty attic music box dusty attic music box bittersweet bittersweet violin music grandfather memory tears family heartfelt emotional grandfather violin bittersweet violin music grandfather memory tears family heartfelt emotional grandfather violin bittersweet memories way lingering quiet corners dusty attic music box waiting gentle touch awaken raking back fallen leaves stone path uncovered miniature rosebush mother planted decades ago defying harsh winter frost single pink bud opened offering sweet fragrance like whisper love beyond holding letter close chest looked stars dusty attic music box filled strength days ahead,90,1
ST-0378,Tears in The Forgotten Garden,"Sitting alone by the window in Cottage Garden Bench, Nora held the worn envelope with hands that trembled with quiet reverence.

Reading the handwritten pages penned in his father's steady script, tears rolled down his cheeks. Every line was filled with encouragement, forgiveness, and unconditional pride, answering the questions he had carried in his heart for half a lifetime.

Surrounded by the warmth of family in Cottage Garden Bench, he finally understood that home is not a place, but the people who love you unconditionally.",Emotional,The Forgotten Garden,Cottage Garden Bench,Poignant,"garden, flowers, memory, mother, seasons, grief, remembrance, emotional, the forgotten garden, poignant",tears forgotten garden tears forgotten garden emotional emotional emotional forgotten garden forgotten garden cottage garden bench cottage garden bench poignant poignant garden flowers memory mother seasons grief remembrance emotional forgotten garden poignant garden flowers memory mother seasons grief remembrance emotional forgotten garden poignant sitting alone window cottage garden bench nora held worn envelope hands trembled quiet reverence reading handwritten pages penned father steady script tears rolled cheeks every line filled encouragement forgiveness unconditional pride answering questions carried heart half lifetime surrounded warmth family cottage garden bench finally understood home place people love unconditionally,85,1
ST-0379,The Keeper of Letters to Tomorrow,"The twilight hour always brought a poignant hush over Antique Writing Desk, when the boundaries between past and present seemed to blur.

Stepping off the train into the misty evening air, he saw his family waiting under the station lamps. The instant their arms wrapped around him in a tight embrace, all the weariness of the long journey dissolved into pure, restorative tears of joy.

As the final musical note faded into the peaceful stillness of Antique Writing Desk, a serene smile touched his lips, knowing love never truly ends.",Emotional,Letters to Tomorrow,Antique Writing Desk,Deep,"letters, legacy, father, son, advice, love, touching, emotional, letters to tomorrow, deep",keeper letters tomorrow keeper letters tomorrow emotional emotional emotional letters tomorrow letters tomorrow antique writing desk antique writing desk deep deep letters legacy father son advice love touching emotional letters tomorrow deep letters legacy father son advice love touching emotional letters tomorrow deep twilight hour always brought poignant hush antique writing desk boundaries past present seemed blur stepping train misty evening air saw family waiting station lamps instant arms wrapped around tight embrace weariness long journey dissolved pure restorative tears joy final musical note faded peaceful stillness antique writing desk serene smile touched lips knowing love never truly ends,90,1
ST-0380,The Portrait of The Old Photograph Album,"Every crease in the sepia photograph told a story of sacrifice, devotion, and boundless love in Living Room Fireside.

Lifting the polished spruce violin to his shoulder, Julian drew the horsehair bow across the strings. The resonant melody of his grandfather's favorite lullaby filled the sunlit room, vibrant with memories of childhood summers, warm hugs, and wise guidance that transcended time itself.

Placing the dried rose between the pages of the family Bible, she felt an overwhelming sense of peace settle over her soul.",Emotional,The Old Photograph Album,Living Room Fireside,Nostalgic,"photo album, sepia, ancestors, laughter, passing time, generations, emotional, the old photograph album, nostalgic",portrait old photograph album portrait old photograph album emotional emotional emotional old photograph album old photograph album living room fireside living room fireside nostalgic nostalgic photo album sepia ancestors laughter passing time generations emotional old photograph album nostalgic photo album sepia ancestors laughter passing time generations emotional old photograph album nostalgic every crease sepia photograph told story sacrifice devotion boundless love living room fireside lifting polished spruce violin shoulder julian drew horsehair bow across strings resonant melody grandfather favorite lullaby filled sunlit room vibrant memories childhood summers warm hugs wise guidance transcended time placing dried rose pages family bible felt overwhelming sense peace settle soul,84,1
ST-0381,The Memory of The Lighthouse Keeper's Watch,"A delicate layer of dust rested upon the velvet case in Lonely Sea Cliff, preserving a song that hadn't been heard in thirty years.

Raking back the fallen leaves from the stone path, she uncovered the miniature rosebush her mother had planted decades ago. Defying the harsh winter frost, a single pink bud had opened, offering its sweet fragrance like a whisper of love from beyond.

Holding the letter close to his chest, he looked up at the stars above Lonely Sea Cliff, filled with strength for the days ahead.",Emotional,The Lighthouse Keeper's Watch,Lonely Sea Cliff,Melancholic,"lighthouse, watch, sea, waiting, solitude, devotion, honor, emotional, the lighthouse keeper's watch, melancholic",memory lighthouse keeper watch memory lighthouse keeper watch emotional emotional emotional lighthouse keeper watch lighthouse keeper watch lonely sea cliff lonely sea cliff melancholic melancholic lighthouse watch sea waiting solitude devotion honor emotional lighthouse keeper watch melancholic lighthouse watch sea waiting solitude devotion honor emotional lighthouse keeper watch melancholic delicate layer dust rested upon velvet case lonely sea cliff preserving song hadn heard thirty years raking back fallen leaves stone path uncovered miniature rosebush mother planted decades ago defying harsh winter frost single pink bud opened offering sweet fragrance like whisper love beyond holding letter close chest looked stars lonely sea cliff filled strength days ahead,90,1
ST-0382,The Echoes of The Last Harvest,"Memories have a way of lingering in the quiet corners of Autumn Wheat Field, waiting for a gentle touch to awaken them.

Reading the handwritten pages penned in his father's steady script, tears rolled down his cheeks. Every line was filled with encouragement, forgiveness, and unconditional pride, answering the questions he had carried in his heart for half a lifetime.

Surrounded by the warmth of family in Autumn Wheat Field, he finally understood that home is not a place, but the people who love you unconditionally.",Emotional,The Last Harvest,Autumn Wheat Field,Bittersweet,"harvest, farm, father, land, hard work, passing the torch, pride, emotional, the last harvest, bittersweet",echoes last harvest echoes last harvest emotional emotional emotional last harvest last harvest autumn wheat field autumn wheat field bittersweet bittersweet harvest farm father land hard work passing torch pride emotional last harvest bittersweet harvest farm father land hard work passing torch pride emotional last harvest bittersweet memories way lingering quiet corners autumn wheat field waiting gentle touch awaken reading handwritten pages penned father steady script tears rolled cheeks every line filled encouragement forgiveness unconditional pride answering questions carried heart half lifetime surrounded warmth family autumn wheat field finally understood home place people love unconditionally,86,1
ST-0383,The Legacy of The Homecoming,"Sitting alone by the window in Rainy Train Platform, Nora held the worn envelope with hands that trembled with quiet reverence.

Stepping off the train into the misty evening air, he saw his family waiting under the station lamps. The instant their arms wrapped around him in a tight embrace, all the weariness of the long journey dissolved into pure, restorative tears of joy.

As the final musical note faded into the peaceful stillness of Rainy Train Platform, a serene smile touched his lips, knowing love never truly ends.",Emotional,The Homecoming,Rainy Train Platform,Overwhelming,"reunion, train, embrace, welcome, tears of joy, family, home, emotional, the homecoming, overwhelming",legacy homecoming legacy homecoming emotional emotional emotional homecoming homecoming rainy train platform rainy train platform overwhelming overwhelming reunion train embrace welcome tears joy family home emotional homecoming overwhelming reunion train embrace welcome tears joy family home emotional homecoming overwhelming sitting alone window rainy train platform nora held worn envelope hands trembled quiet reverence stepping train misty evening air saw family waiting station lamps instant arms wrapped around tight embrace weariness long journey dissolved pure restorative tears joy final musical note faded peaceful stillness rainy train platform serene smile touched lips knowing love never truly ends,89,1
ST-0384,A Letter from The Painter's Final Canvas,"The twilight hour always brought a poignant hush over Sunlit Studio Easel, when the boundaries between past and present seemed to blur.

Lifting the polished spruce violin to his shoulder, Julian drew the horsehair bow across the strings. The resonant melody of his grandfather's favorite lullaby filled the sunlit room, vibrant with memories of childhood summers, warm hugs, and wise guidance that transcended time itself.

Placing the dried rose between the pages of the family Bible, she felt an overwhelming sense of peace settle over her soul.",Emotional,The Painter's Final Canvas,Sunlit Studio Easel,Profound,"artist, painting, legacy, beauty, final work, gratitude, colors, emotional, the painter's final canvas, profound",letter painter final canvas letter painter final canvas emotional emotional emotional painter final canvas painter final canvas sunlit studio easel sunlit studio easel profound profound artist painting legacy beauty final work gratitude colors emotional painter final canvas profound artist painting legacy beauty final work gratitude colors emotional painter final canvas profound twilight hour always brought poignant hush sunlit studio easel boundaries past present seemed blur lifting polished spruce violin shoulder julian drew horsehair bow across strings resonant melody grandfather favorite lullaby filled sunlit room vibrant memories childhood summers warm hugs wise guidance transcended time placing dried rose pages family bible felt overwhelming sense peace settle soul,87,1
ST-0385,The Melody in The Grandfather's Violin,"Every crease in the sepia photograph told a story of sacrifice, devotion, and boundless love in Dusty Attic Music Box.

Raking back the fallen leaves from the stone path, she uncovered the miniature rosebush her mother had planted decades ago. Defying the harsh winter frost, a single pink bud had opened, offering its sweet fragrance like a whisper of love from beyond.

Holding the letter close to his chest, he looked up at the stars above Dusty Attic Music Box, filled with strength for the days ahead.",Emotional,The Grandfather's Violin,Dusty Attic Music Box,Bittersweet,"violin, music, grandfather, memory, tears, family, heartfelt, emotional, the grandfather's violin, bittersweet",melody grandfather violin melody grandfather violin emotional emotional emotional grandfather violin grandfather violin dusty attic music box dusty attic music box bittersweet bittersweet violin music grandfather memory tears family heartfelt emotional grandfather violin bittersweet violin music grandfather memory tears family heartfelt emotional grandfather violin bittersweet every crease sepia photograph told story sacrifice devotion boundless love dusty attic music box raking back fallen leaves stone path uncovered miniature rosebush mother planted decades ago defying harsh winter frost single pink bud opened offering sweet fragrance like whisper love beyond holding letter close chest looked stars dusty attic music box filled strength days ahead,87,1
ST-0386,The Harvest of The Forgotten Garden,"A delicate layer of dust rested upon the velvet case in Cottage Garden Bench, preserving a song that hadn't been heard in thirty years.

Reading the handwritten pages penned in his father's steady script, tears rolled down his cheeks. Every line was filled with encouragement, forgiveness, and unconditional pride, answering the questions he had carried in his heart for half a lifetime.

Surrounded by the warmth of family in Cottage Garden Bench, he finally understood that home is not a place, but the people who love you unconditionally.",Emotional,The Forgotten Garden,Cottage Garden Bench,Poignant,"garden, flowers, memory, mother, seasons, grief, remembrance, emotional, the forgotten garden, poignant",harvest forgotten garden harvest forgotten garden emotional emotional emotional forgotten garden forgotten garden cottage garden bench cottage garden bench poignant poignant garden flowers memory mother seasons grief remembrance emotional forgotten garden poignant garden flowers memory mother seasons grief remembrance emotional forgotten garden poignant delicate layer dust rested upon velvet case cottage garden bench preserving song hadn heard thirty years reading handwritten pages penned father steady script tears rolled cheeks every line filled encouragement forgiveness unconditional pride answering questions carried heart half lifetime surrounded warmth family cottage garden bench finally understood home place people love unconditionally,88,1
ST-0387,The Return to Letters to Tomorrow,"Memories have a way of lingering in the quiet corners of Antique Writing Desk, waiting for a gentle touch to awaken them.

Stepping off the train into the misty evening air, he saw his family waiting under the station lamps. The instant their arms wrapped around him in a tight embrace, all the weariness of the long journey dissolved into pure, restorative tears of joy.

As the final musical note faded into the peaceful stillness of Antique Writing Desk, a serene smile touched his lips, knowing love never truly ends.",Emotional,Letters to Tomorrow,Antique Writing Desk,Deep,"letters, legacy, father, son, advice, love, touching, emotional, letters to tomorrow, deep",return letters tomorrow return letters tomorrow emotional emotional emotional letters tomorrow letters tomorrow antique writing desk antique writing desk deep deep letters legacy father son advice love touching emotional letters tomorrow deep letters legacy father son advice love touching emotional letters tomorrow deep memories way lingering quiet corners antique writing desk waiting gentle touch awaken stepping train misty evening air saw family waiting station lamps instant arms wrapped around tight embrace weariness long journey dissolved pure restorative tears joy final musical note faded peaceful stillness antique writing desk serene smile touched lips knowing love never truly ends,90,1
ST-0388,Tears in The Old Photograph Album,"Sitting alone by the window in Living Room Fireside, Nora held the worn envelope with hands that trembled with quiet reverence.

Lifting the polished spruce violin to his shoulder, Julian drew the horsehair bow across the strings. The resonant melody of his grandfather's favorite lullaby filled the sunlit room, vibrant with memories of childhood summers, warm hugs, and wise guidance that transcended time itself.

Placing the dried rose between the pages of the family Bible, she felt an overwhelming sense of peace settle over her soul.",Emotional,The Old Photograph Album,Living Room Fireside,Nostalgic,"photo album, sepia, ancestors, laughter, passing time, generations, emotional, the old photograph album, nostalgic",tears old photograph album tears old photograph album emotional emotional emotional old photograph album old photograph album living room fireside living room fireside nostalgic nostalgic photo album sepia ancestors laughter passing time generations emotional old photograph album nostalgic photo album sepia ancestors laughter passing time generations emotional old photograph album nostalgic sitting alone window living room fireside nora held worn envelope hands trembled quiet reverence lifting polished spruce violin shoulder julian drew horsehair bow across strings resonant melody grandfather favorite lullaby filled sunlit room vibrant memories childhood summers warm hugs wise guidance transcended time placing dried rose pages family bible felt overwhelming sense peace settle soul,86,1
ST-0389,The Keeper of The Lighthouse Keeper's Watch,"The twilight hour always brought a poignant hush over Lonely Sea Cliff, when the boundaries between past and present seemed to blur.

Raking back the fallen leaves from the stone path, she uncovered the miniature rosebush her mother had planted decades ago. Defying the harsh winter frost, a single pink bud had opened, offering its sweet fragrance like a whisper of love from beyond.

Holding the letter close to his chest, he looked up at the stars above Lonely Sea Cliff, filled with strength for the days ahead.",Emotional,The Lighthouse Keeper's Watch,Lonely Sea Cliff,Melancholic,"lighthouse, watch, sea, waiting, solitude, devotion, honor, emotional, the lighthouse keeper's watch, melancholic",keeper lighthouse keeper watch keeper lighthouse keeper watch emotional emotional emotional lighthouse keeper watch lighthouse keeper watch lonely sea cliff lonely sea cliff melancholic melancholic lighthouse watch sea waiting solitude devotion honor emotional lighthouse keeper watch melancholic lighthouse watch sea waiting solitude devotion honor emotional lighthouse keeper watch melancholic twilight hour always brought poignant hush lonely sea cliff boundaries past present seemed blur raking back fallen leaves stone path uncovered miniature rosebush mother planted decades ago defying harsh winter frost single pink bud opened offering sweet fragrance like whisper love beyond holding letter close chest looked stars lonely sea cliff filled strength days ahead,88,1
ST-0390,The Portrait of The Last Harvest,"Every crease in the sepia photograph told a story of sacrifice, devotion, and boundless love in Autumn Wheat Field.

Reading the handwritten pages penned in his father's steady script, tears rolled down his cheeks. Every line was filled with encouragement, forgiveness, and unconditional pride, answering the questions he had carried in his heart for half a lifetime.

Surrounded by the warmth of family in Autumn Wheat Field, he finally understood that home is not a place, but the people who love you unconditionally.",Emotional,The Last Harvest,Autumn Wheat Field,Bittersweet,"harvest, farm, father, land, hard work, passing the torch, pride, emotional, the last harvest, bittersweet",portrait last harvest portrait last harvest emotional emotional emotional last harvest last harvest autumn wheat field autumn wheat field bittersweet bittersweet harvest farm father land hard work passing torch pride emotional last harvest bittersweet harvest farm father land hard work passing torch pride emotional last harvest bittersweet every crease sepia photograph told story sacrifice devotion boundless love autumn wheat field reading handwritten pages penned father steady script tears rolled cheeks every line filled encouragement forgiveness unconditional pride answering questions carried heart half lifetime surrounded warmth family autumn wheat field finally understood home place people love unconditionally,83,1
ST-0391,The Memory of The Homecoming,"A delicate layer of dust rested upon the velvet case in Rainy Train Platform, preserving a song that hadn't been heard in thirty years.

Stepping off the train into the misty evening air, he saw his family waiting under the station lamps. The instant their arms wrapped around him in a tight embrace, all the weariness of the long journey dissolved into pure, restorative tears of joy.

As the final musical note faded into the peaceful stillness of Rainy Train Platform, a serene smile touched his lips, knowing love never truly ends.",Emotional,The Homecoming,Rainy Train Platform,Overwhelming,"reunion, train, embrace, welcome, tears of joy, family, home, emotional, the homecoming, overwhelming",memory homecoming memory homecoming emotional emotional emotional homecoming homecoming rainy train platform rainy train platform overwhelming overwhelming reunion train embrace welcome tears joy family home emotional homecoming overwhelming reunion train embrace welcome tears joy family home emotional homecoming overwhelming delicate layer dust rested upon velvet case rainy train platform preserving song hadn heard thirty years stepping train misty evening air saw family waiting station lamps instant arms wrapped around tight embrace weariness long journey dissolved pure restorative tears joy final musical note faded peaceful stillness rainy train platform serene smile touched lips knowing love never truly ends,92,1
ST-0392,The Echoes of The Painter's Final Canvas,"Memories have a way of lingering in the quiet corners of Sunlit Studio Easel, waiting for a gentle touch to awaken them.

Lifting the polished spruce violin to his shoulder, Julian drew the horsehair bow across the strings. The resonant melody of his grandfather's favorite lullaby filled the sunlit room, vibrant with memories of childhood summers, warm hugs, and wise guidance that transcended time itself.

Placing the dried rose between the pages of the family Bible, she felt an overwhelming sense of peace settle over her soul.",Emotional,The Painter's Final Canvas,Sunlit Studio Easel,Profound,"artist, painting, legacy, beauty, final work, gratitude, colors, emotional, the painter's final canvas, profound",echoes painter final canvas echoes painter final canvas emotional emotional emotional painter final canvas painter final canvas sunlit studio easel sunlit studio easel profound profound artist painting legacy beauty final work gratitude colors emotional painter final canvas profound artist painting legacy beauty final work gratitude colors emotional painter final canvas profound memories way lingering quiet corners sunlit studio easel waiting gentle touch awaken lifting polished spruce violin shoulder julian drew horsehair bow across strings resonant melody grandfather favorite lullaby filled sunlit room vibrant memories childhood summers warm hugs wise guidance transcended time placing dried rose pages family bible felt overwhelming sense peace settle soul,87,1
ST-0393,The Legacy of The Grandfather's Violin,"Sitting alone by the window in Dusty Attic Music Box, Nora held the worn envelope with hands that trembled with quiet reverence.

Raking back the fallen leaves from the stone path, she uncovered the miniature rosebush her mother had planted decades ago. Defying the harsh winter frost, a single pink bud had opened, offering its sweet fragrance like a whisper of love from beyond.

Holding the letter close to his chest, he looked up at the stars above Dusty Attic Music Box, filled with strength for the days ahead.",Emotional,The Grandfather's Violin,Dusty Attic Music Box,Bittersweet,"violin, music, grandfather, memory, tears, family, heartfelt, emotional, the grandfather's violin, bittersweet",legacy grandfather violin legacy grandfather violin emotional emotional emotional grandfather violin grandfather violin dusty attic music box dusty attic music box bittersweet bittersweet violin music grandfather memory tears family heartfelt emotional grandfather violin bittersweet violin music grandfather memory tears family heartfelt emotional grandfather violin bittersweet sitting alone window dusty attic music box nora held worn envelope hands trembled quiet reverence raking back fallen leaves stone path uncovered miniature rosebush mother planted decades ago defying harsh winter frost single pink bud opened offering sweet fragrance like whisper love beyond holding letter close chest looked stars dusty attic music box filled strength days ahead,89,1
ST-0394,A Letter from The Forgotten Garden,"The twilight hour always brought a poignant hush over Cottage Garden Bench, when the boundaries between past and present seemed to blur.

Reading the handwritten pages penned in his father's steady script, tears rolled down his cheeks. Every line was filled with encouragement, forgiveness, and unconditional pride, answering the questions he had carried in his heart for half a lifetime.

Surrounded by the warmth of family in Cottage Garden Bench, he finally understood that home is not a place, but the people who love you unconditionally.",Emotional,The Forgotten Garden,Cottage Garden Bench,Poignant,"garden, flowers, memory, mother, seasons, grief, remembrance, emotional, the forgotten garden, poignant",letter forgotten garden letter forgotten garden emotional emotional emotional forgotten garden forgotten garden cottage garden bench cottage garden bench poignant poignant garden flowers memory mother seasons grief remembrance emotional forgotten garden poignant garden flowers memory mother seasons grief remembrance emotional forgotten garden poignant twilight hour always brought poignant hush cottage garden bench boundaries past present seemed blur reading handwritten pages penned father steady script tears rolled cheeks every line filled encouragement forgiveness unconditional pride answering questions carried heart half lifetime surrounded warmth family cottage garden bench finally understood home place people love unconditionally,86,1
ST-0395,The Melody in Letters to Tomorrow,"Every crease in the sepia photograph told a story of sacrifice, devotion, and boundless love in Antique Writing Desk.

Stepping off the train into the misty evening air, he saw his family waiting under the station lamps. The instant their arms wrapped around him in a tight embrace, all the weariness of the long journey dissolved into pure, restorative tears of joy.

As the final musical note faded into the peaceful stillness of Antique Writing Desk, a serene smile touched his lips, knowing love never truly ends.",Emotional,Letters to Tomorrow,Antique Writing Desk,Deep,"letters, legacy, father, son, advice, love, touching, emotional, letters to tomorrow, deep",melody letters tomorrow melody letters tomorrow emotional emotional emotional letters tomorrow letters tomorrow antique writing desk antique writing desk deep deep letters legacy father son advice love touching emotional letters tomorrow deep letters legacy father son advice love touching emotional letters tomorrow deep every crease sepia photograph told story sacrifice devotion boundless love antique writing desk stepping train misty evening air saw family waiting station lamps instant arms wrapped around tight embrace weariness long journey dissolved pure restorative tears joy final musical note faded peaceful stillness antique writing desk serene smile touched lips knowing love never truly ends,87,1
ST-0396,The Harvest of The Old Photograph Album,"A delicate layer of dust rested upon the velvet case in Living Room Fireside, preserving a song that hadn't been heard in thirty years.

Lifting the polished spruce violin to his shoulder, Julian drew the horsehair bow across the strings. The resonant melody of his grandfather's favorite lullaby filled the sunlit room, vibrant with memories of childhood summers, warm hugs, and wise guidance that transcended time itself.

Placing the dried rose between the pages of the family Bible, she felt an overwhelming sense of peace settle over her soul.",Emotional,The Old Photograph Album,Living Room Fireside,Nostalgic,"photo album, sepia, ancestors, laughter, passing time, generations, emotional, the old photograph album, nostalgic",harvest old photograph album harvest old photograph album emotional emotional emotional old photograph album old photograph album living room fireside living room fireside nostalgic nostalgic photo album sepia ancestors laughter passing time generations emotional old photograph album nostalgic photo album sepia ancestors laughter passing time generations emotional old photograph album nostalgic delicate layer dust rested upon velvet case living room fireside preserving song hadn heard thirty years lifting polished spruce violin shoulder julian drew horsehair bow across strings resonant melody grandfather favorite lullaby filled sunlit room vibrant memories childhood summers warm hugs wise guidance transcended time placing dried rose pages family bible felt overwhelming sense peace settle soul,89,1
ST-0397,The Return to The Lighthouse Keeper's Watch,"Memories have a way of lingering in the quiet corners of Lonely Sea Cliff, waiting for a gentle touch to awaken them.

Raking back the fallen leaves from the stone path, she uncovered the miniature rosebush her mother had planted decades ago. Defying the harsh winter frost, a single pink bud had opened, offering its sweet fragrance like a whisper of love from beyond.

Holding the letter close to his chest, he looked up at the stars above Lonely Sea Cliff, filled with strength for the days ahead.",Emotional,The Lighthouse Keeper's Watch,Lonely Sea Cliff,Melancholic,"lighthouse, watch, sea, waiting, solitude, devotion, honor, emotional, the lighthouse keeper's watch, melancholic",return lighthouse keeper watch return lighthouse keeper watch emotional emotional emotional lighthouse keeper watch lighthouse keeper watch lonely sea cliff lonely sea cliff melancholic melancholic lighthouse watch sea waiting solitude devotion honor emotional lighthouse keeper watch melancholic lighthouse watch sea waiting solitude devotion honor emotional lighthouse keeper watch melancholic memories way lingering quiet corners lonely sea cliff waiting gentle touch awaken raking back fallen leaves stone path uncovered miniature rosebush mother planted decades ago defying harsh winter frost single pink bud opened offering sweet fragrance like whisper love beyond holding letter close chest looked stars lonely sea cliff filled strength days ahead,88,1
ST-0398,Tears in The Last Harvest,"Sitting alone by the window in Autumn Wheat Field, Nora held the worn envelope with hands that trembled with quiet reverence.

Reading the handwritten pages penned in his father's steady script, tears rolled down his cheeks. Every line was filled with encouragement, forgiveness, and unconditional pride, answering the questions he had carried in his heart for half a lifetime.

Surrounded by the warmth of family in Autumn Wheat Field, he finally understood that home is not a place, but the people who love you unconditionally.",Emotional,The Last Harvest,Autumn Wheat Field,Bittersweet,"harvest, farm, father, land, hard work, passing the torch, pride, emotional, the last harvest, bittersweet",tears last harvest tears last harvest emotional emotional emotional last harvest last harvest autumn wheat field autumn wheat field bittersweet bittersweet harvest farm father land hard work passing torch pride emotional last harvest bittersweet harvest farm father land hard work passing torch pride emotional last harvest bittersweet sitting alone window autumn wheat field nora held worn envelope hands trembled quiet reverence reading handwritten pages penned father steady script tears rolled cheeks every line filled encouragement forgiveness unconditional pride answering questions carried heart half lifetime surrounded warmth family autumn wheat field finally understood home place people love unconditionally,85,1
ST-0399,The Keeper of The Homecoming,"The twilight hour always brought a poignant hush over Rainy Train Platform, when the boundaries between past and present seemed to blur.

Stepping off the train into the misty evening air, he saw his family waiting under the station lamps. The instant their arms wrapped around him in a tight embrace, all the weariness of the long journey dissolved into pure, restorative tears of joy.

As the final musical note faded into the peaceful stillness of Rainy Train Platform, a serene smile touched his lips, knowing love never truly ends.",Emotional,The Homecoming,Rainy Train Platform,Overwhelming,"reunion, train, embrace, welcome, tears of joy, family, home, emotional, the homecoming, overwhelming",keeper homecoming keeper homecoming emotional emotional emotional homecoming homecoming rainy train platform rainy train platform overwhelming overwhelming reunion train embrace welcome tears joy family home emotional homecoming overwhelming reunion train embrace welcome tears joy family home emotional homecoming overwhelming twilight hour always brought poignant hush rainy train platform boundaries past present seemed blur stepping train misty evening air saw family waiting station lamps instant arms wrapped around tight embrace weariness long journey dissolved pure restorative tears joy final musical note faded peaceful stillness rainy train platform serene smile touched lips knowing love never truly ends,90,1
ST-0400,The Portrait of The Painter's Final Canvas,"Every crease in the sepia photograph told a story of sacrifice, devotion, and boundless love in Sunlit Studio Easel.

Lifting the polished spruce violin to his shoulder, Julian drew the horsehair bow across the strings. The resonant melody of his grandfather's favorite lullaby filled the sunlit room, vibrant with memories of childhood summers, warm hugs, and wise guidance that transcended time itself.

Placing the dried rose between the pages of the family Bible, she felt an overwhelming sense of peace settle over her soul.",Emotional,The Painter's Final Canvas,Sunlit Studio Easel,Profound,"artist, painting, legacy, beauty, final work, gratitude, colors, emotional, the painter's final canvas, profound",portrait painter final canvas portrait painter final canvas emotional emotional emotional painter final canvas painter final canvas sunlit studio easel sunlit studio easel profound profound artist painting legacy beauty final work gratitude colors emotional painter final canvas profound artist painting legacy beauty final work gratitude colors emotional painter final canvas profound every crease sepia photograph told story sacrifice devotion boundless love sunlit studio easel lifting polished spruce violin shoulder julian drew horsehair bow across strings resonant melody grandfather favorite lullaby filled sunlit room vibrant memories childhood summers warm hugs wise guidance transcended time placing dried rose pages family bible felt overwhelming sense peace settle soul,84,1
ST-0401,The Wisdom of The Honest Woodcutter,"In ancient times, when beasts and trees spoke the language of wisdom, a traveler walked the path near Forest Stream Bank.

Dropping pebbles one by one into the tall pitcher with tireless persistence, the thirsty crow watched the water level rise steadily until its beak could drink freely, proving that patience and ingenuity conquer brute force every time.

To this day, travelers passing Forest Stream Bank remember the timeless proverb: true strength lies in humility, unity, and honesty.",Moral,The Honest Woodcutter,Forest Stream Bank,Inspiring,"woodcutter, honesty, axe, gold, truth, reward, water, moral, the honest woodcutter, inspiring",wisdom honest woodcutter wisdom honest woodcutter moral moral moral honest woodcutter honest woodcutter forest stream bank forest stream bank inspiring inspiring woodcutter honesty axe gold truth reward water moral honest woodcutter inspiring woodcutter honesty axe gold truth reward water moral honest woodcutter inspiring ancient times beasts trees spoke language wisdom traveler walked path near forest stream bank dropping pebbles one one tall pitcher tireless persistence thirsty crow watched water level rise steadily beak drink freely proving patience ingenuity conquer brute force every time day travelers passing forest stream bank remember timeless proverb true strength lies humility unity honesty,78,1
ST-0402,The Fable of The Greedy Merchant's Gold,"A timeless fable from the village elders of Bustling Marketplace teaches a lesson that every generation must learn anew.

The mighty oak boasted of its rigid unbending strength, while the slender reed bowed low before the storm. When the hurricane passed, the proud oak lay uprooted on the ground, while the humble reed stood graceful and unblemished in the morning sun.

And so the simple truth of Bustling Marketplace was carved into stone, guiding future generations toward wisdom and virtue.",Moral,The Greedy Merchant's Gold,Bustling Marketplace,Wise,"merchant, greed, gold, lesson, generosity, karma, market, moral, the greedy merchant's gold, wise",fable greedy merchant gold fable greedy merchant gold moral moral moral greedy merchant gold greedy merchant gold bustling marketplace bustling marketplace wise wise merchant greed gold lesson generosity karma market moral greedy merchant gold wise merchant greed gold lesson generosity karma market moral greedy merchant gold wise timeless fable village elders bustling marketplace teaches lesson every generation must learn anew mighty oak boasted rigid unbending strength slender reed bowed low storm hurricane passed proud oak lay uprooted ground humble reed stood graceful unblemished morning sun simple truth bustling marketplace carved stone guiding future generations toward wisdom virtue,80,1
ST-0403,The Honest The Crow and the Pitcher,"There once lived a man in Dry Country Road who believed that wealth alone could measure the true value of a person.

Handing a single stick to his sons, the father watched them break it easily. But when he bound twelve sticks into a single bundle, not even the strongest warrior could bend it, proving that united we stand invincible, but divided we easily fall.

The lesson learned at Dry Country Road echoed through the village, reminding all that integrity is the highest currency of human character.",Moral,The Crow and the Pitcher,Dry Country Road,Clever,"crow, pitcher, pebbles, patience, wisdom, water, thirst, moral, the crow and the pitcher, clever",honest crow pitcher honest crow pitcher moral moral moral crow pitcher crow pitcher dry country road dry country road clever clever crow pitcher pebbles patience wisdom water thirst moral crow pitcher clever crow pitcher pebbles patience wisdom water thirst moral crow pitcher clever lived man dry country road believed wealth alone measure true value person handing single stick sons father watched break easily bound twelve sticks single bundle even strongest warrior bend proving united stand invincible divided easily fall lesson learned dry country road echoed village reminding integrity highest currency human character,87,1
ST-0404,The Lesson of The Pride of the Mountain Oak,"The wise teacher gathered the village children beneath the shade of Windy Mountain Crest to share an unforgettable tale of truth.

When the golden axe rose from the river, the humble woodcutter shook his head and spoke honestly: 'That is not mine; my axe was simple forged iron.' Pleased by such incorruptible integrity, the spirit of the waters gifted him both the gold and silver axes alongside his own.

Content with an honest life and a clean conscience, the family lived in peace, blessed by the enduring wisdom of Windy Mountain Crest.",Moral,The Pride of the Mountain Oak,Windy Mountain Crest,Thoughtful,"oak, reed, wind, humility, pride, storm, strength, moral, the pride of the mountain oak, thoughtful",lesson pride mountain oak lesson pride mountain oak moral moral moral pride mountain oak pride mountain oak windy mountain crest windy mountain crest thoughtful thoughtful oak reed wind humility pride storm strength moral pride mountain oak thoughtful oak reed wind humility pride storm strength moral pride mountain oak thoughtful wise teacher gathered village children beneath shade windy mountain crest share unforgettable tale truth golden axe rose river humble woodcutter shook head spoke honestly mine axe simple forged iron pleased incorruptible integrity spirit waters gifted gold silver axes alongside content honest life clean conscience family lived peace blessed enduring wisdom windy mountain crest,92,1
ST-0405,The Tale of The Two Travelers and the Bear,"Pride and humility met on the rocky slopes of Deep Woodland Trail to test which virtue would withstand the coming tempest.

Dropping pebbles one by one into the tall pitcher with tireless persistence, the thirsty crow watched the water level rise steadily until its beak could drink freely, proving that patience and ingenuity conquer brute force every time.

To this day, travelers passing Deep Woodland Trail remember the timeless proverb: true strength lies in humility, unity, and honesty.",Moral,The Two Travelers and the Bear,Deep Woodland Trail,Insightful,"travelers, bear, loyalty, danger, promise, fable, friendship, moral, the two travelers and the bear, insightful",tale two travelers bear tale two travelers bear moral moral moral two travelers bear two travelers bear deep woodland trail deep woodland trail insightful insightful travelers bear loyalty danger promise fable friendship moral two travelers bear insightful travelers bear loyalty danger promise fable friendship moral two travelers bear insightful pride humility met rocky slopes deep woodland trail test virtue withstand coming tempest dropping pebbles one one tall pitcher tireless persistence thirsty crow watched water level rise steadily beak drink freely proving patience ingenuity conquer brute force every time day travelers passing deep woodland trail remember timeless proverb true strength lies humility unity honesty,78,1
ST-0406,The Truth in The Golden Touch,"In ancient times, when beasts and trees spoke the language of wisdom, a traveler walked the path near King's Palace Banquet.

The mighty oak boasted of its rigid unbending strength, while the slender reed bowed low before the storm. When the hurricane passed, the proud oak lay uprooted on the ground, while the humble reed stood graceful and unblemished in the morning sun.

And so the simple truth of King's Palace Banquet was carved into stone, guiding future generations toward wisdom and virtue.",Moral,The Golden Touch,King's Palace Banquet,Cautionary,"king, gold, greed, touch, daughter, fable, regret, wisdom, moral, the golden touch, cautionary",truth golden touch truth golden touch moral moral moral golden touch golden touch king palace banquet king palace banquet cautionary cautionary king gold greed touch daughter fable regret wisdom moral golden touch cautionary king gold greed touch daughter fable regret wisdom moral golden touch cautionary ancient times beasts trees spoke language wisdom traveler walked path near king palace banquet mighty oak boasted rigid unbending strength slender reed bowed low storm hurricane passed proud oak lay uprooted ground humble reed stood graceful unblemished morning sun simple truth king palace banquet carved stone guiding future generations toward wisdom virtue,83,1
ST-0407,The Choice at The Bundle of Sticks,"A timeless fable from the village elders of Elder's Village Hearth teaches a lesson that every generation must learn anew.

Handing a single stick to his sons, the father watched them break it easily. But when he bound twelve sticks into a single bundle, not even the strongest warrior could bend it, proving that united we stand invincible, but divided we easily fall.

The lesson learned at Elder's Village Hearth echoed through the village, reminding all that integrity is the highest currency of human character.",Moral,The Bundle of Sticks,Elder's Village Hearth,Unifying,"sticks, unity, brothers, strength, family, cooperation, lesson, moral, the bundle of sticks, unifying",choice bundle sticks choice bundle sticks moral moral moral bundle sticks bundle sticks elder village hearth elder village hearth unifying unifying sticks unity brothers strength family cooperation lesson moral bundle sticks unifying sticks unity brothers strength family cooperation lesson moral bundle sticks unifying timeless fable village elders elder village hearth teaches lesson every generation must learn anew handing single stick sons father watched break easily bound twelve sticks single bundle even strongest warrior bend proving united stand invincible divided easily fall lesson learned elder village hearth echoed village reminding integrity highest currency human character,85,1
ST-0408,The Parable of The Blind Men and the Elephant,"There once lived a man in Shady Banyan Tree who believed that wealth alone could measure the true value of a person.

When the golden axe rose from the river, the humble woodcutter shook his head and spoke honestly: 'That is not mine; my axe was simple forged iron.' Pleased by such incorruptible integrity, the spirit of the waters gifted him both the gold and silver axes alongside his own.

Content with an honest life and a clean conscience, the family lived in peace, blessed by the enduring wisdom of Shady Banyan Tree.",Moral,The Blind Men and the Elephant,Shady Banyan Tree,Philosophical,"elephant, perspective, wisdom, truth, blind men, understanding, moral, the blind men and the elephant, philosophical",parable blind men elephant parable blind men elephant moral moral moral blind men elephant blind men elephant shady banyan tree shady banyan tree philosophical philosophical elephant perspective wisdom truth blind men understanding moral blind men elephant philosophical elephant perspective wisdom truth blind men understanding moral blind men elephant philosophical lived man shady banyan tree believed wealth alone measure true value person golden axe rose river humble woodcutter shook head spoke honestly mine axe simple forged iron pleased incorruptible integrity spirit waters gifted gold silver axes alongside content honest life clean conscience family lived peace blessed enduring wisdom shady banyan tree,93,1
ST-0409,The Test of The Honest Woodcutter,"The wise teacher gathered the village children beneath the shade of Forest Stream Bank to share an unforgettable tale of truth.

Dropping pebbles one by one into the tall pitcher with tireless persistence, the thirsty crow watched the water level rise steadily until its beak could drink freely, proving that patience and ingenuity conquer brute force every time.

To this day, travelers passing Forest Stream Bank remember the timeless proverb: true strength lies in humility, unity, and honesty.",Moral,The Honest Woodcutter,Forest Stream Bank,Inspiring,"woodcutter, honesty, axe, gold, truth, reward, water, moral, the honest woodcutter, inspiring",test honest woodcutter test honest woodcutter moral moral moral honest woodcutter honest woodcutter forest stream bank forest stream bank inspiring inspiring woodcutter honesty axe gold truth reward water moral honest woodcutter inspiring woodcutter honesty axe gold truth reward water moral honest woodcutter inspiring wise teacher gathered village children beneath shade forest stream bank share unforgettable tale truth dropping pebbles one one tall pitcher tireless persistence thirsty crow watched water level rise steadily beak drink freely proving patience ingenuity conquer brute force every time day travelers passing forest stream bank remember timeless proverb true strength lies humility unity honesty,78,1
ST-0410,The Heritage of The Greedy Merchant's Gold,"Pride and humility met on the rocky slopes of Bustling Marketplace to test which virtue would withstand the coming tempest.

The mighty oak boasted of its rigid unbending strength, while the slender reed bowed low before the storm. When the hurricane passed, the proud oak lay uprooted on the ground, while the humble reed stood graceful and unblemished in the morning sun.

And so the simple truth of Bustling Marketplace was carved into stone, guiding future generations toward wisdom and virtue.",Moral,The Greedy Merchant's Gold,Bustling Marketplace,Wise,"merchant, greed, gold, lesson, generosity, karma, market, moral, the greedy merchant's gold, wise",heritage greedy merchant gold heritage greedy merchant gold moral moral moral greedy merchant gold greedy merchant gold bustling marketplace bustling marketplace wise wise merchant greed gold lesson generosity karma market moral greedy merchant gold wise merchant greed gold lesson generosity karma market moral greedy merchant gold wise pride humility met rocky slopes bustling marketplace test virtue withstand coming tempest mighty oak boasted rigid unbending strength slender reed bowed low storm hurricane passed proud oak lay uprooted ground humble reed stood graceful unblemished morning sun simple truth bustling marketplace carved stone guiding future generations toward wisdom virtue,81,1
ST-0411,The Wisdom of The Crow and the Pitcher,"In ancient times, when beasts and trees spoke the language of wisdom, a traveler walked the path near Dry Country Road.

Handing a single stick to his sons, the father watched them break it easily. But when he bound twelve sticks into a single bundle, not even the strongest warrior could bend it, proving that united we stand invincible, but divided we easily fall.

The lesson learned at Dry Country Road echoed through the village, reminding all that integrity is the highest currency of human character.",Moral,The Crow and the Pitcher,Dry Country Road,Clever,"crow, pitcher, pebbles, patience, wisdom, water, thirst, moral, the crow and the pitcher, clever",wisdom crow pitcher wisdom crow pitcher moral moral moral crow pitcher crow pitcher dry country road dry country road clever clever crow pitcher pebbles patience wisdom water thirst moral crow pitcher clever crow pitcher pebbles patience wisdom water thirst moral crow pitcher clever ancient times beasts trees spoke language wisdom traveler walked path near dry country road handing single stick sons father watched break easily bound twelve sticks single bundle even strongest warrior bend proving united stand invincible divided easily fall lesson learned dry country road echoed village reminding integrity highest currency human character,86,1
ST-0412,The Fable of The Pride of the Mountain Oak,"A timeless fable from the village elders of Windy Mountain Crest teaches a lesson that every generation must learn anew.

When the golden axe rose from the river, the humble woodcutter shook his head and spoke honestly: 'That is not mine; my axe was simple forged iron.' Pleased by such incorruptible integrity, the spirit of the waters gifted him both the gold and silver axes alongside his own.

Content with an honest life and a clean conscience, the family lived in peace, blessed by the enduring wisdom of Windy Mountain Crest.",Moral,The Pride of the Mountain Oak,Windy Mountain Crest,Thoughtful,"oak, reed, wind, humility, pride, storm, strength, moral, the pride of the mountain oak, thoughtful",fable pride mountain oak fable pride mountain oak moral moral moral pride mountain oak pride mountain oak windy mountain crest windy mountain crest thoughtful thoughtful oak reed wind humility pride storm strength moral pride mountain oak thoughtful oak reed wind humility pride storm strength moral pride mountain oak thoughtful timeless fable village elders windy mountain crest teaches lesson every generation must learn anew golden axe rose river humble woodcutter shook head spoke honestly mine axe simple forged iron pleased incorruptible integrity spirit waters gifted gold silver axes alongside content honest life clean conscience family lived peace blessed enduring wisdom windy mountain crest,91,1
ST-0413,The Honest The Two Travelers and the Bear,"There once lived a man in Deep Woodland Trail who believed that wealth alone could measure the true value of a person.

Dropping pebbles one by one into the tall pitcher with tireless persistence, the thirsty crow watched the water level rise steadily until its beak could drink freely, proving that patience and ingenuity conquer brute force every time.

To this day, travelers passing Deep Woodland Trail remember the timeless proverb: true strength lies in humility, unity, and honesty.",Moral,The Two Travelers and the Bear,Deep Woodland Trail,Insightful,"travelers, bear, loyalty, danger, promise, fable, friendship, moral, the two travelers and the bear, insightful",honest two travelers bear honest two travelers bear moral moral moral two travelers bear two travelers bear deep woodland trail deep woodland trail insightful insightful travelers bear loyalty danger promise fable friendship moral two travelers bear insightful travelers bear loyalty danger promise fable friendship moral two travelers bear insightful lived man deep woodland trail believed wealth alone measure true value person dropping pebbles one one tall pitcher tireless persistence thirsty crow watched water level rise steadily beak drink freely proving patience ingenuity conquer brute force every time day travelers passing deep woodland trail remember timeless proverb true strength lies humility unity honesty,79,1
ST-0414,The Lesson of The Golden Touch,"The wise teacher gathered the village children beneath the shade of King's Palace Banquet to share an unforgettable tale of truth.

The mighty oak boasted of its rigid unbending strength, while the slender reed bowed low before the storm. When the hurricane passed, the proud oak lay uprooted on the ground, while the humble reed stood graceful and unblemished in the morning sun.

And so the simple truth of King's Palace Banquet was carved into stone, guiding future generations toward wisdom and virtue.",Moral,The Golden Touch,King's Palace Banquet,Cautionary,"king, gold, greed, touch, daughter, fable, regret, wisdom, moral, the golden touch, cautionary",lesson golden touch lesson golden touch moral moral moral golden touch golden touch king palace banquet king palace banquet cautionary cautionary king gold greed touch daughter fable regret wisdom moral golden touch cautionary king gold greed touch daughter fable regret wisdom moral golden touch cautionary wise teacher gathered village children beneath shade king palace banquet share unforgettable tale truth mighty oak boasted rigid unbending strength slender reed bowed low storm hurricane passed proud oak lay uprooted ground humble reed stood graceful unblemished morning sun simple truth king palace banquet carved stone guiding future generations toward wisdom virtue,83,1
ST-0415,The Tale of The Bundle of Sticks,"Pride and humility met on the rocky slopes of Elder's Village Hearth to test which virtue would withstand the coming tempest.

Handing a single stick to his sons, the father watched them break it easily. But when he bound twelve sticks into a single bundle, not even the strongest warrior could bend it, proving that united we stand invincible, but divided we easily fall.

The lesson learned at Elder's Village Hearth echoed through the village, reminding all that integrity is the highest currency of human character.",Moral,The Bundle of Sticks,Elder's Village Hearth,Unifying,"sticks, unity, brothers, strength, family, cooperation, lesson, moral, the bundle of sticks, unifying",tale bundle sticks tale bundle sticks moral moral moral bundle sticks bundle sticks elder village hearth elder village hearth unifying unifying sticks unity brothers strength family cooperation lesson moral bundle sticks unifying sticks unity brothers strength family cooperation lesson moral bundle sticks unifying pride humility met rocky slopes elder village hearth test virtue withstand coming tempest handing single stick sons father watched break easily bound twelve sticks single bundle even strongest warrior bend proving united stand invincible divided easily fall lesson learned elder village hearth echoed village reminding integrity highest currency human character,86,1
ST-0416,The Truth in The Blind Men and the Elephant,"In ancient times, when beasts and trees spoke the language of wisdom, a traveler walked the path near Shady Banyan Tree.

When the golden axe rose from the river, the humble woodcutter shook his head and spoke honestly: 'That is not mine; my axe was simple forged iron.' Pleased by such incorruptible integrity, the spirit of the waters gifted him both the gold and silver axes alongside his own.

Content with an honest life and a clean conscience, the family lived in peace, blessed by the enduring wisdom of Shady Banyan Tree.",Moral,The Blind Men and the Elephant,Shady Banyan Tree,Philosophical,"elephant, perspective, wisdom, truth, blind men, understanding, moral, the blind men and the elephant, philosophical",truth blind men elephant truth blind men elephant moral moral moral blind men elephant blind men elephant shady banyan tree shady banyan tree philosophical philosophical elephant perspective wisdom truth blind men understanding moral blind men elephant philosophical elephant perspective wisdom truth blind men understanding moral blind men elephant philosophical ancient times beasts trees spoke language wisdom traveler walked path near shady banyan tree golden axe rose river humble woodcutter shook head spoke honestly mine axe simple forged iron pleased incorruptible integrity spirit waters gifted gold silver axes alongside content honest life clean conscience family lived peace blessed enduring wisdom shady banyan tree,92,1
ST-0417,The Choice at The Honest Woodcutter,"A timeless fable from the village elders of Forest Stream Bank teaches a lesson that every generation must learn anew.

Dropping pebbles one by one into the tall pitcher with tireless persistence, the thirsty crow watched the water level rise steadily until its beak could drink freely, proving that patience and ingenuity conquer brute force every time.

To this day, travelers passing Forest Stream Bank remember the timeless proverb: true strength lies in humility, unity, and honesty.",Moral,The Honest Woodcutter,Forest Stream Bank,Inspiring,"woodcutter, honesty, axe, gold, truth, reward, water, moral, the honest woodcutter, inspiring",choice honest woodcutter choice honest woodcutter moral moral moral honest woodcutter honest woodcutter forest stream bank forest stream bank inspiring inspiring woodcutter honesty axe gold truth reward water moral honest woodcutter inspiring woodcutter honesty axe gold truth reward water moral honest woodcutter inspiring timeless fable village elders forest stream bank teaches lesson every generation must learn anew dropping pebbles one one tall pitcher tireless persistence thirsty crow watched water level rise steadily beak drink freely proving patience ingenuity conquer brute force every time day travelers passing forest stream bank remember timeless proverb true strength lies humility unity honesty,77,1
ST-0418,The Parable of The Greedy Merchant's Gold,"There once lived a man in Bustling Marketplace who believed that wealth alone could measure the true value of a person.

The mighty oak boasted of its rigid unbending strength, while the slender reed bowed low before the storm. When the hurricane passed, the proud oak lay uprooted on the ground, while the humble reed stood graceful and unblemished in the morning sun.

And so the simple truth of Bustling Marketplace was carved into stone, guiding future generations toward wisdom and virtue.",Moral,The Greedy Merchant's Gold,Bustling Marketplace,Wise,"merchant, greed, gold, lesson, generosity, karma, market, moral, the greedy merchant's gold, wise",parable greedy merchant gold parable greedy merchant gold moral moral moral greedy merchant gold greedy merchant gold bustling marketplace bustling marketplace wise wise merchant greed gold lesson generosity karma market moral greedy merchant gold wise merchant greed gold lesson generosity karma market moral greedy merchant gold wise lived man bustling marketplace believed wealth alone measure true value person mighty oak boasted rigid unbending strength slender reed bowed low storm hurricane passed proud oak lay uprooted ground humble reed stood graceful unblemished morning sun simple truth bustling marketplace carved stone guiding future generations toward wisdom virtue,82,1
ST-0419,The Test of The Crow and the Pitcher,"The wise teacher gathered the village children beneath the shade of Dry Country Road to share an unforgettable tale of truth.

Handing a single stick to his sons, the father watched them break it easily. But when he bound twelve sticks into a single bundle, not even the strongest warrior could bend it, proving that united we stand invincible, but divided we easily fall.

The lesson learned at Dry Country Road echoed through the village, reminding all that integrity is the highest currency of human character.",Moral,The Crow and the Pitcher,Dry Country Road,Clever,"crow, pitcher, pebbles, patience, wisdom, water, thirst, moral, the crow and the pitcher, clever",test crow pitcher test crow pitcher moral moral moral crow pitcher crow pitcher dry country road dry country road clever clever crow pitcher pebbles patience wisdom water thirst moral crow pitcher clever crow pitcher pebbles patience wisdom water thirst moral crow pitcher clever wise teacher gathered village children beneath shade dry country road share unforgettable tale truth handing single stick sons father watched break easily bound twelve sticks single bundle even strongest warrior bend proving united stand invincible divided easily fall lesson learned dry country road echoed village reminding integrity highest currency human character,86,1
ST-0420,The Heritage of The Pride of the Mountain Oak,"Pride and humility met on the rocky slopes of Windy Mountain Crest to test which virtue would withstand the coming tempest.

When the golden axe rose from the river, the humble woodcutter shook his head and spoke honestly: 'That is not mine; my axe was simple forged iron.' Pleased by such incorruptible integrity, the spirit of the waters gifted him both the gold and silver axes alongside his own.

Content with an honest life and a clean conscience, the family lived in peace, blessed by the enduring wisdom of Windy Mountain Crest.",Moral,The Pride of the Mountain Oak,Windy Mountain Crest,Thoughtful,"oak, reed, wind, humility, pride, storm, strength, moral, the pride of the mountain oak, thoughtful",heritage pride mountain oak heritage pride mountain oak moral moral moral pride mountain oak pride mountain oak windy mountain crest windy mountain crest thoughtful thoughtful oak reed wind humility pride storm strength moral pride mountain oak thoughtful oak reed wind humility pride storm strength moral pride mountain oak thoughtful pride humility met rocky slopes windy mountain crest test virtue withstand coming tempest golden axe rose river humble woodcutter shook head spoke honestly mine axe simple forged iron pleased incorruptible integrity spirit waters gifted gold silver axes alongside content honest life clean conscience family lived peace blessed enduring wisdom windy mountain crest,92,1
ST-0421,The Wisdom of The Two Travelers and the Bear,"In ancient times, when beasts and trees spoke the language of wisdom, a traveler walked the path near Deep Woodland Trail.

Dropping pebbles one by one into the tall pitcher with tireless persistence, the thirsty crow watched the water level rise steadily until its beak could drink freely, proving that patience and ingenuity conquer brute force every time.

To this day, travelers passing Deep Woodland Trail remember the timeless proverb: true strength lies in humility, unity, and honesty.",Moral,The Two Travelers and the Bear,Deep Woodland Trail,Insightful,"travelers, bear, loyalty, danger, promise, fable, friendship, moral, the two travelers and the bear, insightful",wisdom two travelers bear wisdom two travelers bear moral moral moral two travelers bear two travelers bear deep woodland trail deep woodland trail insightful insightful travelers bear loyalty danger promise fable friendship moral two travelers bear insightful travelers bear loyalty danger promise fable friendship moral two travelers bear insightful ancient times beasts trees spoke language wisdom traveler walked path near deep woodland trail dropping pebbles one one tall pitcher tireless persistence thirsty crow watched water level rise steadily beak drink freely proving patience ingenuity conquer brute force every time day travelers passing deep woodland trail remember timeless proverb true strength lies humility unity honesty,78,1
ST-0422,The Fable of The Golden Touch,"A timeless fable from the village elders of King's Palace Banquet teaches a lesson that every generation must learn anew.

The mighty oak boasted of its rigid unbending strength, while the slender reed bowed low before the storm. When the hurricane passed, the proud oak lay uprooted on the ground, while the humble reed stood graceful and unblemished in the morning sun.

And so the simple truth of King's Palace Banquet was carved into stone, guiding future generations toward wisdom and virtue.",Moral,The Golden Touch,King's Palace Banquet,Cautionary,"king, gold, greed, touch, daughter, fable, regret, wisdom, moral, the golden touch, cautionary",fable golden touch fable golden touch moral moral moral golden touch golden touch king palace banquet king palace banquet cautionary cautionary king gold greed touch daughter fable regret wisdom moral golden touch cautionary king gold greed touch daughter fable regret wisdom moral golden touch cautionary timeless fable village elders king palace banquet teaches lesson every generation must learn anew mighty oak boasted rigid unbending strength slender reed bowed low storm hurricane passed proud oak lay uprooted ground humble reed stood graceful unblemished morning sun simple truth king palace banquet carved stone guiding future generations toward wisdom virtue,82,1
ST-0423,The Honest The Bundle of Sticks,"There once lived a man in Elder's Village Hearth who believed that wealth alone could measure the true value of a person.

Handing a single stick to his sons, the father watched them break it easily. But when he bound twelve sticks into a single bundle, not even the strongest warrior could bend it, proving that united we stand invincible, but divided we easily fall.

The lesson learned at Elder's Village Hearth echoed through the village, reminding all that integrity is the highest currency of human character.",Moral,The Bundle of Sticks,Elder's Village Hearth,Unifying,"sticks, unity, brothers, strength, family, cooperation, lesson, moral, the bundle of sticks, unifying",honest bundle sticks honest bundle sticks moral moral moral bundle sticks bundle sticks elder village hearth elder village hearth unifying unifying sticks unity brothers strength family cooperation lesson moral bundle sticks unifying sticks unity brothers strength family cooperation lesson moral bundle sticks unifying lived man elder village hearth believed wealth alone measure true value person handing single stick sons father watched break easily bound twelve sticks single bundle even strongest warrior bend proving united stand invincible divided easily fall lesson learned elder village hearth echoed village reminding integrity highest currency human character,87,1
ST-0424,The Lesson of The Blind Men and the Elephant,"The wise teacher gathered the village children beneath the shade of Shady Banyan Tree to share an unforgettable tale of truth.

When the golden axe rose from the river, the humble woodcutter shook his head and spoke honestly: 'That is not mine; my axe was simple forged iron.' Pleased by such incorruptible integrity, the spirit of the waters gifted him both the gold and silver axes alongside his own.

Content with an honest life and a clean conscience, the family lived in peace, blessed by the enduring wisdom of Shady Banyan Tree.",Moral,The Blind Men and the Elephant,Shady Banyan Tree,Philosophical,"elephant, perspective, wisdom, truth, blind men, understanding, moral, the blind men and the elephant, philosophical",lesson blind men elephant lesson blind men elephant moral moral moral blind men elephant blind men elephant shady banyan tree shady banyan tree philosophical philosophical elephant perspective wisdom truth blind men understanding moral blind men elephant philosophical elephant perspective wisdom truth blind men understanding moral blind men elephant philosophical wise teacher gathered village children beneath shade shady banyan tree share unforgettable tale truth golden axe rose river humble woodcutter shook head spoke honestly mine axe simple forged iron pleased incorruptible integrity spirit waters gifted gold silver axes alongside content honest life clean conscience family lived peace blessed enduring wisdom shady banyan tree,92,1
ST-0425,The Tale of The Honest Woodcutter,"Pride and humility met on the rocky slopes of Forest Stream Bank to test which virtue would withstand the coming tempest.

Dropping pebbles one by one into the tall pitcher with tireless persistence, the thirsty crow watched the water level rise steadily until its beak could drink freely, proving that patience and ingenuity conquer brute force every time.

To this day, travelers passing Forest Stream Bank remember the timeless proverb: true strength lies in humility, unity, and honesty.",Moral,The Honest Woodcutter,Forest Stream Bank,Inspiring,"woodcutter, honesty, axe, gold, truth, reward, water, moral, the honest woodcutter, inspiring",tale honest woodcutter tale honest woodcutter moral moral moral honest woodcutter honest woodcutter forest stream bank forest stream bank inspiring inspiring woodcutter honesty axe gold truth reward water moral honest woodcutter inspiring woodcutter honesty axe gold truth reward water moral honest woodcutter inspiring pride humility met rocky slopes forest stream bank test virtue withstand coming tempest dropping pebbles one one tall pitcher tireless persistence thirsty crow watched water level rise steadily beak drink freely proving patience ingenuity conquer brute force every time day travelers passing forest stream bank remember timeless proverb true strength lies humility unity honesty,78,1
ST-0426,The Truth in The Greedy Merchant's Gold,"In ancient times, when beasts and trees spoke the language of wisdom, a traveler walked the path near Bustling Marketplace.

The mighty oak boasted of its rigid unbending strength, while the slender reed bowed low before the storm. When the hurricane passed, the proud oak lay uprooted on the ground, while the humble reed stood graceful and unblemished in the morning sun.

And so the simple truth of Bustling Marketplace was carved into stone, guiding future generations toward wisdom and virtue.",Moral,The Greedy Merchant's Gold,Bustling Marketplace,Wise,"merchant, greed, gold, lesson, generosity, karma, market, moral, the greedy merchant's gold, wise",truth greedy merchant gold truth greedy merchant gold moral moral moral greedy merchant gold greedy merchant gold bustling marketplace bustling marketplace wise wise merchant greed gold lesson generosity karma market moral greedy merchant gold wise merchant greed gold lesson generosity karma market moral greedy merchant gold wise ancient times beasts trees spoke language wisdom traveler walked path near bustling marketplace mighty oak boasted rigid unbending strength slender reed bowed low storm hurricane passed proud oak lay uprooted ground humble reed stood graceful unblemished morning sun simple truth bustling marketplace carved stone guiding future generations toward wisdom virtue,81,1
ST-0427,The Choice at The Crow and the Pitcher,"A timeless fable from the village elders of Dry Country Road teaches a lesson that every generation must learn anew.

Handing a single stick to his sons, the father watched them break it easily. But when he bound twelve sticks into a single bundle, not even the strongest warrior could bend it, proving that united we stand invincible, but divided we easily fall.

The lesson learned at Dry Country Road echoed through the village, reminding all that integrity is the highest currency of human character.",Moral,The Crow and the Pitcher,Dry Country Road,Clever,"crow, pitcher, pebbles, patience, wisdom, water, thirst, moral, the crow and the pitcher, clever",choice crow pitcher choice crow pitcher moral moral moral crow pitcher crow pitcher dry country road dry country road clever clever crow pitcher pebbles patience wisdom water thirst moral crow pitcher clever crow pitcher pebbles patience wisdom water thirst moral crow pitcher clever timeless fable village elders dry country road teaches lesson every generation must learn anew handing single stick sons father watched break easily bound twelve sticks single bundle even strongest warrior bend proving united stand invincible divided easily fall lesson learned dry country road echoed village reminding integrity highest currency human character,85,1
ST-0428,The Parable of The Pride of the Mountain Oak,"There once lived a man in Windy Mountain Crest who believed that wealth alone could measure the true value of a person.

When the golden axe rose from the river, the humble woodcutter shook his head and spoke honestly: 'That is not mine; my axe was simple forged iron.' Pleased by such incorruptible integrity, the spirit of the waters gifted him both the gold and silver axes alongside his own.

Content with an honest life and a clean conscience, the family lived in peace, blessed by the enduring wisdom of Windy Mountain Crest.",Moral,The Pride of the Mountain Oak,Windy Mountain Crest,Thoughtful,"oak, reed, wind, humility, pride, storm, strength, moral, the pride of the mountain oak, thoughtful",parable pride mountain oak parable pride mountain oak moral moral moral pride mountain oak pride mountain oak windy mountain crest windy mountain crest thoughtful thoughtful oak reed wind humility pride storm strength moral pride mountain oak thoughtful oak reed wind humility pride storm strength moral pride mountain oak thoughtful lived man windy mountain crest believed wealth alone measure true value person golden axe rose river humble woodcutter shook head spoke honestly mine axe simple forged iron pleased incorruptible integrity spirit waters gifted gold silver axes alongside content honest life clean conscience family lived peace blessed enduring wisdom windy mountain crest,93,1
ST-0429,The Test of The Two Travelers and the Bear,"The wise teacher gathered the village children beneath the shade of Deep Woodland Trail to share an unforgettable tale of truth.

Dropping pebbles one by one into the tall pitcher with tireless persistence, the thirsty crow watched the water level rise steadily until its beak could drink freely, proving that patience and ingenuity conquer brute force every time.

To this day, travelers passing Deep Woodland Trail remember the timeless proverb: true strength lies in humility, unity, and honesty.",Moral,The Two Travelers and the Bear,Deep Woodland Trail,Insightful,"travelers, bear, loyalty, danger, promise, fable, friendship, moral, the two travelers and the bear, insightful",test two travelers bear test two travelers bear moral moral moral two travelers bear two travelers bear deep woodland trail deep woodland trail insightful insightful travelers bear loyalty danger promise fable friendship moral two travelers bear insightful travelers bear loyalty danger promise fable friendship moral two travelers bear insightful wise teacher gathered village children beneath shade deep woodland trail share unforgettable tale truth dropping pebbles one one tall pitcher tireless persistence thirsty crow watched water level rise steadily beak drink freely proving patience ingenuity conquer brute force every time day travelers passing deep woodland trail remember timeless proverb true strength lies humility unity honesty,78,1
ST-0430,The Heritage of The Golden Touch,"Pride and humility met on the rocky slopes of King's Palace Banquet to test which virtue would withstand the coming tempest.

The mighty oak boasted of its rigid unbending strength, while the slender reed bowed low before the storm. When the hurricane passed, the proud oak lay uprooted on the ground, while the humble reed stood graceful and unblemished in the morning sun.

And so the simple truth of King's Palace Banquet was carved into stone, guiding future generations toward wisdom and virtue.",Moral,The Golden Touch,King's Palace Banquet,Cautionary,"king, gold, greed, touch, daughter, fable, regret, wisdom, moral, the golden touch, cautionary",heritage golden touch heritage golden touch moral moral moral golden touch golden touch king palace banquet king palace banquet cautionary cautionary king gold greed touch daughter fable regret wisdom moral golden touch cautionary king gold greed touch daughter fable regret wisdom moral golden touch cautionary pride humility met rocky slopes king palace banquet test virtue withstand coming tempest mighty oak boasted rigid unbending strength slender reed bowed low storm hurricane passed proud oak lay uprooted ground humble reed stood graceful unblemished morning sun simple truth king palace banquet carved stone guiding future generations toward wisdom virtue,83,1
ST-0431,The Wisdom of The Bundle of Sticks,"In ancient times, when beasts and trees spoke the language of wisdom, a traveler walked the path near Elder's Village Hearth.

Handing a single stick to his sons, the father watched them break it easily. But when he bound twelve sticks into a single bundle, not even the strongest warrior could bend it, proving that united we stand invincible, but divided we easily fall.

The lesson learned at Elder's Village Hearth echoed through the village, reminding all that integrity is the highest currency of human character.",Moral,The Bundle of Sticks,Elder's Village Hearth,Unifying,"sticks, unity, brothers, strength, family, cooperation, lesson, moral, the bundle of sticks, unifying",wisdom bundle sticks wisdom bundle sticks moral moral moral bundle sticks bundle sticks elder village hearth elder village hearth unifying unifying sticks unity brothers strength family cooperation lesson moral bundle sticks unifying sticks unity brothers strength family cooperation lesson moral bundle sticks unifying ancient times beasts trees spoke language wisdom traveler walked path near elder village hearth handing single stick sons father watched break easily bound twelve sticks single bundle even strongest warrior bend proving united stand invincible divided easily fall lesson learned elder village hearth echoed village reminding integrity highest currency human character,86,1
ST-0432,The Fable of The Blind Men and the Elephant,"A timeless fable from the village elders of Shady Banyan Tree teaches a lesson that every generation must learn anew.

When the golden axe rose from the river, the humble woodcutter shook his head and spoke honestly: 'That is not mine; my axe was simple forged iron.' Pleased by such incorruptible integrity, the spirit of the waters gifted him both the gold and silver axes alongside his own.

Content with an honest life and a clean conscience, the family lived in peace, blessed by the enduring wisdom of Shady Banyan Tree.",Moral,The Blind Men and the Elephant,Shady Banyan Tree,Philosophical,"elephant, perspective, wisdom, truth, blind men, understanding, moral, the blind men and the elephant, philosophical",fable blind men elephant fable blind men elephant moral moral moral blind men elephant blind men elephant shady banyan tree shady banyan tree philosophical philosophical elephant perspective wisdom truth blind men understanding moral blind men elephant philosophical elephant perspective wisdom truth blind men understanding moral blind men elephant philosophical timeless fable village elders shady banyan tree teaches lesson every generation must learn anew golden axe rose river humble woodcutter shook head spoke honestly mine axe simple forged iron pleased incorruptible integrity spirit waters gifted gold silver axes alongside content honest life clean conscience family lived peace blessed enduring wisdom shady banyan tree,91,1
ST-0433,The Honest The Honest Woodcutter,"There once lived a man in Forest Stream Bank who believed that wealth alone could measure the true value of a person.

Dropping pebbles one by one into the tall pitcher with tireless persistence, the thirsty crow watched the water level rise steadily until its beak could drink freely, proving that patience and ingenuity conquer brute force every time.

To this day, travelers passing Forest Stream Bank remember the timeless proverb: true strength lies in humility, unity, and honesty.",Moral,The Honest Woodcutter,Forest Stream Bank,Inspiring,"woodcutter, honesty, axe, gold, truth, reward, water, moral, the honest woodcutter, inspiring",honest honest woodcutter honest honest woodcutter moral moral moral honest woodcutter honest woodcutter forest stream bank forest stream bank inspiring inspiring woodcutter honesty axe gold truth reward water moral honest woodcutter inspiring woodcutter honesty axe gold truth reward water moral honest woodcutter inspiring lived man forest stream bank believed wealth alone measure true value person dropping pebbles one one tall pitcher tireless persistence thirsty crow watched water level rise steadily beak drink freely proving patience ingenuity conquer brute force every time day travelers passing forest stream bank remember timeless proverb true strength lies humility unity honesty,79,1
ST-0434,The Lesson of The Greedy Merchant's Gold,"The wise teacher gathered the village children beneath the shade of Bustling Marketplace to share an unforgettable tale of truth.

The mighty oak boasted of its rigid unbending strength, while the slender reed bowed low before the storm. When the hurricane passed, the proud oak lay uprooted on the ground, while the humble reed stood graceful and unblemished in the morning sun.

And so the simple truth of Bustling Marketplace was carved into stone, guiding future generations toward wisdom and virtue.",Moral,The Greedy Merchant's Gold,Bustling Marketplace,Wise,"merchant, greed, gold, lesson, generosity, karma, market, moral, the greedy merchant's gold, wise",lesson greedy merchant gold lesson greedy merchant gold moral moral moral greedy merchant gold greedy merchant gold bustling marketplace bustling marketplace wise wise merchant greed gold lesson generosity karma market moral greedy merchant gold wise merchant greed gold lesson generosity karma market moral greedy merchant gold wise wise teacher gathered village children beneath shade bustling marketplace share unforgettable tale truth mighty oak boasted rigid unbending strength slender reed bowed low storm hurricane passed proud oak lay uprooted ground humble reed stood graceful unblemished morning sun simple truth bustling marketplace carved stone guiding future generations toward wisdom virtue,81,1
ST-0435,The Tale of The Crow and the Pitcher,"Pride and humility met on the rocky slopes of Dry Country Road to test which virtue would withstand the coming tempest.

Handing a single stick to his sons, the father watched them break it easily. But when he bound twelve sticks into a single bundle, not even the strongest warrior could bend it, proving that united we stand invincible, but divided we easily fall.

The lesson learned at Dry Country Road echoed through the village, reminding all that integrity is the highest currency of human character.",Moral,The Crow and the Pitcher,Dry Country Road,Clever,"crow, pitcher, pebbles, patience, wisdom, water, thirst, moral, the crow and the pitcher, clever",tale crow pitcher tale crow pitcher moral moral moral crow pitcher crow pitcher dry country road dry country road clever clever crow pitcher pebbles patience wisdom water thirst moral crow pitcher clever crow pitcher pebbles patience wisdom water thirst moral crow pitcher clever pride humility met rocky slopes dry country road test virtue withstand coming tempest handing single stick sons father watched break easily bound twelve sticks single bundle even strongest warrior bend proving united stand invincible divided easily fall lesson learned dry country road echoed village reminding integrity highest currency human character,86,1
ST-0436,The Truth in The Pride of the Mountain Oak,"In ancient times, when beasts and trees spoke the language of wisdom, a traveler walked the path near Windy Mountain Crest.

When the golden axe rose from the river, the humble woodcutter shook his head and spoke honestly: 'That is not mine; my axe was simple forged iron.' Pleased by such incorruptible integrity, the spirit of the waters gifted him both the gold and silver axes alongside his own.

Content with an honest life and a clean conscience, the family lived in peace, blessed by the enduring wisdom of Windy Mountain Crest.",Moral,The Pride of the Mountain Oak,Windy Mountain Crest,Thoughtful,"oak, reed, wind, humility, pride, storm, strength, moral, the pride of the mountain oak, thoughtful",truth pride mountain oak truth pride mountain oak moral moral moral pride mountain oak pride mountain oak windy mountain crest windy mountain crest thoughtful thoughtful oak reed wind humility pride storm strength moral pride mountain oak thoughtful oak reed wind humility pride storm strength moral pride mountain oak thoughtful ancient times beasts trees spoke language wisdom traveler walked path near windy mountain crest golden axe rose river humble woodcutter shook head spoke honestly mine axe simple forged iron pleased incorruptible integrity spirit waters gifted gold silver axes alongside content honest life clean conscience family lived peace blessed enduring wisdom windy mountain crest,92,1
ST-0437,The Choice at The Two Travelers and the Bear,"A timeless fable from the village elders of Deep Woodland Trail teaches a lesson that every generation must learn anew.

Dropping pebbles one by one into the tall pitcher with tireless persistence, the thirsty crow watched the water level rise steadily until its beak could drink freely, proving that patience and ingenuity conquer brute force every time.

To this day, travelers passing Deep Woodland Trail remember the timeless proverb: true strength lies in humility, unity, and honesty.",Moral,The Two Travelers and the Bear,Deep Woodland Trail,Insightful,"travelers, bear, loyalty, danger, promise, fable, friendship, moral, the two travelers and the bear, insightful",choice two travelers bear choice two travelers bear moral moral moral two travelers bear two travelers bear deep woodland trail deep woodland trail insightful insightful travelers bear loyalty danger promise fable friendship moral two travelers bear insightful travelers bear loyalty danger promise fable friendship moral two travelers bear insightful timeless fable village elders deep woodland trail teaches lesson every generation must learn anew dropping pebbles one one tall pitcher tireless persistence thirsty crow watched water level rise steadily beak drink freely proving patience ingenuity conquer brute force every time day travelers passing deep woodland trail remember timeless proverb true strength lies humility unity honesty,77,1
ST-0438,The Parable of The Golden Touch,"There once lived a man in King's Palace Banquet who believed that wealth alone could measure the true value of a person.

The mighty oak boasted of its rigid unbending strength, while the slender reed bowed low before the storm. When the hurricane passed, the proud oak lay uprooted on the ground, while the humble reed stood graceful and unblemished in the morning sun.

And so the simple truth of King's Palace Banquet was carved into stone, guiding future generations toward wisdom and virtue.",Moral,The Golden Touch,King's Palace Banquet,Cautionary,"king, gold, greed, touch, daughter, fable, regret, wisdom, moral, the golden touch, cautionary",parable golden touch parable golden touch moral moral moral golden touch golden touch king palace banquet king palace banquet cautionary cautionary king gold greed touch daughter fable regret wisdom moral golden touch cautionary king gold greed touch daughter fable regret wisdom moral golden touch cautionary lived man king palace banquet believed wealth alone measure true value person mighty oak boasted rigid unbending strength slender reed bowed low storm hurricane passed proud oak lay uprooted ground humble reed stood graceful unblemished morning sun simple truth king palace banquet carved stone guiding future generations toward wisdom virtue,84,1
ST-0439,The Test of The Bundle of Sticks,"The wise teacher gathered the village children beneath the shade of Elder's Village Hearth to share an unforgettable tale of truth.

Handing a single stick to his sons, the father watched them break it easily. But when he bound twelve sticks into a single bundle, not even the strongest warrior could bend it, proving that united we stand invincible, but divided we easily fall.

The lesson learned at Elder's Village Hearth echoed through the village, reminding all that integrity is the highest currency of human character.",Moral,The Bundle of Sticks,Elder's Village Hearth,Unifying,"sticks, unity, brothers, strength, family, cooperation, lesson, moral, the bundle of sticks, unifying",test bundle sticks test bundle sticks moral moral moral bundle sticks bundle sticks elder village hearth elder village hearth unifying unifying sticks unity brothers strength family cooperation lesson moral bundle sticks unifying sticks unity brothers strength family cooperation lesson moral bundle sticks unifying wise teacher gathered village children beneath shade elder village hearth share unforgettable tale truth handing single stick sons father watched break easily bound twelve sticks single bundle even strongest warrior bend proving united stand invincible divided easily fall lesson learned elder village hearth echoed village reminding integrity highest currency human character,86,1
ST-0440,The Heritage of The Blind Men and the Elephant,"Pride and humility met on the rocky slopes of Shady Banyan Tree to test which virtue would withstand the coming tempest.

When the golden axe rose from the river, the humble woodcutter shook his head and spoke honestly: 'That is not mine; my axe was simple forged iron.' Pleased by such incorruptible integrity, the spirit of the waters gifted him both the gold and silver axes alongside his own.

Content with an honest life and a clean conscience, the family lived in peace, blessed by the enduring wisdom of Shady Banyan Tree.",Moral,The Blind Men and the Elephant,Shady Banyan Tree,Philosophical,"elephant, perspective, wisdom, truth, blind men, understanding, moral, the blind men and the elephant, philosophical",heritage blind men elephant heritage blind men elephant moral moral moral blind men elephant blind men elephant shady banyan tree shady banyan tree philosophical philosophical elephant perspective wisdom truth blind men understanding moral blind men elephant philosophical elephant perspective wisdom truth blind men understanding moral blind men elephant philosophical pride humility met rocky slopes shady banyan tree test virtue withstand coming tempest golden axe rose river humble woodcutter shook head spoke honestly mine axe simple forged iron pleased incorruptible integrity spirit waters gifted gold silver axes alongside content honest life clean conscience family lived peace blessed enduring wisdom shady banyan tree,92,1
ST-0441,The Adventures of Barnaby the Helpful Bear,"Once upon a sunny morning in Sunny Berry Meadow, a fluffy little creature woke up with an enormous smile on its face.

With a swish of the magic paintbrush, vibrant swirls of yellow, turquoise, and magenta sprang from the canvas. The painted dragon blinked its friendly eyes, puffed a tiny bubble of rainbow steam, and hopped out to play hide-and-seek with the laughing children.

With high-fives and cheerful giggles, they promised to meet again tomorrow for another brand-new adventure in Sunny Berry Meadow.",Children's Stories,Barnaby the Helpful Bear,Sunny Berry Meadow,Playful,"bear, berries, forest animals, sharing, cute, children, whimsical, children's stories, barnaby the helpful bear, playful",adventures barnaby helpful bear adventures barnaby helpful bear children stories children stories children stories barnaby helpful bear barnaby helpful bear sunny berry meadow sunny berry meadow playful playful bear berries forest animals sharing cute children whimsical children stories barnaby helpful bear playful bear berries forest animals sharing cute children whimsical children stories barnaby helpful bear playful upon sunny morning sunny berry meadow fluffy little creature woke enormous smile face swish magic paintbrush vibrant swirls yellow turquoise magenta sprang canvas painted dragon blinked friendly eyes puffed tiny bubble rainbow steam hopped play hide seek laughing children high fives cheerful giggles promised meet tomorrow another brand new adventure sunny berry meadow,83,1
ST-0442,The Magical The Magic Paintbrush,"Deep in the cheerful woods of Rainbow Village School, all the forest animals were gathering for a very special celebration.

Rolling the shiny golden acorn up the mossy slope, Pippin asked his friend Benny Beaver for a helping paw. Together, they planted it deep in the rich soil, dancing with glee as a tiny green oak sprout popped up to say hello!

And from that day on, the warm sunshine and gentle giggles of Rainbow Village School made every creature smile with pure delight.",Children's Stories,The Magic Paintbrush,Rainbow Village School,Wondrous,"paintbrush, colors, magic, art, children, dragon, creativity, children's stories, the magic paintbrush, wondrous",magical magic paintbrush magical magic paintbrush children stories children stories children stories magic paintbrush magic paintbrush rainbow village school rainbow village school wondrous wondrous paintbrush colors magic art children dragon creativity children stories magic paintbrush wondrous paintbrush colors magic art children dragon creativity children stories magic paintbrush wondrous deep cheerful woods rainbow village school forest animals gathering special celebration rolling shiny golden acorn mossy slope pippin asked friend benny beaver helping paw together planted deep rich soil dancing glee tiny green oak sprout popped say hello day warm sunshine gentle giggles rainbow village school made every creature smile pure delight,84,1
ST-0443,The Little Pippin's Lost Acorn,"If you look closely between the clover blossoms of Ancient Hollow Tree, you might just spot a tiny friend on a grand adventure.

Gathering all its strength, the tiny cloud puffed its cheeks and sent down a gentle shower of sparkling raindrops. Instantly, all the drooping daisies and buttercups perked up their petals, waving in joyful gratitude beneath a glowing rainbow.

All the happy forest animals clapped their paws and sang together, grateful for another wonderful, magical day in Ancient Hollow Tree.",Children's Stories,Pippin's Lost Acorn,Ancient Hollow Tree,Cute,"squirrel, acorn, friends, forest, cute, adventure, animals, children's stories, pippin's lost acorn",little pippin lost acorn little pippin lost acorn children stories children stories children stories pippin lost acorn pippin lost acorn ancient hollow tree ancient hollow tree cute cute squirrel acorn friends forest cute adventure animals children stories pippin lost acorn squirrel acorn friends forest cute adventure animals children stories pippin lost acorn look closely clover blossoms ancient hollow tree might just spot tiny friend grand adventure gathering strength tiny cloud puffed cheeks sent gentle shower sparkling raindrops instantly drooping daisies buttercups perked petals waving joyful gratitude beneath glowing rainbow happy forest animals clapped paws sang together grateful another wonderful magical day ancient hollow tree,82,1
ST-0444,The Day of the The Little Cloud That Could,"High up in the bright blue sky above Sunny Blue Sky, little fluffy clouds danced and played games of tag.

Barnaby dipped his wooden bucket into the bramble bush, gathering sweet blueberries for everyone. When little Oliver rabbit dropped his basket, Barnaby shared his berries with a joyful laugh, showing that sharing treats makes them taste twice as sweet!

Tucked into bed with full tummies and happy hearts, the little friends closed their eyes and dreamed sweet, colorful dreams.",Children's Stories,The Little Cloud That Could,Sunny Blue Sky,Uplifting,"cloud, rain, rainbow, flowers, gentle, happy, children, children's stories, the little cloud that could, uplifting",day little cloud day little cloud children stories children stories children stories little cloud little cloud sunny blue sky sunny blue sky uplifting uplifting cloud rain rainbow flowers gentle happy children children stories little cloud uplifting cloud rain rainbow flowers gentle happy children children stories little cloud uplifting high bright blue sky sunny blue sky little fluffy clouds danced played games tag barnaby dipped wooden bucket bramble bush gathering sweet blueberries everyone little oliver rabbit dropped basket barnaby shared berries joyful laugh showing sharing treats makes taste twice sweet tucked bed full tummies happy hearts little friends closed eyes dreamed sweet colorful dreams,79,1
ST-0445,The Story of The Starfish Wish,"There was once a cheerful little adventurer in Tide Pool Cove who loved nothing more than helping his friends.

With a swish of the magic paintbrush, vibrant swirls of yellow, turquoise, and magenta sprang from the canvas. The painted dragon blinked its friendly eyes, puffed a tiny bubble of rainbow steam, and hopped out to play hide-and-seek with the laughing children.

With high-fives and cheerful giggles, they promised to meet again tomorrow for another brand-new adventure in Tide Pool Cove.",Children's Stories,The Starfish Wish,Tide Pool Cove,Charming,"starfish, ocean, shell, wish, waves, sea creatures, magic, children's stories, the starfish wish, charming",story starfish wish story starfish wish children stories children stories children stories starfish wish starfish wish tide pool cove tide pool cove charming charming starfish ocean shell wish waves sea creatures magic children stories starfish wish charming starfish ocean shell wish waves sea creatures magic children stories starfish wish charming cheerful little adventurer tide pool cove loved nothing helping friends swish magic paintbrush vibrant swirls yellow turquoise magenta sprang canvas painted dragon blinked friendly eyes puffed tiny bubble rainbow steam hopped play hide seek laughing children high fives cheerful giggles promised meet tomorrow another brand new adventure tide pool cove,80,1
ST-0446,The Curious The Friendly Garden Snail,"Once upon a sunny morning in Vegetable Garden Patch, a fluffy little creature woke up with an enormous smile on its face.

Rolling the shiny golden acorn up the mossy slope, Pippin asked his friend Benny Beaver for a helping paw. Together, they planted it deep in the rich soil, dancing with glee as a tiny green oak sprout popped up to say hello!

And from that day on, the warm sunshine and gentle giggles of Vegetable Garden Patch made every creature smile with pure delight.",Children's Stories,The Friendly Garden Snail,Vegetable Garden Patch,Delightful,"snail, lettuce, race, garden, friends, cute, patience, children's stories, the friendly garden snail, delightful",curious friendly garden snail curious friendly garden snail children stories children stories children stories friendly garden snail friendly garden snail vegetable garden patch vegetable garden patch delightful delightful snail lettuce race garden friends cute patience children stories friendly garden snail delightful snail lettuce race garden friends cute patience children stories friendly garden snail delightful upon sunny morning vegetable garden patch fluffy little creature woke enormous smile face rolling shiny golden acorn mossy slope pippin asked friend benny beaver helping paw together planted deep rich soil dancing glee tiny green oak sprout popped say hello day warm sunshine gentle giggles vegetable garden patch made every creature smile pure delight,86,1
ST-0447,The Friendly The Curious Kitten's Adventure,"Deep in the cheerful woods of Sunny Farmyard Barn, all the forest animals were gathering for a very special celebration.

Gathering all its strength, the tiny cloud puffed its cheeks and sent down a gentle shower of sparkling raindrops. Instantly, all the drooping daisies and buttercups perked up their petals, waving in joyful gratitude beneath a glowing rainbow.

All the happy forest animals clapped their paws and sang together, grateful for another wonderful, magical day in Sunny Farmyard Barn.",Children's Stories,The Curious Kitten's Adventure,Sunny Farmyard Barn,Sweet,"kitten, yarn, butterflies, barnyard, milk, cute, playful, children's stories, the curious kitten's adventure, sweet",friendly curious kitten adventure friendly curious kitten adventure children stories children stories children stories curious kitten adventure curious kitten adventure sunny farmyard barn sunny farmyard barn sweet sweet kitten yarn butterflies barnyard milk cute playful children stories curious kitten adventure sweet kitten yarn butterflies barnyard milk cute playful children stories curious kitten adventure sweet deep cheerful woods sunny farmyard barn forest animals gathering special celebration gathering strength tiny cloud puffed cheeks sent gentle shower sparkling raindrops instantly drooping daisies buttercups perked petals waving joyful gratitude beneath glowing rainbow happy forest animals clapped paws sang together grateful another wonderful magical day sunny farmyard barn,79,1
ST-0448,Fun in The Sleepy Little Hedgehog,"If you look closely between the clover blossoms of Mossy Forest Glen, you might just spot a tiny friend on a grand adventure.

Barnaby dipped his wooden bucket into the bramble bush, gathering sweet blueberries for everyone. When little Oliver rabbit dropped his basket, Barnaby shared his berries with a joyful laugh, showing that sharing treats makes them taste twice as sweet!

Tucked into bed with full tummies and happy hearts, the little friends closed their eyes and dreamed sweet, colorful dreams.",Children's Stories,The Sleepy Little Hedgehog,Mossy Forest Glen,Gentle,"hedgehog, leaves, autumn, sleepy, berries, cute, snuggle, children's stories, the sleepy little hedgehog, gentle",fun sleepy little hedgehog fun sleepy little hedgehog children stories children stories children stories sleepy little hedgehog sleepy little hedgehog mossy forest glen mossy forest glen gentle gentle hedgehog leaves autumn sleepy berries cute snuggle children stories sleepy little hedgehog gentle hedgehog leaves autumn sleepy berries cute snuggle children stories sleepy little hedgehog gentle look closely clover blossoms mossy forest glen might just spot tiny friend grand adventure barnaby dipped wooden bucket bramble bush gathering sweet blueberries everyone little oliver rabbit dropped basket barnaby shared berries joyful laugh showing sharing treats makes taste twice sweet tucked bed full tummies happy hearts little friends closed eyes dreamed sweet colorful dreams,82,1
ST-0449,The Secret of Barnaby the Helpful Bear,"High up in the bright blue sky above Sunny Berry Meadow, little fluffy clouds danced and played games of tag.

With a swish of the magic paintbrush, vibrant swirls of yellow, turquoise, and magenta sprang from the canvas. The painted dragon blinked its friendly eyes, puffed a tiny bubble of rainbow steam, and hopped out to play hide-and-seek with the laughing children.

With high-fives and cheerful giggles, they promised to meet again tomorrow for another brand-new adventure in Sunny Berry Meadow.",Children's Stories,Barnaby the Helpful Bear,Sunny Berry Meadow,Playful,"bear, berries, forest animals, sharing, cute, children, whimsical, children's stories, barnaby the helpful bear, playful",secret barnaby helpful bear secret barnaby helpful bear children stories children stories children stories barnaby helpful bear barnaby helpful bear sunny berry meadow sunny berry meadow playful playful bear berries forest animals sharing cute children whimsical children stories barnaby helpful bear playful bear berries forest animals sharing cute children whimsical children stories barnaby helpful bear playful high bright blue sky sunny berry meadow little fluffy clouds danced played games tag swish magic paintbrush vibrant swirls yellow turquoise magenta sprang canvas painted dragon blinked friendly eyes puffed tiny bubble rainbow steam hopped play hide seek laughing children high fives cheerful giggles promised meet tomorrow another brand new adventure sunny berry meadow,81,1
ST-0450,The Happy The Magic Paintbrush,"There was once a cheerful little adventurer in Rainbow Village School who loved nothing more than helping his friends.

Rolling the shiny golden acorn up the mossy slope, Pippin asked his friend Benny Beaver for a helping paw. Together, they planted it deep in the rich soil, dancing with glee as a tiny green oak sprout popped up to say hello!

And from that day on, the warm sunshine and gentle giggles of Rainbow Village School made every creature smile with pure delight.",Children's Stories,The Magic Paintbrush,Rainbow Village School,Wondrous,"paintbrush, colors, magic, art, children, dragon, creativity, children's stories, the magic paintbrush, wondrous",happy magic paintbrush happy magic paintbrush children stories children stories children stories magic paintbrush magic paintbrush rainbow village school rainbow village school wondrous wondrous paintbrush colors magic art children dragon creativity children stories magic paintbrush wondrous paintbrush colors magic art children dragon creativity children stories magic paintbrush wondrous cheerful little adventurer rainbow village school loved nothing helping friends rolling shiny golden acorn mossy slope pippin asked friend benny beaver helping paw together planted deep rich soil dancing glee tiny green oak sprout popped say hello day warm sunshine gentle giggles rainbow village school made every creature smile pure delight,83,1
ST-0451,The Adventures of Pippin's Lost Acorn,"Once upon a sunny morning in Ancient Hollow Tree, a fluffy little creature woke up with an enormous smile on its face.

Gathering all its strength, the tiny cloud puffed its cheeks and sent down a gentle shower of sparkling raindrops. Instantly, all the drooping daisies and buttercups perked up their petals, waving in joyful gratitude beneath a glowing rainbow.

All the happy forest animals clapped their paws and sang together, grateful for another wonderful, magical day in Ancient Hollow Tree.",Children's Stories,Pippin's Lost Acorn,Ancient Hollow Tree,Cute,"squirrel, acorn, friends, forest, cute, adventure, animals, children's stories, pippin's lost acorn",adventures pippin lost acorn adventures pippin lost acorn children stories children stories children stories pippin lost acorn pippin lost acorn ancient hollow tree ancient hollow tree cute cute squirrel acorn friends forest cute adventure animals children stories pippin lost acorn squirrel acorn friends forest cute adventure animals children stories pippin lost acorn upon sunny morning ancient hollow tree fluffy little creature woke enormous smile face gathering strength tiny cloud puffed cheeks sent gentle shower sparkling raindrops instantly drooping daisies buttercups perked petals waving joyful gratitude beneath glowing rainbow happy forest animals clapped paws sang together grateful another wonderful magical day ancient hollow tree,81,1
ST-0452,The Magical The Little Cloud That Could,"Deep in the cheerful woods of Sunny Blue Sky, all the forest animals were gathering for a very special celebration.

Barnaby dipped his wooden bucket into the bramble bush, gathering sweet blueberries for everyone. When little Oliver rabbit dropped his basket, Barnaby shared his berries with a joyful laugh, showing that sharing treats makes them taste twice as sweet!

Tucked into bed with full tummies and happy hearts, the little friends closed their eyes and dreamed sweet, colorful dreams.",Children's Stories,The Little Cloud That Could,Sunny Blue Sky,Uplifting,"cloud, rain, rainbow, flowers, gentle, happy, children, children's stories, the little cloud that could, uplifting",magical little cloud magical little cloud children stories children stories children stories little cloud little cloud sunny blue sky sunny blue sky uplifting uplifting cloud rain rainbow flowers gentle happy children children stories little cloud uplifting cloud rain rainbow flowers gentle happy children children stories little cloud uplifting deep cheerful woods sunny blue sky forest animals gathering special celebration barnaby dipped wooden bucket bramble bush gathering sweet blueberries everyone little oliver rabbit dropped basket barnaby shared berries joyful laugh showing sharing treats makes taste twice sweet tucked bed full tummies happy hearts little friends closed eyes dreamed sweet colorful dreams,79,1
ST-0453,The Little The Starfish Wish,"If you look closely between the clover blossoms of Tide Pool Cove, you might just spot a tiny friend on a grand adventure.

With a swish of the magic paintbrush, vibrant swirls of yellow, turquoise, and magenta sprang from the canvas. The painted dragon blinked its friendly eyes, puffed a tiny bubble of rainbow steam, and hopped out to play hide-and-seek with the laughing children.

With high-fives and cheerful giggles, they promised to meet again tomorrow for another brand-new adventure in Tide Pool Cove.",Children's Stories,The Starfish Wish,Tide Pool Cove,Charming,"starfish, ocean, shell, wish, waves, sea creatures, magic, children's stories, the starfish wish, charming",little starfish wish little starfish wish children stories children stories children stories starfish wish starfish wish tide pool cove tide pool cove charming charming starfish ocean shell wish waves sea creatures magic children stories starfish wish charming starfish ocean shell wish waves sea creatures magic children stories starfish wish charming look closely clover blossoms tide pool cove might just spot tiny friend grand adventure swish magic paintbrush vibrant swirls yellow turquoise magenta sprang canvas painted dragon blinked friendly eyes puffed tiny bubble rainbow steam hopped play hide seek laughing children high fives cheerful giggles promised meet tomorrow another brand new adventure tide pool cove,84,1
ST-0454,The Day of the The Friendly Garden Snail,"High up in the bright blue sky above Vegetable Garden Patch, little fluffy clouds danced and played games of tag.

Rolling the shiny golden acorn up the mossy slope, Pippin asked his friend Benny Beaver for a helping paw. Together, they planted it deep in the rich soil, dancing with glee as a tiny green oak sprout popped up to say hello!

And from that day on, the warm sunshine and gentle giggles of Vegetable Garden Patch made every creature smile with pure delight.",Children's Stories,The Friendly Garden Snail,Vegetable Garden Patch,Delightful,"snail, lettuce, race, garden, friends, cute, patience, children's stories, the friendly garden snail, delightful",day friendly garden snail day friendly garden snail children stories children stories children stories friendly garden snail friendly garden snail vegetable garden patch vegetable garden patch delightful delightful snail lettuce race garden friends cute patience children stories friendly garden snail delightful snail lettuce race garden friends cute patience children stories friendly garden snail delightful high bright blue sky vegetable garden patch little fluffy clouds danced played games tag rolling shiny golden acorn mossy slope pippin asked friend benny beaver helping paw together planted deep rich soil dancing glee tiny green oak sprout popped say hello day warm sunshine gentle giggles vegetable garden patch made every creature smile pure delight,84,1
ST-0455,The Story of The Curious Kitten's Adventure,"There was once a cheerful little adventurer in Sunny Farmyard Barn who loved nothing more than helping his friends.

Gathering all its strength, the tiny cloud puffed its cheeks and sent down a gentle shower of sparkling raindrops. Instantly, all the drooping daisies and buttercups perked up their petals, waving in joyful gratitude beneath a glowing rainbow.

All the happy forest animals clapped their paws and sang together, grateful for another wonderful, magical day in Sunny Farmyard Barn.",Children's Stories,The Curious Kitten's Adventure,Sunny Farmyard Barn,Sweet,"kitten, yarn, butterflies, barnyard, milk, cute, playful, children's stories, the curious kitten's adventure, sweet",story curious kitten adventure story curious kitten adventure children stories children stories children stories curious kitten adventure curious kitten adventure sunny farmyard barn sunny farmyard barn sweet sweet kitten yarn butterflies barnyard milk cute playful children stories curious kitten adventure sweet kitten yarn butterflies barnyard milk cute playful children stories curious kitten adventure sweet cheerful little adventurer sunny farmyard barn loved nothing helping friends gathering strength tiny cloud puffed cheeks sent gentle shower sparkling raindrops instantly drooping daisies buttercups perked petals waving joyful gratitude beneath glowing rainbow happy forest animals clapped paws sang together grateful another wonderful magical day sunny farmyard barn,78,1
ST-0456,The Curious The Sleepy Little Hedgehog,"Once upon a sunny morning in Mossy Forest Glen, a fluffy little creature woke up with an enormous smile on its face.

Barnaby dipped his wooden bucket into the bramble bush, gathering sweet blueberries for everyone. When little Oliver rabbit dropped his basket, Barnaby shared his berries with a joyful laugh, showing that sharing treats makes them taste twice as sweet!

Tucked into bed with full tummies and happy hearts, the little friends closed their eyes and dreamed sweet, colorful dreams.",Children's Stories,The Sleepy Little Hedgehog,Mossy Forest Glen,Gentle,"hedgehog, leaves, autumn, sleepy, berries, cute, snuggle, children's stories, the sleepy little hedgehog, gentle",curious sleepy little hedgehog curious sleepy little hedgehog children stories children stories children stories sleepy little hedgehog sleepy little hedgehog mossy forest glen mossy forest glen gentle gentle hedgehog leaves autumn sleepy berries cute snuggle children stories sleepy little hedgehog gentle hedgehog leaves autumn sleepy berries cute snuggle children stories sleepy little hedgehog gentle upon sunny morning mossy forest glen fluffy little creature woke enormous smile face barnaby dipped wooden bucket bramble bush gathering sweet blueberries everyone little oliver rabbit dropped basket barnaby shared berries joyful laugh showing sharing treats makes taste twice sweet tucked bed full tummies happy hearts little friends closed eyes dreamed sweet colorful dreams,81,1
ST-0457,The Friendly Barnaby the Helpful Bear,"Deep in the cheerful woods of Sunny Berry Meadow, all the forest animals were gathering for a very special celebration.

With a swish of the magic paintbrush, vibrant swirls of yellow, turquoise, and magenta sprang from the canvas. The painted dragon blinked its friendly eyes, puffed a tiny bubble of rainbow steam, and hopped out to play hide-and-seek with the laughing children.

With high-fives and cheerful giggles, they promised to meet again tomorrow for another brand-new adventure in Sunny Berry Meadow.",Children's Stories,Barnaby the Helpful Bear,Sunny Berry Meadow,Playful,"bear, berries, forest animals, sharing, cute, children, whimsical, children's stories, barnaby the helpful bear, playful",friendly barnaby helpful bear friendly barnaby helpful bear children stories children stories children stories barnaby helpful bear barnaby helpful bear sunny berry meadow sunny berry meadow playful playful bear berries forest animals sharing cute children whimsical children stories barnaby helpful bear playful bear berries forest animals sharing cute children whimsical children stories barnaby helpful bear playful deep cheerful woods sunny berry meadow forest animals gathering special celebration swish magic paintbrush vibrant swirls yellow turquoise magenta sprang canvas painted dragon blinked friendly eyes puffed tiny bubble rainbow steam hopped play hide seek laughing children high fives cheerful giggles promised meet tomorrow another brand new adventure sunny berry meadow,81,1
ST-0458,Fun in The Magic Paintbrush,"If you look closely between the clover blossoms of Rainbow Village School, you might just spot a tiny friend on a grand adventure.

Rolling the shiny golden acorn up the mossy slope, Pippin asked his friend Benny Beaver for a helping paw. Together, they planted it deep in the rich soil, dancing with glee as a tiny green oak sprout popped up to say hello!

And from that day on, the warm sunshine and gentle giggles of Rainbow Village School made every creature smile with pure delight.",Children's Stories,The Magic Paintbrush,Rainbow Village School,Wondrous,"paintbrush, colors, magic, art, children, dragon, creativity, children's stories, the magic paintbrush, wondrous",fun magic paintbrush fun magic paintbrush children stories children stories children stories magic paintbrush magic paintbrush rainbow village school rainbow village school wondrous wondrous paintbrush colors magic art children dragon creativity children stories magic paintbrush wondrous paintbrush colors magic art children dragon creativity children stories magic paintbrush wondrous look closely clover blossoms rainbow village school might just spot tiny friend grand adventure rolling shiny golden acorn mossy slope pippin asked friend benny beaver helping paw together planted deep rich soil dancing glee tiny green oak sprout popped say hello day warm sunshine gentle giggles rainbow village school made every creature smile pure delight,87,1
ST-0459,The Secret of Pippin's Lost Acorn,"High up in the bright blue sky above Ancient Hollow Tree, little fluffy clouds danced and played games of tag.

Gathering all its strength, the tiny cloud puffed its cheeks and sent down a gentle shower of sparkling raindrops. Instantly, all the drooping daisies and buttercups perked up their petals, waving in joyful gratitude beneath a glowing rainbow.

All the happy forest animals clapped their paws and sang together, grateful for another wonderful, magical day in Ancient Hollow Tree.",Children's Stories,Pippin's Lost Acorn,Ancient Hollow Tree,Cute,"squirrel, acorn, friends, forest, cute, adventure, animals, children's stories, pippin's lost acorn",secret pippin lost acorn secret pippin lost acorn children stories children stories children stories pippin lost acorn pippin lost acorn ancient hollow tree ancient hollow tree cute cute squirrel acorn friends forest cute adventure animals children stories pippin lost acorn squirrel acorn friends forest cute adventure animals children stories pippin lost acorn high bright blue sky ancient hollow tree little fluffy clouds danced played games tag gathering strength tiny cloud puffed cheeks sent gentle shower sparkling raindrops instantly drooping daisies buttercups perked petals waving joyful gratitude beneath glowing rainbow happy forest animals clapped paws sang together grateful another wonderful magical day ancient hollow tree,79,1
ST-0460,The Happy The Little Cloud That Could,"There was once a cheerful little adventurer in Sunny Blue Sky who loved nothing more than helping his friends.

Barnaby dipped his wooden bucket into the bramble bush, gathering sweet blueberries for everyone. When little Oliver rabbit dropped his basket, Barnaby shared his berries with a joyful laugh, showing that sharing treats makes them taste twice as sweet!

Tucked into bed with full tummies and happy hearts, the little friends closed their eyes and dreamed sweet, colorful dreams.",Children's Stories,The Little Cloud That Could,Sunny Blue Sky,Uplifting,"cloud, rain, rainbow, flowers, gentle, happy, children, children's stories, the little cloud that could, uplifting",happy little cloud happy little cloud children stories children stories children stories little cloud little cloud sunny blue sky sunny blue sky uplifting uplifting cloud rain rainbow flowers gentle happy children children stories little cloud uplifting cloud rain rainbow flowers gentle happy children children stories little cloud uplifting cheerful little adventurer sunny blue sky loved nothing helping friends barnaby dipped wooden bucket bramble bush gathering sweet blueberries everyone little oliver rabbit dropped basket barnaby shared berries joyful laugh showing sharing treats makes taste twice sweet tucked bed full tummies happy hearts little friends closed eyes dreamed sweet colorful dreams,78,1
ST-0461,The Adventures of The Starfish Wish,"Once upon a sunny morning in Tide Pool Cove, a fluffy little creature woke up with an enormous smile on its face.

With a swish of the magic paintbrush, vibrant swirls of yellow, turquoise, and magenta sprang from the canvas. The painted dragon blinked its friendly eyes, puffed a tiny bubble of rainbow steam, and hopped out to play hide-and-seek with the laughing children.

With high-fives and cheerful giggles, they promised to meet again tomorrow for another brand-new adventure in Tide Pool Cove.",Children's Stories,The Starfish Wish,Tide Pool Cove,Charming,"starfish, ocean, shell, wish, waves, sea creatures, magic, children's stories, the starfish wish, charming",adventures starfish wish adventures starfish wish children stories children stories children stories starfish wish starfish wish tide pool cove tide pool cove charming charming starfish ocean shell wish waves sea creatures magic children stories starfish wish charming starfish ocean shell wish waves sea creatures magic children stories starfish wish charming upon sunny morning tide pool cove fluffy little creature woke enormous smile face swish magic paintbrush vibrant swirls yellow turquoise magenta sprang canvas painted dragon blinked friendly eyes puffed tiny bubble rainbow steam hopped play hide seek laughing children high fives cheerful giggles promised meet tomorrow another brand new adventure tide pool cove,83,1
ST-0462,The Magical The Friendly Garden Snail,"Deep in the cheerful woods of Vegetable Garden Patch, all the forest animals were gathering for a very special celebration.

Rolling the shiny golden acorn up the mossy slope, Pippin asked his friend Benny Beaver for a helping paw. Together, they planted it deep in the rich soil, dancing with glee as a tiny green oak sprout popped up to say hello!

And from that day on, the warm sunshine and gentle giggles of Vegetable Garden Patch made every creature smile with pure delight.",Children's Stories,The Friendly Garden Snail,Vegetable Garden Patch,Delightful,"snail, lettuce, race, garden, friends, cute, patience, children's stories, the friendly garden snail, delightful",magical friendly garden snail magical friendly garden snail children stories children stories children stories friendly garden snail friendly garden snail vegetable garden patch vegetable garden patch delightful delightful snail lettuce race garden friends cute patience children stories friendly garden snail delightful snail lettuce race garden friends cute patience children stories friendly garden snail delightful deep cheerful woods vegetable garden patch forest animals gathering special celebration rolling shiny golden acorn mossy slope pippin asked friend benny beaver helping paw together planted deep rich soil dancing glee tiny green oak sprout popped say hello day warm sunshine gentle giggles vegetable garden patch made every creature smile pure delight,84,1
ST-0463,The Little The Curious Kitten's Adventure,"If you look closely between the clover blossoms of Sunny Farmyard Barn, you might just spot a tiny friend on a grand adventure.

Gathering all its strength, the tiny cloud puffed its cheeks and sent down a gentle shower of sparkling raindrops. Instantly, all the drooping daisies and buttercups perked up their petals, waving in joyful gratitude beneath a glowing rainbow.

All the happy forest animals clapped their paws and sang together, grateful for another wonderful, magical day in Sunny Farmyard Barn.",Children's Stories,The Curious Kitten's Adventure,Sunny Farmyard Barn,Sweet,"kitten, yarn, butterflies, barnyard, milk, cute, playful, children's stories, the curious kitten's adventure, sweet",little curious kitten adventure little curious kitten adventure children stories children stories children stories curious kitten adventure curious kitten adventure sunny farmyard barn sunny farmyard barn sweet sweet kitten yarn butterflies barnyard milk cute playful children stories curious kitten adventure sweet kitten yarn butterflies barnyard milk cute playful children stories curious kitten adventure sweet look closely clover blossoms sunny farmyard barn might just spot tiny friend grand adventure gathering strength tiny cloud puffed cheeks sent gentle shower sparkling raindrops instantly drooping daisies buttercups perked petals waving joyful gratitude beneath glowing rainbow happy forest animals clapped paws sang together grateful another wonderful magical day sunny farmyard barn,82,1
ST-0464,The Day of the The Sleepy Little Hedgehog,"High up in the bright blue sky above Mossy Forest Glen, little fluffy clouds danced and played games of tag.

Barnaby dipped his wooden bucket into the bramble bush, gathering sweet blueberries for everyone. When little Oliver rabbit dropped his basket, Barnaby shared his berries with a joyful laugh, showing that sharing treats makes them taste twice as sweet!

Tucked into bed with full tummies and happy hearts, the little friends closed their eyes and dreamed sweet, colorful dreams.",Children's Stories,The Sleepy Little Hedgehog,Mossy Forest Glen,Gentle,"hedgehog, leaves, autumn, sleepy, berries, cute, snuggle, children's stories, the sleepy little hedgehog, gentle",day sleepy little hedgehog day sleepy little hedgehog children stories children stories children stories sleepy little hedgehog sleepy little hedgehog mossy forest glen mossy forest glen gentle gentle hedgehog leaves autumn sleepy berries cute snuggle children stories sleepy little hedgehog gentle hedgehog leaves autumn sleepy berries cute snuggle children stories sleepy little hedgehog gentle high bright blue sky mossy forest glen little fluffy clouds danced played games tag barnaby dipped wooden bucket bramble bush gathering sweet blueberries everyone little oliver rabbit dropped basket barnaby shared berries joyful laugh showing sharing treats makes taste twice sweet tucked bed full tummies happy hearts little friends closed eyes dreamed sweet colorful dreams,79,1
ST-0465,The Story of Barnaby the Helpful Bear,"There was once a cheerful little adventurer in Sunny Berry Meadow who loved nothing more than helping his friends.

With a swish of the magic paintbrush, vibrant swirls of yellow, turquoise, and magenta sprang from the canvas. The painted dragon blinked its friendly eyes, puffed a tiny bubble of rainbow steam, and hopped out to play hide-and-seek with the laughing children.

With high-fives and cheerful giggles, they promised to meet again tomorrow for another brand-new adventure in Sunny Berry Meadow.",Children's Stories,Barnaby the Helpful Bear,Sunny Berry Meadow,Playful,"bear, berries, forest animals, sharing, cute, children, whimsical, children's stories, barnaby the helpful bear, playful",story barnaby helpful bear story barnaby helpful bear children stories children stories children stories barnaby helpful bear barnaby helpful bear sunny berry meadow sunny berry meadow playful playful bear berries forest animals sharing cute children whimsical children stories barnaby helpful bear playful bear berries forest animals sharing cute children whimsical children stories barnaby helpful bear playful cheerful little adventurer sunny berry meadow loved nothing helping friends swish magic paintbrush vibrant swirls yellow turquoise magenta sprang canvas painted dragon blinked friendly eyes puffed tiny bubble rainbow steam hopped play hide seek laughing children high fives cheerful giggles promised meet tomorrow another brand new adventure sunny berry meadow,80,1
ST-0466,The Curious The Magic Paintbrush,"Once upon a sunny morning in Rainbow Village School, a fluffy little creature woke up with an enormous smile on its face.

Rolling the shiny golden acorn up the mossy slope, Pippin asked his friend Benny Beaver for a helping paw. Together, they planted it deep in the rich soil, dancing with glee as a tiny green oak sprout popped up to say hello!

And from that day on, the warm sunshine and gentle giggles of Rainbow Village School made every creature smile with pure delight.",Children's Stories,The Magic Paintbrush,Rainbow Village School,Wondrous,"paintbrush, colors, magic, art, children, dragon, creativity, children's stories, the magic paintbrush, wondrous",curious magic paintbrush curious magic paintbrush children stories children stories children stories magic paintbrush magic paintbrush rainbow village school rainbow village school wondrous wondrous paintbrush colors magic art children dragon creativity children stories magic paintbrush wondrous paintbrush colors magic art children dragon creativity children stories magic paintbrush wondrous upon sunny morning rainbow village school fluffy little creature woke enormous smile face rolling shiny golden acorn mossy slope pippin asked friend benny beaver helping paw together planted deep rich soil dancing glee tiny green oak sprout popped say hello day warm sunshine gentle giggles rainbow village school made every creature smile pure delight,86,1
ST-0467,The Friendly Pippin's Lost Acorn,"Deep in the cheerful woods of Ancient Hollow Tree, all the forest animals were gathering for a very special celebration.

Gathering all its strength, the tiny cloud puffed its cheeks and sent down a gentle shower of sparkling raindrops. Instantly, all the drooping daisies and buttercups perked up their petals, waving in joyful gratitude beneath a glowing rainbow.

All the happy forest animals clapped their paws and sang together, grateful for another wonderful, magical day in Ancient Hollow Tree.",Children's Stories,Pippin's Lost Acorn,Ancient Hollow Tree,Cute,"squirrel, acorn, friends, forest, cute, adventure, animals, children's stories, pippin's lost acorn",friendly pippin lost acorn friendly pippin lost acorn children stories children stories children stories pippin lost acorn pippin lost acorn ancient hollow tree ancient hollow tree cute cute squirrel acorn friends forest cute adventure animals children stories pippin lost acorn squirrel acorn friends forest cute adventure animals children stories pippin lost acorn deep cheerful woods ancient hollow tree forest animals gathering special celebration gathering strength tiny cloud puffed cheeks sent gentle shower sparkling raindrops instantly drooping daisies buttercups perked petals waving joyful gratitude beneath glowing rainbow happy forest animals clapped paws sang together grateful another wonderful magical day ancient hollow tree,79,1
ST-0468,Fun in The Little Cloud That Could,"If you look closely between the clover blossoms of Sunny Blue Sky, you might just spot a tiny friend on a grand adventure.

Barnaby dipped his wooden bucket into the bramble bush, gathering sweet blueberries for everyone. When little Oliver rabbit dropped his basket, Barnaby shared his berries with a joyful laugh, showing that sharing treats makes them taste twice as sweet!

Tucked into bed with full tummies and happy hearts, the little friends closed their eyes and dreamed sweet, colorful dreams.",Children's Stories,The Little Cloud That Could,Sunny Blue Sky,Uplifting,"cloud, rain, rainbow, flowers, gentle, happy, children, children's stories, the little cloud that could, uplifting",fun little cloud fun little cloud children stories children stories children stories little cloud little cloud sunny blue sky sunny blue sky uplifting uplifting cloud rain rainbow flowers gentle happy children children stories little cloud uplifting cloud rain rainbow flowers gentle happy children children stories little cloud uplifting look closely clover blossoms sunny blue sky might just spot tiny friend grand adventure barnaby dipped wooden bucket bramble bush gathering sweet blueberries everyone little oliver rabbit dropped basket barnaby shared berries joyful laugh showing sharing treats makes taste twice sweet tucked bed full tummies happy hearts little friends closed eyes dreamed sweet colorful dreams,82,1
ST-0469,The Secret of The Starfish Wish,"High up in the bright blue sky above Tide Pool Cove, little fluffy clouds danced and played games of tag.

With a swish of the magic paintbrush, vibrant swirls of yellow, turquoise, and magenta sprang from the canvas. The painted dragon blinked its friendly eyes, puffed a tiny bubble of rainbow steam, and hopped out to play hide-and-seek with the laughing children.

With high-fives and cheerful giggles, they promised to meet again tomorrow for another brand-new adventure in Tide Pool Cove.",Children's Stories,The Starfish Wish,Tide Pool Cove,Charming,"starfish, ocean, shell, wish, waves, sea creatures, magic, children's stories, the starfish wish, charming",secret starfish wish secret starfish wish children stories children stories children stories starfish wish starfish wish tide pool cove tide pool cove charming charming starfish ocean shell wish waves sea creatures magic children stories starfish wish charming starfish ocean shell wish waves sea creatures magic children stories starfish wish charming high bright blue sky tide pool cove little fluffy clouds danced played games tag swish magic paintbrush vibrant swirls yellow turquoise magenta sprang canvas painted dragon blinked friendly eyes puffed tiny bubble rainbow steam hopped play hide seek laughing children high fives cheerful giggles promised meet tomorrow another brand new adventure tide pool cove,81,1
ST-0470,The Happy The Friendly Garden Snail,"There was once a cheerful little adventurer in Vegetable Garden Patch who loved nothing more than helping his friends.

Rolling the shiny golden acorn up the mossy slope, Pippin asked his friend Benny Beaver for a helping paw. Together, they planted it deep in the rich soil, dancing with glee as a tiny green oak sprout popped up to say hello!

And from that day on, the warm sunshine and gentle giggles of Vegetable Garden Patch made every creature smile with pure delight.",Children's Stories,The Friendly Garden Snail,Vegetable Garden Patch,Delightful,"snail, lettuce, race, garden, friends, cute, patience, children's stories, the friendly garden snail, delightful",happy friendly garden snail happy friendly garden snail children stories children stories children stories friendly garden snail friendly garden snail vegetable garden patch vegetable garden patch delightful delightful snail lettuce race garden friends cute patience children stories friendly garden snail delightful snail lettuce race garden friends cute patience children stories friendly garden snail delightful cheerful little adventurer vegetable garden patch loved nothing helping friends rolling shiny golden acorn mossy slope pippin asked friend benny beaver helping paw together planted deep rich soil dancing glee tiny green oak sprout popped say hello day warm sunshine gentle giggles vegetable garden patch made every creature smile pure delight,83,1
ST-0471,The Adventures of The Curious Kitten's Adventure,"Once upon a sunny morning in Sunny Farmyard Barn, a fluffy little creature woke up with an enormous smile on its face.

Gathering all its strength, the tiny cloud puffed its cheeks and sent down a gentle shower of sparkling raindrops. Instantly, all the drooping daisies and buttercups perked up their petals, waving in joyful gratitude beneath a glowing rainbow.

All the happy forest animals clapped their paws and sang together, grateful for another wonderful, magical day in Sunny Farmyard Barn.",Children's Stories,The Curious Kitten's Adventure,Sunny Farmyard Barn,Sweet,"kitten, yarn, butterflies, barnyard, milk, cute, playful, children's stories, the curious kitten's adventure, sweet",adventures curious kitten adventure adventures curious kitten adventure children stories children stories children stories curious kitten adventure curious kitten adventure sunny farmyard barn sunny farmyard barn sweet sweet kitten yarn butterflies barnyard milk cute playful children stories curious kitten adventure sweet kitten yarn butterflies barnyard milk cute playful children stories curious kitten adventure sweet upon sunny morning sunny farmyard barn fluffy little creature woke enormous smile face gathering strength tiny cloud puffed cheeks sent gentle shower sparkling raindrops instantly drooping daisies buttercups perked petals waving joyful gratitude beneath glowing rainbow happy forest animals clapped paws sang together grateful another wonderful magical day sunny farmyard barn,81,1
ST-0472,The Magical The Sleepy Little Hedgehog,"Deep in the cheerful woods of Mossy Forest Glen, all the forest animals were gathering for a very special celebration.

Barnaby dipped his wooden bucket into the bramble bush, gathering sweet blueberries for everyone. When little Oliver rabbit dropped his basket, Barnaby shared his berries with a joyful laugh, showing that sharing treats makes them taste twice as sweet!

Tucked into bed with full tummies and happy hearts, the little friends closed their eyes and dreamed sweet, colorful dreams.",Children's Stories,The Sleepy Little Hedgehog,Mossy Forest Glen,Gentle,"hedgehog, leaves, autumn, sleepy, berries, cute, snuggle, children's stories, the sleepy little hedgehog, gentle",magical sleepy little hedgehog magical sleepy little hedgehog children stories children stories children stories sleepy little hedgehog sleepy little hedgehog mossy forest glen mossy forest glen gentle gentle hedgehog leaves autumn sleepy berries cute snuggle children stories sleepy little hedgehog gentle hedgehog leaves autumn sleepy berries cute snuggle children stories sleepy little hedgehog gentle deep cheerful woods mossy forest glen forest animals gathering special celebration barnaby dipped wooden bucket bramble bush gathering sweet blueberries everyone little oliver rabbit dropped basket barnaby shared berries joyful laugh showing sharing treats makes taste twice sweet tucked bed full tummies happy hearts little friends closed eyes dreamed sweet colorful dreams,79,1
ST-0473,The Little Barnaby the Helpful Bear,"If you look closely between the clover blossoms of Sunny Berry Meadow, you might just spot a tiny friend on a grand adventure.

With a swish of the magic paintbrush, vibrant swirls of yellow, turquoise, and magenta sprang from the canvas. The painted dragon blinked its friendly eyes, puffed a tiny bubble of rainbow steam, and hopped out to play hide-and-seek with the laughing children.

With high-fives and cheerful giggles, they promised to meet again tomorrow for another brand-new adventure in Sunny Berry Meadow.",Children's Stories,Barnaby the Helpful Bear,Sunny Berry Meadow,Playful,"bear, berries, forest animals, sharing, cute, children, whimsical, children's stories, barnaby the helpful bear, playful",little barnaby helpful bear little barnaby helpful bear children stories children stories children stories barnaby helpful bear barnaby helpful bear sunny berry meadow sunny berry meadow playful playful bear berries forest animals sharing cute children whimsical children stories barnaby helpful bear playful bear berries forest animals sharing cute children whimsical children stories barnaby helpful bear playful look closely clover blossoms sunny berry meadow might just spot tiny friend grand adventure swish magic paintbrush vibrant swirls yellow turquoise magenta sprang canvas painted dragon blinked friendly eyes puffed tiny bubble rainbow steam hopped play hide seek laughing children high fives cheerful giggles promised meet tomorrow another brand new adventure sunny berry meadow,84,1
ST-0474,The Day of the The Magic Paintbrush,"High up in the bright blue sky above Rainbow Village School, little fluffy clouds danced and played games of tag.

Rolling the shiny golden acorn up the mossy slope, Pippin asked his friend Benny Beaver for a helping paw. Together, they planted it deep in the rich soil, dancing with glee as a tiny green oak sprout popped up to say hello!

And from that day on, the warm sunshine and gentle giggles of Rainbow Village School made every creature smile with pure delight.",Children's Stories,The Magic Paintbrush,Rainbow Village School,Wondrous,"paintbrush, colors, magic, art, children, dragon, creativity, children's stories, the magic paintbrush, wondrous",day magic paintbrush day magic paintbrush children stories children stories children stories magic paintbrush magic paintbrush rainbow village school rainbow village school wondrous wondrous paintbrush colors magic art children dragon creativity children stories magic paintbrush wondrous paintbrush colors magic art children dragon creativity children stories magic paintbrush wondrous high bright blue sky rainbow village school little fluffy clouds danced played games tag rolling shiny golden acorn mossy slope pippin asked friend benny beaver helping paw together planted deep rich soil dancing glee tiny green oak sprout popped say hello day warm sunshine gentle giggles rainbow village school made every creature smile pure delight,84,1
ST-0475,The Story of Pippin's Lost Acorn,"There was once a cheerful little adventurer in Ancient Hollow Tree who loved nothing more than helping his friends.

Gathering all its strength, the tiny cloud puffed its cheeks and sent down a gentle shower of sparkling raindrops. Instantly, all the drooping daisies and buttercups perked up their petals, waving in joyful gratitude beneath a glowing rainbow.

All the happy forest animals clapped their paws and sang together, grateful for another wonderful, magical day in Ancient Hollow Tree.",Children's Stories,Pippin's Lost Acorn,Ancient Hollow Tree,Cute,"squirrel, acorn, friends, forest, cute, adventure, animals, children's stories, pippin's lost acorn",story pippin lost acorn story pippin lost acorn children stories children stories children stories pippin lost acorn pippin lost acorn ancient hollow tree ancient hollow tree cute cute squirrel acorn friends forest cute adventure animals children stories pippin lost acorn squirrel acorn friends forest cute adventure animals children stories pippin lost acorn cheerful little adventurer ancient hollow tree loved nothing helping friends gathering strength tiny cloud puffed cheeks sent gentle shower sparkling raindrops instantly drooping daisies buttercups perked petals waving joyful gratitude beneath glowing rainbow happy forest animals clapped paws sang together grateful another wonderful magical day ancient hollow tree,78,1
ST-0476,The Curious The Little Cloud That Could,"Once upon a sunny morning in Sunny Blue Sky, a fluffy little creature woke up with an enormous smile on its face.

Barnaby dipped his wooden bucket into the bramble bush, gathering sweet blueberries for everyone. When little Oliver rabbit dropped his basket, Barnaby shared his berries with a joyful laugh, showing that sharing treats makes them taste twice as sweet!

Tucked into bed with full tummies and happy hearts, the little friends closed their eyes and dreamed sweet, colorful dreams.",Children's Stories,The Little Cloud That Could,Sunny Blue Sky,Uplifting,"cloud, rain, rainbow, flowers, gentle, happy, children, children's stories, the little cloud that could, uplifting",curious little cloud curious little cloud children stories children stories children stories little cloud little cloud sunny blue sky sunny blue sky uplifting uplifting cloud rain rainbow flowers gentle happy children children stories little cloud uplifting cloud rain rainbow flowers gentle happy children children stories little cloud uplifting upon sunny morning sunny blue sky fluffy little creature woke enormous smile face barnaby dipped wooden bucket bramble bush gathering sweet blueberries everyone little oliver rabbit dropped basket barnaby shared berries joyful laugh showing sharing treats makes taste twice sweet tucked bed full tummies happy hearts little friends closed eyes dreamed sweet colorful dreams,81,1
ST-0477,The Friendly The Starfish Wish,"Deep in the cheerful woods of Tide Pool Cove, all the forest animals were gathering for a very special celebration.

With a swish of the magic paintbrush, vibrant swirls of yellow, turquoise, and magenta sprang from the canvas. The painted dragon blinked its friendly eyes, puffed a tiny bubble of rainbow steam, and hopped out to play hide-and-seek with the laughing children.

With high-fives and cheerful giggles, they promised to meet again tomorrow for another brand-new adventure in Tide Pool Cove.",Children's Stories,The Starfish Wish,Tide Pool Cove,Charming,"starfish, ocean, shell, wish, waves, sea creatures, magic, children's stories, the starfish wish, charming",friendly starfish wish friendly starfish wish children stories children stories children stories starfish wish starfish wish tide pool cove tide pool cove charming charming starfish ocean shell wish waves sea creatures magic children stories starfish wish charming starfish ocean shell wish waves sea creatures magic children stories starfish wish charming deep cheerful woods tide pool cove forest animals gathering special celebration swish magic paintbrush vibrant swirls yellow turquoise magenta sprang canvas painted dragon blinked friendly eyes puffed tiny bubble rainbow steam hopped play hide seek laughing children high fives cheerful giggles promised meet tomorrow another brand new adventure tide pool cove,81,1
ST-0478,Fun in The Friendly Garden Snail,"If you look closely between the clover blossoms of Vegetable Garden Patch, you might just spot a tiny friend on a grand adventure.

Rolling the shiny golden acorn up the mossy slope, Pippin asked his friend Benny Beaver for a helping paw. Together, they planted it deep in the rich soil, dancing with glee as a tiny green oak sprout popped up to say hello!

And from that day on, the warm sunshine and gentle giggles of Vegetable Garden Patch made every creature smile with pure delight.",Children's Stories,The Friendly Garden Snail,Vegetable Garden Patch,Delightful,"snail, lettuce, race, garden, friends, cute, patience, children's stories, the friendly garden snail, delightful",fun friendly garden snail fun friendly garden snail children stories children stories children stories friendly garden snail friendly garden snail vegetable garden patch vegetable garden patch delightful delightful snail lettuce race garden friends cute patience children stories friendly garden snail delightful snail lettuce race garden friends cute patience children stories friendly garden snail delightful look closely clover blossoms vegetable garden patch might just spot tiny friend grand adventure rolling shiny golden acorn mossy slope pippin asked friend benny beaver helping paw together planted deep rich soil dancing glee tiny green oak sprout popped say hello day warm sunshine gentle giggles vegetable garden patch made every creature smile pure delight,87,1
ST-0479,The Secret of The Curious Kitten's Adventure,"High up in the bright blue sky above Sunny Farmyard Barn, little fluffy clouds danced and played games of tag.

Gathering all its strength, the tiny cloud puffed its cheeks and sent down a gentle shower of sparkling raindrops. Instantly, all the drooping daisies and buttercups perked up their petals, waving in joyful gratitude beneath a glowing rainbow.

All the happy forest animals clapped their paws and sang together, grateful for another wonderful, magical day in Sunny Farmyard Barn.",Children's Stories,The Curious Kitten's Adventure,Sunny Farmyard Barn,Sweet,"kitten, yarn, butterflies, barnyard, milk, cute, playful, children's stories, the curious kitten's adventure, sweet",secret curious kitten adventure secret curious kitten adventure children stories children stories children stories curious kitten adventure curious kitten adventure sunny farmyard barn sunny farmyard barn sweet sweet kitten yarn butterflies barnyard milk cute playful children stories curious kitten adventure sweet kitten yarn butterflies barnyard milk cute playful children stories curious kitten adventure sweet high bright blue sky sunny farmyard barn little fluffy clouds danced played games tag gathering strength tiny cloud puffed cheeks sent gentle shower sparkling raindrops instantly drooping daisies buttercups perked petals waving joyful gratitude beneath glowing rainbow happy forest animals clapped paws sang together grateful another wonderful magical day sunny farmyard barn,79,1
ST-0480,The Happy The Sleepy Little Hedgehog,"There was once a cheerful little adventurer in Mossy Forest Glen who loved nothing more than helping his friends.

Barnaby dipped his wooden bucket into the bramble bush, gathering sweet blueberries for everyone. When little Oliver rabbit dropped his basket, Barnaby shared his berries with a joyful laugh, showing that sharing treats makes them taste twice as sweet!

Tucked into bed with full tummies and happy hearts, the little friends closed their eyes and dreamed sweet, colorful dreams.",Children's Stories,The Sleepy Little Hedgehog,Mossy Forest Glen,Gentle,"hedgehog, leaves, autumn, sleepy, berries, cute, snuggle, children's stories, the sleepy little hedgehog, gentle",happy sleepy little hedgehog happy sleepy little hedgehog children stories children stories children stories sleepy little hedgehog sleepy little hedgehog mossy forest glen mossy forest glen gentle gentle hedgehog leaves autumn sleepy berries cute snuggle children stories sleepy little hedgehog gentle hedgehog leaves autumn sleepy berries cute snuggle children stories sleepy little hedgehog gentle cheerful little adventurer mossy forest glen loved nothing helping friends barnaby dipped wooden bucket bramble bush gathering sweet blueberries everyone little oliver rabbit dropped basket barnaby shared berries joyful laugh showing sharing treats makes taste twice sweet tucked bed full tummies happy hearts little friends closed eyes dreamed sweet colorful dreams,78,1
ST-0481,The Gentle The Moonlit Lullaby,"As twilight softly descends upon Quiet Starry Sky, the busy world slows down and prepares for sweet, peaceful slumber.

The gentle ocean waves roll onto the shore in a slow, hypnotic rhythm—hushhh... hushhh... washing away all the day's excitement and leaving behind calm, cool sand beneath the watchful smile of the silver moon.

The night wraps the world in tranquil comfort, promising a bright and joyful tomorrow. Sweet dreams in Quiet Starry Sky.",Bedtime Stories,The Moonlit Lullaby,Quiet Starry Sky,Calm,"sleep, moon, lullaby, stars, soothing, peaceful, night, dreams, bedtime stories, the moonlit lullaby, calm",gentle moonlit lullaby gentle moonlit lullaby bedtime stories bedtime stories bedtime stories moonlit lullaby moonlit lullaby quiet starry sky quiet starry sky calm calm sleep moon lullaby stars soothing peaceful night dreams bedtime stories moonlit lullaby calm sleep moon lullaby stars soothing peaceful night dreams bedtime stories moonlit lullaby calm twilight softly descends upon quiet starry sky busy world slows prepares sweet peaceful slumber gentle ocean waves roll onto shore slow hypnotic rhythm hushhh hushhh washing away day excitement leaving behind calm cool sand beneath watchful smile silver moon night wraps world tranquil comfort promising bright joyful tomorrow sweet dreams quiet starry sky,73,1
ST-0482,Goodnight to The Slumbering Mountain,"The silvery moon rises high above Misty Blue Ridge, casting a gentle, soothing glow over the quiet hills and valleys.

Drifting gently on a soft cloud made of spun cotton candy, the dream ship sails across the constellation river. Sparkling stardust sprinkles softly upon the earth, bringing peaceful thoughts and happy dreams to every sleeping child.

And as the soft silver moonlight whispers goodnight, peaceful slumber carries you away until morning light. Rest well.",Bedtime Stories,The Slumbering Mountain,Misty Blue Ridge,Peaceful,"mountain, mist, forest, gentle, calm, blanket, slumber, bedtime stories, the slumbering mountain, peaceful",goodnight slumbering mountain goodnight slumbering mountain bedtime stories bedtime stories bedtime stories slumbering mountain slumbering mountain misty blue ridge misty blue ridge peaceful peaceful mountain mist forest gentle calm blanket slumber bedtime stories slumbering mountain peaceful mountain mist forest gentle calm blanket slumber bedtime stories slumbering mountain peaceful silvery moon rises high misty blue ridge casting gentle soothing glow quiet hills valleys drifting gently soft cloud made spun cotton candy dream ship sails across constellation river sparkling stardust sprinkles softly upon earth bringing peaceful thoughts happy dreams every sleeping child soft silver moonlight whispers goodnight peaceful slumber carries away morning light rest well,74,1
ST-0483,The Lullaby of The Pillow Cloud Kingdom,"Listen closely to the gentle whisper of the evening breeze as it drifts through Dreamland Cloud Castles, singing a peaceful bedtime song.

The silver nightingale sings its gentle melody from the high willow branch. The petals of the moonflowers slowly fold in peace, and the cool night air carries the scent of lavender through open bedroom windows.

Close your eyes, breathe in deep and slow, and drift off into the sweetest dreams in the peaceful wonderland of Dreamland Cloud Castles. Goodnight.",Bedtime Stories,The Pillow Cloud Kingdom,Dreamland Cloud Castles,Soothing,"clouds, pillow, dreams, soft, feather, gentle, night, bedtime stories, the pillow cloud kingdom, soothing",lullaby pillow cloud kingdom lullaby pillow cloud kingdom bedtime stories bedtime stories bedtime stories pillow cloud kingdom pillow cloud kingdom dreamland cloud castles dreamland cloud castles soothing soothing clouds pillow dreams soft feather gentle night bedtime stories pillow cloud kingdom soothing clouds pillow dreams soft feather gentle night bedtime stories pillow cloud kingdom soothing listen closely gentle whisper evening breeze drifts dreamland cloud castles singing peaceful bedtime song silver nightingale sings gentle melody high willow branch petals moonflowers slowly fold peace cool night air carries scent lavender open bedroom windows close eyes breathe deep slow drift sweetest dreams peaceful wonderland dreamland cloud castles goodnight,81,1
ST-0484,The Sleepy The Whispering Waves,"Stars ignite like tiny silver nightlights across the velvet sky above Moonlit Sandy Shore, watching over everyone as they sleep.

One by one, the little woodland animals curl up in their warm burrows lined with soft moss and dry leaves. The mother deer nudges her fawn close, while the little owls tuck their wings and listen to the soft, rhythmic hum of crickets in the grass.

All is calm, all is bright, and under the loving guard of the stars above Moonlit Sandy Shore, you are safe and warm. Sleep tight.",Bedtime Stories,The Whispering Waves,Moonlit Sandy Shore,Relaxing,"ocean, waves, sand, moonlight, tide, calm, sleepy, bedtime stories, the whispering waves, relaxing",sleepy whispering waves sleepy whispering waves bedtime stories bedtime stories bedtime stories whispering waves whispering waves moonlit sandy shore moonlit sandy shore relaxing relaxing ocean waves sand moonlight tide calm sleepy bedtime stories whispering waves relaxing ocean waves sand moonlight tide calm sleepy bedtime stories whispering waves relaxing stars ignite like tiny silver nightlights across velvet sky moonlit sandy shore watching everyone sleep one one little woodland animals curl warm burrows lined soft moss dry leaves mother deer nudges fawn close little owls tuck wings listen soft rhythmic hum crickets grass calm bright loving guard stars moonlit sandy shore safe warm sleep tight,91,1
ST-0485,A Dream in The Cozy Woodland Burrow,"A warm, cozy hush settles across Warm Mossy Tree Hollow, wrapping every sleepy creature in a soft blanket of rest.

The gentle ocean waves roll onto the shore in a slow, hypnotic rhythm—hushhh... hushhh... washing away all the day's excitement and leaving behind calm, cool sand beneath the watchful smile of the silver moon.

The night wraps the world in tranquil comfort, promising a bright and joyful tomorrow. Sweet dreams in Warm Mossy Tree Hollow.",Bedtime Stories,The Cozy Woodland Burrow,Warm Mossy Tree Hollow,Snug,"burrow, blanket, warmth, leaves, cozy, firefly, sleep, bedtime stories, the cozy woodland burrow, snug",dream cozy woodland burrow dream cozy woodland burrow bedtime stories bedtime stories bedtime stories cozy woodland burrow cozy woodland burrow warm mossy tree hollow warm mossy tree hollow snug snug burrow blanket warmth leaves cozy firefly sleep bedtime stories cozy woodland burrow snug burrow blanket warmth leaves cozy firefly sleep bedtime stories cozy woodland burrow snug warm cozy hush settles across warm mossy tree hollow wrapping every sleepy creature soft blanket rest gentle ocean waves roll onto shore slow hypnotic rhythm hushhh hushhh washing away day excitement leaving behind calm cool sand beneath watchful smile silver moon night wraps world tranquil comfort promising bright joyful tomorrow sweet dreams warm mossy tree hollow,75,1
ST-0486,The Moonlit The Secret Garden of Dreams,"As twilight softly descends upon Silver Moon Garden, the busy world slows down and prepares for sweet, peaceful slumber.

Drifting gently on a soft cloud made of spun cotton candy, the dream ship sails across the constellation river. Sparkling stardust sprinkles softly upon the earth, bringing peaceful thoughts and happy dreams to every sleeping child.

And as the soft silver moonlight whispers goodnight, peaceful slumber carries you away until morning light. Rest well.",Bedtime Stories,The Secret Garden of Dreams,Silver Moon Garden,Serene,"garden, silver flowers, nightingales, lullaby, dewdrops, peace, bedtime stories, the secret garden of dreams, serene",moonlit secret garden dreams moonlit secret garden dreams bedtime stories bedtime stories bedtime stories secret garden dreams secret garden dreams silver moon garden silver moon garden serene serene garden silver flowers nightingales lullaby dewdrops peace bedtime stories secret garden dreams serene garden silver flowers nightingales lullaby dewdrops peace bedtime stories secret garden dreams serene twilight softly descends upon silver moon garden busy world slows prepares sweet peaceful slumber drifting gently soft cloud made spun cotton candy dream ship sails across constellation river sparkling stardust sprinkles softly upon earth bringing peaceful thoughts happy dreams every sleeping child soft silver moonlight whispers goodnight peaceful slumber carries away morning light rest well,73,1
ST-0487,The Peaceful The Starlight Carousel,"The silvery moon rises high above Quiet Celestial Sky, casting a gentle, soothing glow over the quiet hills and valleys.

The silver nightingale sings its gentle melody from the high willow branch. The petals of the moonflowers slowly fold in peace, and the cool night air carries the scent of lavender through open bedroom windows.

Close your eyes, breathe in deep and slow, and drift off into the sweetest dreams in the peaceful wonderland of Quiet Celestial Sky. Goodnight.",Bedtime Stories,The Starlight Carousel,Quiet Celestial Sky,Enchanting,"starlight, carousel, constellations, gentle, dreamland, peaceful, bedtime stories, the starlight carousel, enchanting",peaceful starlight carousel peaceful starlight carousel bedtime stories bedtime stories bedtime stories starlight carousel starlight carousel quiet celestial sky quiet celestial sky enchanting enchanting starlight carousel constellations gentle dreamland peaceful bedtime stories starlight carousel enchanting starlight carousel constellations gentle dreamland peaceful bedtime stories starlight carousel enchanting silvery moon rises high quiet celestial sky casting gentle soothing glow quiet hills valleys silver nightingale sings gentle melody high willow branch petals moonflowers slowly fold peace cool night air carries scent lavender open bedroom windows close eyes breathe deep slow drift sweetest dreams peaceful wonderland quiet celestial sky goodnight,79,1
ST-0488,The Night in The Goodnight Forest,"Listen closely to the gentle whisper of the evening breeze as it drifts through Velvet Pine Woods, singing a peaceful bedtime song.

One by one, the little woodland animals curl up in their warm burrows lined with soft moss and dry leaves. The mother deer nudges her fawn close, while the little owls tuck their wings and listen to the soft, rhythmic hum of crickets in the grass.

All is calm, all is bright, and under the loving guard of the stars above Velvet Pine Woods, you are safe and warm. Sleep tight.",Bedtime Stories,The Goodnight Forest,Velvet Pine Woods,Tranquil,"pines, owl, crickets, twilight, goodnight, stars, slumber, bedtime stories, the goodnight forest, tranquil",night goodnight forest night goodnight forest bedtime stories bedtime stories bedtime stories goodnight forest goodnight forest velvet pine woods velvet pine woods tranquil tranquil pines owl crickets twilight goodnight stars slumber bedtime stories goodnight forest tranquil pines owl crickets twilight goodnight stars slumber bedtime stories goodnight forest tranquil listen closely gentle whisper evening breeze drifts velvet pine woods singing peaceful bedtime song one one little woodland animals curl warm burrows lined soft moss dry leaves mother deer nudges fawn close little owls tuck wings listen soft rhythmic hum crickets grass calm bright loving guard stars velvet pine woods safe warm sleep tight,93,1
ST-0489,The Cozy The Moonlit Lullaby,"Stars ignite like tiny silver nightlights across the velvet sky above Quiet Starry Sky, watching over everyone as they sleep.

The gentle ocean waves roll onto the shore in a slow, hypnotic rhythm—hushhh... hushhh... washing away all the day's excitement and leaving behind calm, cool sand beneath the watchful smile of the silver moon.

The night wraps the world in tranquil comfort, promising a bright and joyful tomorrow. Sweet dreams in Quiet Starry Sky.",Bedtime Stories,The Moonlit Lullaby,Quiet Starry Sky,Calm,"sleep, moon, lullaby, stars, soothing, peaceful, night, dreams, bedtime stories, the moonlit lullaby, calm",cozy moonlit lullaby cozy moonlit lullaby bedtime stories bedtime stories bedtime stories moonlit lullaby moonlit lullaby quiet starry sky quiet starry sky calm calm sleep moon lullaby stars soothing peaceful night dreams bedtime stories moonlit lullaby calm sleep moon lullaby stars soothing peaceful night dreams bedtime stories moonlit lullaby calm stars ignite like tiny silver nightlights across velvet sky quiet starry sky watching everyone sleep gentle ocean waves roll onto shore slow hypnotic rhythm hushhh hushhh washing away day excitement leaving behind calm cool sand beneath watchful smile silver moon night wraps world tranquil comfort promising bright joyful tomorrow sweet dreams quiet starry sky,74,1
ST-0490,The Starlit The Slumbering Mountain,"A warm, cozy hush settles across Misty Blue Ridge, wrapping every sleepy creature in a soft blanket of rest.

Drifting gently on a soft cloud made of spun cotton candy, the dream ship sails across the constellation river. Sparkling stardust sprinkles softly upon the earth, bringing peaceful thoughts and happy dreams to every sleeping child.

And as the soft silver moonlight whispers goodnight, peaceful slumber carries you away until morning light. Rest well.",Bedtime Stories,The Slumbering Mountain,Misty Blue Ridge,Peaceful,"mountain, mist, forest, gentle, calm, blanket, slumber, bedtime stories, the slumbering mountain, peaceful",starlit slumbering mountain starlit slumbering mountain bedtime stories bedtime stories bedtime stories slumbering mountain slumbering mountain misty blue ridge misty blue ridge peaceful peaceful mountain mist forest gentle calm blanket slumber bedtime stories slumbering mountain peaceful mountain mist forest gentle calm blanket slumber bedtime stories slumbering mountain peaceful warm cozy hush settles across misty blue ridge wrapping every sleepy creature soft blanket rest drifting gently soft cloud made spun cotton candy dream ship sails across constellation river sparkling stardust sprinkles softly upon earth bringing peaceful thoughts happy dreams every sleeping child soft silver moonlight whispers goodnight peaceful slumber carries away morning light rest well,73,1
ST-0491,The Gentle The Pillow Cloud Kingdom,"As twilight softly descends upon Dreamland Cloud Castles, the busy world slows down and prepares for sweet, peaceful slumber.

The silver nightingale sings its gentle melody from the high willow branch. The petals of the moonflowers slowly fold in peace, and the cool night air carries the scent of lavender through open bedroom windows.

Close your eyes, breathe in deep and slow, and drift off into the sweetest dreams in the peaceful wonderland of Dreamland Cloud Castles. Goodnight.",Bedtime Stories,The Pillow Cloud Kingdom,Dreamland Cloud Castles,Soothing,"clouds, pillow, dreams, soft, feather, gentle, night, bedtime stories, the pillow cloud kingdom, soothing",gentle pillow cloud kingdom gentle pillow cloud kingdom bedtime stories bedtime stories bedtime stories pillow cloud kingdom pillow cloud kingdom dreamland cloud castles dreamland cloud castles soothing soothing clouds pillow dreams soft feather gentle night bedtime stories pillow cloud kingdom soothing clouds pillow dreams soft feather gentle night bedtime stories pillow cloud kingdom soothing twilight softly descends upon dreamland cloud castles busy world slows prepares sweet peaceful slumber silver nightingale sings gentle melody high willow branch petals moonflowers slowly fold peace cool night air carries scent lavender open bedroom windows close eyes breathe deep slow drift sweetest dreams peaceful wonderland dreamland cloud castles goodnight,78,1
ST-0492,Goodnight to The Whispering Waves,"The silvery moon rises high above Moonlit Sandy Shore, casting a gentle, soothing glow over the quiet hills and valleys.

One by one, the little woodland animals curl up in their warm burrows lined with soft moss and dry leaves. The mother deer nudges her fawn close, while the little owls tuck their wings and listen to the soft, rhythmic hum of crickets in the grass.

All is calm, all is bright, and under the loving guard of the stars above Moonlit Sandy Shore, you are safe and warm. Sleep tight.",Bedtime Stories,The Whispering Waves,Moonlit Sandy Shore,Relaxing,"ocean, waves, sand, moonlight, tide, calm, sleepy, bedtime stories, the whispering waves, relaxing",goodnight whispering waves goodnight whispering waves bedtime stories bedtime stories bedtime stories whispering waves whispering waves moonlit sandy shore moonlit sandy shore relaxing relaxing ocean waves sand moonlight tide calm sleepy bedtime stories whispering waves relaxing ocean waves sand moonlight tide calm sleepy bedtime stories whispering waves relaxing silvery moon rises high moonlit sandy shore casting gentle soothing glow quiet hills valleys one one little woodland animals curl warm burrows lined soft moss dry leaves mother deer nudges fawn close little owls tuck wings listen soft rhythmic hum crickets grass calm bright loving guard stars moonlit sandy shore safe warm sleep tight,91,1
ST-0493,The Lullaby of The Cozy Woodland Burrow,"Listen closely to the gentle whisper of the evening breeze as it drifts through Warm Mossy Tree Hollow, singing a peaceful bedtime song.

The gentle ocean waves roll onto the shore in a slow, hypnotic rhythm—hushhh... hushhh... washing away all the day's excitement and leaving behind calm, cool sand beneath the watchful smile of the silver moon.

The night wraps the world in tranquil comfort, promising a bright and joyful tomorrow. Sweet dreams in Warm Mossy Tree Hollow.",Bedtime Stories,The Cozy Woodland Burrow,Warm Mossy Tree Hollow,Snug,"burrow, blanket, warmth, leaves, cozy, firefly, sleep, bedtime stories, the cozy woodland burrow, snug",lullaby cozy woodland burrow lullaby cozy woodland burrow bedtime stories bedtime stories bedtime stories cozy woodland burrow cozy woodland burrow warm mossy tree hollow warm mossy tree hollow snug snug burrow blanket warmth leaves cozy firefly sleep bedtime stories cozy woodland burrow snug burrow blanket warmth leaves cozy firefly sleep bedtime stories cozy woodland burrow snug listen closely gentle whisper evening breeze drifts warm mossy tree hollow singing peaceful bedtime song gentle ocean waves roll onto shore slow hypnotic rhythm hushhh hushhh washing away day excitement leaving behind calm cool sand beneath watchful smile silver moon night wraps world tranquil comfort promising bright joyful tomorrow sweet dreams warm mossy tree hollow,78,1
ST-0494,The Sleepy The Secret Garden of Dreams,"Stars ignite like tiny silver nightlights across the velvet sky above Silver Moon Garden, watching over everyone as they sleep.

Drifting gently on a soft cloud made of spun cotton candy, the dream ship sails across the constellation river. Sparkling stardust sprinkles softly upon the earth, bringing peaceful thoughts and happy dreams to every sleeping child.

And as the soft silver moonlight whispers goodnight, peaceful slumber carries you away until morning light. Rest well.",Bedtime Stories,The Secret Garden of Dreams,Silver Moon Garden,Serene,"garden, silver flowers, nightingales, lullaby, dewdrops, peace, bedtime stories, the secret garden of dreams, serene",sleepy secret garden dreams sleepy secret garden dreams bedtime stories bedtime stories bedtime stories secret garden dreams secret garden dreams silver moon garden silver moon garden serene serene garden silver flowers nightingales lullaby dewdrops peace bedtime stories secret garden dreams serene garden silver flowers nightingales lullaby dewdrops peace bedtime stories secret garden dreams serene stars ignite like tiny silver nightlights across velvet sky silver moon garden watching everyone sleep drifting gently soft cloud made spun cotton candy dream ship sails across constellation river sparkling stardust sprinkles softly upon earth bringing peaceful thoughts happy dreams every sleeping child soft silver moonlight whispers goodnight peaceful slumber carries away morning light rest well,74,1
ST-0495,A Dream in The Starlight Carousel,"A warm, cozy hush settles across Quiet Celestial Sky, wrapping every sleepy creature in a soft blanket of rest.

The silver nightingale sings its gentle melody from the high willow branch. The petals of the moonflowers slowly fold in peace, and the cool night air carries the scent of lavender through open bedroom windows.

Close your eyes, breathe in deep and slow, and drift off into the sweetest dreams in the peaceful wonderland of Quiet Celestial Sky. Goodnight.",Bedtime Stories,The Starlight Carousel,Quiet Celestial Sky,Enchanting,"starlight, carousel, constellations, gentle, dreamland, peaceful, bedtime stories, the starlight carousel, enchanting",dream starlight carousel dream starlight carousel bedtime stories bedtime stories bedtime stories starlight carousel starlight carousel quiet celestial sky quiet celestial sky enchanting enchanting starlight carousel constellations gentle dreamland peaceful bedtime stories starlight carousel enchanting starlight carousel constellations gentle dreamland peaceful bedtime stories starlight carousel enchanting warm cozy hush settles across quiet celestial sky wrapping every sleepy creature soft blanket rest silver nightingale sings gentle melody high willow branch petals moonflowers slowly fold peace cool night air carries scent lavender open bedroom windows close eyes breathe deep slow drift sweetest dreams peaceful wonderland quiet celestial sky goodnight,78,1
ST-0496,The Moonlit The Goodnight Forest,"As twilight softly descends upon Velvet Pine Woods, the busy world slows down and prepares for sweet, peaceful slumber.

One by one, the little woodland animals curl up in their warm burrows lined with soft moss and dry leaves. The mother deer nudges her fawn close, while the little owls tuck their wings and listen to the soft, rhythmic hum of crickets in the grass.

All is calm, all is bright, and under the loving guard of the stars above Velvet Pine Woods, you are safe and warm. Sleep tight.",Bedtime Stories,The Goodnight Forest,Velvet Pine Woods,Tranquil,"pines, owl, crickets, twilight, goodnight, stars, slumber, bedtime stories, the goodnight forest, tranquil",moonlit goodnight forest moonlit goodnight forest bedtime stories bedtime stories bedtime stories goodnight forest goodnight forest velvet pine woods velvet pine woods tranquil tranquil pines owl crickets twilight goodnight stars slumber bedtime stories goodnight forest tranquil pines owl crickets twilight goodnight stars slumber bedtime stories goodnight forest tranquil twilight softly descends upon velvet pine woods busy world slows prepares sweet peaceful slumber one one little woodland animals curl warm burrows lined soft moss dry leaves mother deer nudges fawn close little owls tuck wings listen soft rhythmic hum crickets grass calm bright loving guard stars velvet pine woods safe warm sleep tight,90,1
ST-0497,The Peaceful The Moonlit Lullaby,"The silvery moon rises high above Quiet Starry Sky, casting a gentle, soothing glow over the quiet hills and valleys.

The gentle ocean waves roll onto the shore in a slow, hypnotic rhythm—hushhh... hushhh... washing away all the day's excitement and leaving behind calm, cool sand beneath the watchful smile of the silver moon.

The night wraps the world in tranquil comfort, promising a bright and joyful tomorrow. Sweet dreams in Quiet Starry Sky.",Bedtime Stories,The Moonlit Lullaby,Quiet Starry Sky,Calm,"sleep, moon, lullaby, stars, soothing, peaceful, night, dreams, bedtime stories, the moonlit lullaby, calm",peaceful moonlit lullaby peaceful moonlit lullaby bedtime stories bedtime stories bedtime stories moonlit lullaby moonlit lullaby quiet starry sky quiet starry sky calm calm sleep moon lullaby stars soothing peaceful night dreams bedtime stories moonlit lullaby calm sleep moon lullaby stars soothing peaceful night dreams bedtime stories moonlit lullaby calm silvery moon rises high quiet starry sky casting gentle soothing glow quiet hills valleys gentle ocean waves roll onto shore slow hypnotic rhythm hushhh hushhh washing away day excitement leaving behind calm cool sand beneath watchful smile silver moon night wraps world tranquil comfort promising bright joyful tomorrow sweet dreams quiet starry sky,74,1
ST-0498,The Night in The Slumbering Mountain,"Listen closely to the gentle whisper of the evening breeze as it drifts through Misty Blue Ridge, singing a peaceful bedtime song.

Drifting gently on a soft cloud made of spun cotton candy, the dream ship sails across the constellation river. Sparkling stardust sprinkles softly upon the earth, bringing peaceful thoughts and happy dreams to every sleeping child.

And as the soft silver moonlight whispers goodnight, peaceful slumber carries you away until morning light. Rest well.",Bedtime Stories,The Slumbering Mountain,Misty Blue Ridge,Peaceful,"mountain, mist, forest, gentle, calm, blanket, slumber, bedtime stories, the slumbering mountain, peaceful",night slumbering mountain night slumbering mountain bedtime stories bedtime stories bedtime stories slumbering mountain slumbering mountain misty blue ridge misty blue ridge peaceful peaceful mountain mist forest gentle calm blanket slumber bedtime stories slumbering mountain peaceful mountain mist forest gentle calm blanket slumber bedtime stories slumbering mountain peaceful listen closely gentle whisper evening breeze drifts misty blue ridge singing peaceful bedtime song drifting gently soft cloud made spun cotton candy dream ship sails across constellation river sparkling stardust sprinkles softly upon earth bringing peaceful thoughts happy dreams every sleeping child soft silver moonlight whispers goodnight peaceful slumber carries away morning light rest well,76,1
ST-0499,The Cozy The Pillow Cloud Kingdom,"Stars ignite like tiny silver nightlights across the velvet sky above Dreamland Cloud Castles, watching over everyone as they sleep.

The silver nightingale sings its gentle melody from the high willow branch. The petals of the moonflowers slowly fold in peace, and the cool night air carries the scent of lavender through open bedroom windows.

Close your eyes, breathe in deep and slow, and drift off into the sweetest dreams in the peaceful wonderland of Dreamland Cloud Castles. Goodnight.",Bedtime Stories,The Pillow Cloud Kingdom,Dreamland Cloud Castles,Soothing,"clouds, pillow, dreams, soft, feather, gentle, night, bedtime stories, the pillow cloud kingdom, soothing",cozy pillow cloud kingdom cozy pillow cloud kingdom bedtime stories bedtime stories bedtime stories pillow cloud kingdom pillow cloud kingdom dreamland cloud castles dreamland cloud castles soothing soothing clouds pillow dreams soft feather gentle night bedtime stories pillow cloud kingdom soothing clouds pillow dreams soft feather gentle night bedtime stories pillow cloud kingdom soothing stars ignite like tiny silver nightlights across velvet sky dreamland cloud castles watching everyone sleep silver nightingale sings gentle melody high willow branch petals moonflowers slowly fold peace cool night air carries scent lavender open bedroom windows close eyes breathe deep slow drift sweetest dreams peaceful wonderland dreamland cloud castles goodnight,79,1
ST-0500,The Starlit The Whispering Waves,"A warm, cozy hush settles across Moonlit Sandy Shore, wrapping every sleepy creature in a soft blanket of rest.

One by one, the little woodland animals curl up in their warm burrows lined with soft moss and dry leaves. The mother deer nudges her fawn close, while the little owls tuck their wings and listen to the soft, rhythmic hum of crickets in the grass.

All is calm, all is bright, and under the loving guard of the stars above Moonlit Sandy Shore, you are safe and warm. Sleep tight.",Bedtime Stories,The Whispering Waves,Moonlit Sandy Shore,Relaxing,"ocean, waves, sand, moonlight, tide, calm, sleepy, bedtime stories, the whispering waves, relaxing",starlit whispering waves starlit whispering waves bedtime stories bedtime stories bedtime stories whispering waves whispering waves moonlit sandy shore moonlit sandy shore relaxing relaxing ocean waves sand moonlight tide calm sleepy bedtime stories whispering waves relaxing ocean waves sand moonlight tide calm sleepy bedtime stories whispering waves relaxing warm cozy hush settles across moonlit sandy shore wrapping every sleepy creature soft blanket rest one one little woodland animals curl warm burrows lined soft moss dry leaves mother deer nudges fawn close little owls tuck wings listen soft rhythmic hum crickets grass calm bright loving guard stars moonlit sandy shore safe warm sleep tight,90,1
ST-0501,The Gentle The Cozy Woodland Burrow,"As twilight softly descends upon Warm Mossy Tree Hollow, the busy world slows down and prepares for sweet, peaceful slumber.

The gentle ocean waves roll onto the shore in a slow, hypnotic rhythm—hushhh... hushhh... washing away all the day's excitement and leaving behind calm, cool sand beneath the watchful smile of the silver moon.

The night wraps the world in tranquil comfort, promising a bright and joyful tomorrow. Sweet dreams in Warm Mossy Tree Hollow.",Bedtime Stories,The Cozy Woodland Burrow,Warm Mossy Tree Hollow,Snug,"burrow, blanket, warmth, leaves, cozy, firefly, sleep, bedtime stories, the cozy woodland burrow, snug",gentle cozy woodland burrow gentle cozy woodland burrow bedtime stories bedtime stories bedtime stories cozy woodland burrow cozy woodland burrow warm mossy tree hollow warm mossy tree hollow snug snug burrow blanket warmth leaves cozy firefly sleep bedtime stories cozy woodland burrow snug burrow blanket warmth leaves cozy firefly sleep bedtime stories cozy woodland burrow snug twilight softly descends upon warm mossy tree hollow busy world slows prepares sweet peaceful slumber gentle ocean waves roll onto shore slow hypnotic rhythm hushhh hushhh washing away day excitement leaving behind calm cool sand beneath watchful smile silver moon night wraps world tranquil comfort promising bright joyful tomorrow sweet dreams warm mossy tree hollow,75,1
ST-0502,Goodnight to The Secret Garden of Dreams,"The silvery moon rises high above Silver Moon Garden, casting a gentle, soothing glow over the quiet hills and valleys.

Drifting gently on a soft cloud made of spun cotton candy, the dream ship sails across the constellation river. Sparkling stardust sprinkles softly upon the earth, bringing peaceful thoughts and happy dreams to every sleeping child.

And as the soft silver moonlight whispers goodnight, peaceful slumber carries you away until morning light. Rest well.",Bedtime Stories,The Secret Garden of Dreams,Silver Moon Garden,Serene,"garden, silver flowers, nightingales, lullaby, dewdrops, peace, bedtime stories, the secret garden of dreams, serene",goodnight secret garden dreams goodnight secret garden dreams bedtime stories bedtime stories bedtime stories secret garden dreams secret garden dreams silver moon garden silver moon garden serene serene garden silver flowers nightingales lullaby dewdrops peace bedtime stories secret garden dreams serene garden silver flowers nightingales lullaby dewdrops peace bedtime stories secret garden dreams serene silvery moon rises high silver moon garden casting gentle soothing glow quiet hills valleys drifting gently soft cloud made spun cotton candy dream ship sails across constellation river sparkling stardust sprinkles softly upon earth bringing peaceful thoughts happy dreams every sleeping child soft silver moonlight whispers goodnight peaceful slumber carries away morning light rest well,74,1
ST-0503,The Lullaby of The Starlight Carousel,"Listen closely to the gentle whisper of the evening breeze as it drifts through Quiet Celestial Sky, singing a peaceful bedtime song.

The silver nightingale sings its gentle melody from the high willow branch. The petals of the moonflowers slowly fold in peace, and the cool night air carries the scent of lavender through open bedroom windows.

Close your eyes, breathe in deep and slow, and drift off into the sweetest dreams in the peaceful wonderland of Quiet Celestial Sky. Goodnight.",Bedtime Stories,The Starlight Carousel,Quiet Celestial Sky,Enchanting,"starlight, carousel, constellations, gentle, dreamland, peaceful, bedtime stories, the starlight carousel, enchanting",lullaby starlight carousel lullaby starlight carousel bedtime stories bedtime stories bedtime stories starlight carousel starlight carousel quiet celestial sky quiet celestial sky enchanting enchanting starlight carousel constellations gentle dreamland peaceful bedtime stories starlight carousel enchanting starlight carousel constellations gentle dreamland peaceful bedtime stories starlight carousel enchanting listen closely gentle whisper evening breeze drifts quiet celestial sky singing peaceful bedtime song silver nightingale sings gentle melody high willow branch petals moonflowers slowly fold peace cool night air carries scent lavender open bedroom windows close eyes breathe deep slow drift sweetest dreams peaceful wonderland quiet celestial sky goodnight,81,1
ST-0504,The Sleepy The Goodnight Forest,"Stars ignite like tiny silver nightlights across the velvet sky above Velvet Pine Woods, watching over everyone as they sleep.

One by one, the little woodland animals curl up in their warm burrows lined with soft moss and dry leaves. The mother deer nudges her fawn close, while the little owls tuck their wings and listen to the soft, rhythmic hum of crickets in the grass.

All is calm, all is bright, and under the loving guard of the stars above Velvet Pine Woods, you are safe and warm. Sleep tight.",Bedtime Stories,The Goodnight Forest,Velvet Pine Woods,Tranquil,"pines, owl, crickets, twilight, goodnight, stars, slumber, bedtime stories, the goodnight forest, tranquil",sleepy goodnight forest sleepy goodnight forest bedtime stories bedtime stories bedtime stories goodnight forest goodnight forest velvet pine woods velvet pine woods tranquil tranquil pines owl crickets twilight goodnight stars slumber bedtime stories goodnight forest tranquil pines owl crickets twilight goodnight stars slumber bedtime stories goodnight forest tranquil stars ignite like tiny silver nightlights across velvet sky velvet pine woods watching everyone sleep one one little woodland animals curl warm burrows lined soft moss dry leaves mother deer nudges fawn close little owls tuck wings listen soft rhythmic hum crickets grass calm bright loving guard stars velvet pine woods safe warm sleep tight,91,1
ST-0505,A Dream in The Moonlit Lullaby,"A warm, cozy hush settles across Quiet Starry Sky, wrapping every sleepy creature in a soft blanket of rest.

The gentle ocean waves roll onto the shore in a slow, hypnotic rhythm—hushhh... hushhh... washing away all the day's excitement and leaving behind calm, cool sand beneath the watchful smile of the silver moon.

The night wraps the world in tranquil comfort, promising a bright and joyful tomorrow. Sweet dreams in Quiet Starry Sky.",Bedtime Stories,The Moonlit Lullaby,Quiet Starry Sky,Calm,"sleep, moon, lullaby, stars, soothing, peaceful, night, dreams, bedtime stories, the moonlit lullaby, calm",dream moonlit lullaby dream moonlit lullaby bedtime stories bedtime stories bedtime stories moonlit lullaby moonlit lullaby quiet starry sky quiet starry sky calm calm sleep moon lullaby stars soothing peaceful night dreams bedtime stories moonlit lullaby calm sleep moon lullaby stars soothing peaceful night dreams bedtime stories moonlit lullaby calm warm cozy hush settles across quiet starry sky wrapping every sleepy creature soft blanket rest gentle ocean waves roll onto shore slow hypnotic rhythm hushhh hushhh washing away day excitement leaving behind calm cool sand beneath watchful smile silver moon night wraps world tranquil comfort promising bright joyful tomorrow sweet dreams quiet starry sky,73,1
ST-0506,The Moonlit The Slumbering Mountain,"As twilight softly descends upon Misty Blue Ridge, the busy world slows down and prepares for sweet, peaceful slumber.

Drifting gently on a soft cloud made of spun cotton candy, the dream ship sails across the constellation river. Sparkling stardust sprinkles softly upon the earth, bringing peaceful thoughts and happy dreams to every sleeping child.

And as the soft silver moonlight whispers goodnight, peaceful slumber carries you away until morning light. Rest well.",Bedtime Stories,The Slumbering Mountain,Misty Blue Ridge,Peaceful,"mountain, mist, forest, gentle, calm, blanket, slumber, bedtime stories, the slumbering mountain, peaceful",moonlit slumbering mountain moonlit slumbering mountain bedtime stories bedtime stories bedtime stories slumbering mountain slumbering mountain misty blue ridge misty blue ridge peaceful peaceful mountain mist forest gentle calm blanket slumber bedtime stories slumbering mountain peaceful mountain mist forest gentle calm blanket slumber bedtime stories slumbering mountain peaceful twilight softly descends upon misty blue ridge busy world slows prepares sweet peaceful slumber drifting gently soft cloud made spun cotton candy dream ship sails across constellation river sparkling stardust sprinkles softly upon earth bringing peaceful thoughts happy dreams every sleeping child soft silver moonlight whispers goodnight peaceful slumber carries away morning light rest well,73,1
ST-0507,The Peaceful The Pillow Cloud Kingdom,"The silvery moon rises high above Dreamland Cloud Castles, casting a gentle, soothing glow over the quiet hills and valleys.

The silver nightingale sings its gentle melody from the high willow branch. The petals of the moonflowers slowly fold in peace, and the cool night air carries the scent of lavender through open bedroom windows.

Close your eyes, breathe in deep and slow, and drift off into the sweetest dreams in the peaceful wonderland of Dreamland Cloud Castles. Goodnight.",Bedtime Stories,The Pillow Cloud Kingdom,Dreamland Cloud Castles,Soothing,"clouds, pillow, dreams, soft, feather, gentle, night, bedtime stories, the pillow cloud kingdom, soothing",peaceful pillow cloud kingdom peaceful pillow cloud kingdom bedtime stories bedtime stories bedtime stories pillow cloud kingdom pillow cloud kingdom dreamland cloud castles dreamland cloud castles soothing soothing clouds pillow dreams soft feather gentle night bedtime stories pillow cloud kingdom soothing clouds pillow dreams soft feather gentle night bedtime stories pillow cloud kingdom soothing silvery moon rises high dreamland cloud castles casting gentle soothing glow quiet hills valleys silver nightingale sings gentle melody high willow branch petals moonflowers slowly fold peace cool night air carries scent lavender open bedroom windows close eyes breathe deep slow drift sweetest dreams peaceful wonderland dreamland cloud castles goodnight,79,1
ST-0508,The Night in The Whispering Waves,"Listen closely to the gentle whisper of the evening breeze as it drifts through Moonlit Sandy Shore, singing a peaceful bedtime song.

One by one, the little woodland animals curl up in their warm burrows lined with soft moss and dry leaves. The mother deer nudges her fawn close, while the little owls tuck their wings and listen to the soft, rhythmic hum of crickets in the grass.

All is calm, all is bright, and under the loving guard of the stars above Moonlit Sandy Shore, you are safe and warm. Sleep tight.",Bedtime Stories,The Whispering Waves,Moonlit Sandy Shore,Relaxing,"ocean, waves, sand, moonlight, tide, calm, sleepy, bedtime stories, the whispering waves, relaxing",night whispering waves night whispering waves bedtime stories bedtime stories bedtime stories whispering waves whispering waves moonlit sandy shore moonlit sandy shore relaxing relaxing ocean waves sand moonlight tide calm sleepy bedtime stories whispering waves relaxing ocean waves sand moonlight tide calm sleepy bedtime stories whispering waves relaxing listen closely gentle whisper evening breeze drifts moonlit sandy shore singing peaceful bedtime song one one little woodland animals curl warm burrows lined soft moss dry leaves mother deer nudges fawn close little owls tuck wings listen soft rhythmic hum crickets grass calm bright loving guard stars moonlit sandy shore safe warm sleep tight,93,1
ST-0509,The Cozy The Cozy Woodland Burrow,"Stars ignite like tiny silver nightlights across the velvet sky above Warm Mossy Tree Hollow, watching over everyone as they sleep.

The gentle ocean waves roll onto the shore in a slow, hypnotic rhythm—hushhh... hushhh... washing away all the day's excitement and leaving behind calm, cool sand beneath the watchful smile of the silver moon.

The night wraps the world in tranquil comfort, promising a bright and joyful tomorrow. Sweet dreams in Warm Mossy Tree Hollow.",Bedtime Stories,The Cozy Woodland Burrow,Warm Mossy Tree Hollow,Snug,"burrow, blanket, warmth, leaves, cozy, firefly, sleep, bedtime stories, the cozy woodland burrow, snug",cozy cozy woodland burrow cozy cozy woodland burrow bedtime stories bedtime stories bedtime stories cozy woodland burrow cozy woodland burrow warm mossy tree hollow warm mossy tree hollow snug snug burrow blanket warmth leaves cozy firefly sleep bedtime stories cozy woodland burrow snug burrow blanket warmth leaves cozy firefly sleep bedtime stories cozy woodland burrow snug stars ignite like tiny silver nightlights across velvet sky warm mossy tree hollow watching everyone sleep gentle ocean waves roll onto shore slow hypnotic rhythm hushhh hushhh washing away day excitement leaving behind calm cool sand beneath watchful smile silver moon night wraps world tranquil comfort promising bright joyful tomorrow sweet dreams warm mossy tree hollow,76,1
ST-0510,The Starlit The Secret Garden of Dreams,"A warm, cozy hush settles across Silver Moon Garden, wrapping every sleepy creature in a soft blanket of rest.

Drifting gently on a soft cloud made of spun cotton candy, the dream ship sails across the constellation river. Sparkling stardust sprinkles softly upon the earth, bringing peaceful thoughts and happy dreams to every sleeping child.

And as the soft silver moonlight whispers goodnight, peaceful slumber carries you away until morning light. Rest well.",Bedtime Stories,The Secret Garden of Dreams,Silver Moon Garden,Serene,"garden, silver flowers, nightingales, lullaby, dewdrops, peace, bedtime stories, the secret garden of dreams, serene",starlit secret garden dreams starlit secret garden dreams bedtime stories bedtime stories bedtime stories secret garden dreams secret garden dreams silver moon garden silver moon garden serene serene garden silver flowers nightingales lullaby dewdrops peace bedtime stories secret garden dreams serene garden silver flowers nightingales lullaby dewdrops peace bedtime stories secret garden dreams serene warm cozy hush settles across silver moon garden wrapping every sleepy creature soft blanket rest drifting gently soft cloud made spun cotton candy dream ship sails across constellation river sparkling stardust sprinkles softly upon earth bringing peaceful thoughts happy dreams every sleeping child soft silver moonlight whispers goodnight peaceful slumber carries away morning light rest well,73,1
ST-0511,The Gentle The Starlight Carousel,"As twilight softly descends upon Quiet Celestial Sky, the busy world slows down and prepares for sweet, peaceful slumber.

The silver nightingale sings its gentle melody from the high willow branch. The petals of the moonflowers slowly fold in peace, and the cool night air carries the scent of lavender through open bedroom windows.

Close your eyes, breathe in deep and slow, and drift off into the sweetest dreams in the peaceful wonderland of Quiet Celestial Sky. Goodnight.",Bedtime Stories,The Starlight Carousel,Quiet Celestial Sky,Enchanting,"starlight, carousel, constellations, gentle, dreamland, peaceful, bedtime stories, the starlight carousel, enchanting",gentle starlight carousel gentle starlight carousel bedtime stories bedtime stories bedtime stories starlight carousel starlight carousel quiet celestial sky quiet celestial sky enchanting enchanting starlight carousel constellations gentle dreamland peaceful bedtime stories starlight carousel enchanting starlight carousel constellations gentle dreamland peaceful bedtime stories starlight carousel enchanting twilight softly descends upon quiet celestial sky busy world slows prepares sweet peaceful slumber silver nightingale sings gentle melody high willow branch petals moonflowers slowly fold peace cool night air carries scent lavender open bedroom windows close eyes breathe deep slow drift sweetest dreams peaceful wonderland quiet celestial sky goodnight,78,1
ST-0512,Goodnight to The Goodnight Forest,"The silvery moon rises high above Velvet Pine Woods, casting a gentle, soothing glow over the quiet hills and valleys.

One by one, the little woodland animals curl up in their warm burrows lined with soft moss and dry leaves. The mother deer nudges her fawn close, while the little owls tuck their wings and listen to the soft, rhythmic hum of crickets in the grass.

All is calm, all is bright, and under the loving guard of the stars above Velvet Pine Woods, you are safe and warm. Sleep tight.",Bedtime Stories,The Goodnight Forest,Velvet Pine Woods,Tranquil,"pines, owl, crickets, twilight, goodnight, stars, slumber, bedtime stories, the goodnight forest, tranquil",goodnight goodnight forest goodnight goodnight forest bedtime stories bedtime stories bedtime stories goodnight forest goodnight forest velvet pine woods velvet pine woods tranquil tranquil pines owl crickets twilight goodnight stars slumber bedtime stories goodnight forest tranquil pines owl crickets twilight goodnight stars slumber bedtime stories goodnight forest tranquil silvery moon rises high velvet pine woods casting gentle soothing glow quiet hills valleys one one little woodland animals curl warm burrows lined soft moss dry leaves mother deer nudges fawn close little owls tuck wings listen soft rhythmic hum crickets grass calm bright loving guard stars velvet pine woods safe warm sleep tight,91,1
ST-0513,The Lullaby of The Moonlit Lullaby,"Listen closely to the gentle whisper of the evening breeze as it drifts through Quiet Starry Sky, singing a peaceful bedtime song.

The gentle ocean waves roll onto the shore in a slow, hypnotic rhythm—hushhh... hushhh... washing away all the day's excitement and leaving behind calm, cool sand beneath the watchful smile of the silver moon.

The night wraps the world in tranquil comfort, promising a bright and joyful tomorrow. Sweet dreams in Quiet Starry Sky.",Bedtime Stories,The Moonlit Lullaby,Quiet Starry Sky,Calm,"sleep, moon, lullaby, stars, soothing, peaceful, night, dreams, bedtime stories, the moonlit lullaby, calm",lullaby moonlit lullaby lullaby moonlit lullaby bedtime stories bedtime stories bedtime stories moonlit lullaby moonlit lullaby quiet starry sky quiet starry sky calm calm sleep moon lullaby stars soothing peaceful night dreams bedtime stories moonlit lullaby calm sleep moon lullaby stars soothing peaceful night dreams bedtime stories moonlit lullaby calm listen closely gentle whisper evening breeze drifts quiet starry sky singing peaceful bedtime song gentle ocean waves roll onto shore slow hypnotic rhythm hushhh hushhh washing away day excitement leaving behind calm cool sand beneath watchful smile silver moon night wraps world tranquil comfort promising bright joyful tomorrow sweet dreams quiet starry sky,76,1
ST-0514,The Sleepy The Slumbering Mountain,"Stars ignite like tiny silver nightlights across the velvet sky above Misty Blue Ridge, watching over everyone as they sleep.

Drifting gently on a soft cloud made of spun cotton candy, the dream ship sails across the constellation river. Sparkling stardust sprinkles softly upon the earth, bringing peaceful thoughts and happy dreams to every sleeping child.

And as the soft silver moonlight whispers goodnight, peaceful slumber carries you away until morning light. Rest well.",Bedtime Stories,The Slumbering Mountain,Misty Blue Ridge,Peaceful,"mountain, mist, forest, gentle, calm, blanket, slumber, bedtime stories, the slumbering mountain, peaceful",sleepy slumbering mountain sleepy slumbering mountain bedtime stories bedtime stories bedtime stories slumbering mountain slumbering mountain misty blue ridge misty blue ridge peaceful peaceful mountain mist forest gentle calm blanket slumber bedtime stories slumbering mountain peaceful mountain mist forest gentle calm blanket slumber bedtime stories slumbering mountain peaceful stars ignite like tiny silver nightlights across velvet sky misty blue ridge watching everyone sleep drifting gently soft cloud made spun cotton candy dream ship sails across constellation river sparkling stardust sprinkles softly upon earth bringing peaceful thoughts happy dreams every sleeping child soft silver moonlight whispers goodnight peaceful slumber carries away morning light rest well,74,1
ST-0515,A Dream in The Pillow Cloud Kingdom,"A warm, cozy hush settles across Dreamland Cloud Castles, wrapping every sleepy creature in a soft blanket of rest.

The silver nightingale sings its gentle melody from the high willow branch. The petals of the moonflowers slowly fold in peace, and the cool night air carries the scent of lavender through open bedroom windows.

Close your eyes, breathe in deep and slow, and drift off into the sweetest dreams in the peaceful wonderland of Dreamland Cloud Castles. Goodnight.",Bedtime Stories,The Pillow Cloud Kingdom,Dreamland Cloud Castles,Soothing,"clouds, pillow, dreams, soft, feather, gentle, night, bedtime stories, the pillow cloud kingdom, soothing",dream pillow cloud kingdom dream pillow cloud kingdom bedtime stories bedtime stories bedtime stories pillow cloud kingdom pillow cloud kingdom dreamland cloud castles dreamland cloud castles soothing soothing clouds pillow dreams soft feather gentle night bedtime stories pillow cloud kingdom soothing clouds pillow dreams soft feather gentle night bedtime stories pillow cloud kingdom soothing warm cozy hush settles across dreamland cloud castles wrapping every sleepy creature soft blanket rest silver nightingale sings gentle melody high willow branch petals moonflowers slowly fold peace cool night air carries scent lavender open bedroom windows close eyes breathe deep slow drift sweetest dreams peaceful wonderland dreamland cloud castles goodnight,78,1
ST-0516,The Moonlit The Whispering Waves,"As twilight softly descends upon Moonlit Sandy Shore, the busy world slows down and prepares for sweet, peaceful slumber.

One by one, the little woodland animals curl up in their warm burrows lined with soft moss and dry leaves. The mother deer nudges her fawn close, while the little owls tuck their wings and listen to the soft, rhythmic hum of crickets in the grass.

All is calm, all is bright, and under the loving guard of the stars above Moonlit Sandy Shore, you are safe and warm. Sleep tight.",Bedtime Stories,The Whispering Waves,Moonlit Sandy Shore,Relaxing,"ocean, waves, sand, moonlight, tide, calm, sleepy, bedtime stories, the whispering waves, relaxing",moonlit whispering waves moonlit whispering waves bedtime stories bedtime stories bedtime stories whispering waves whispering waves moonlit sandy shore moonlit sandy shore relaxing relaxing ocean waves sand moonlight tide calm sleepy bedtime stories whispering waves relaxing ocean waves sand moonlight tide calm sleepy bedtime stories whispering waves relaxing twilight softly descends upon moonlit sandy shore busy world slows prepares sweet peaceful slumber one one little woodland animals curl warm burrows lined soft moss dry leaves mother deer nudges fawn close little owls tuck wings listen soft rhythmic hum crickets grass calm bright loving guard stars moonlit sandy shore safe warm sleep tight,90,1
ST-0517,The Peaceful The Cozy Woodland Burrow,"The silvery moon rises high above Warm Mossy Tree Hollow, casting a gentle, soothing glow over the quiet hills and valleys.

The gentle ocean waves roll onto the shore in a slow, hypnotic rhythm—hushhh... hushhh... washing away all the day's excitement and leaving behind calm, cool sand beneath the watchful smile of the silver moon.

The night wraps the world in tranquil comfort, promising a bright and joyful tomorrow. Sweet dreams in Warm Mossy Tree Hollow.",Bedtime Stories,The Cozy Woodland Burrow,Warm Mossy Tree Hollow,Snug,"burrow, blanket, warmth, leaves, cozy, firefly, sleep, bedtime stories, the cozy woodland burrow, snug",peaceful cozy woodland burrow peaceful cozy woodland burrow bedtime stories bedtime stories bedtime stories cozy woodland burrow cozy woodland burrow warm mossy tree hollow warm mossy tree hollow snug snug burrow blanket warmth leaves cozy firefly sleep bedtime stories cozy woodland burrow snug burrow blanket warmth leaves cozy firefly sleep bedtime stories cozy woodland burrow snug silvery moon rises high warm mossy tree hollow casting gentle soothing glow quiet hills valleys gentle ocean waves roll onto shore slow hypnotic rhythm hushhh hushhh washing away day excitement leaving behind calm cool sand beneath watchful smile silver moon night wraps world tranquil comfort promising bright joyful tomorrow sweet dreams warm mossy tree hollow,76,1
ST-0518,The Night in The Secret Garden of Dreams,"Listen closely to the gentle whisper of the evening breeze as it drifts through Silver Moon Garden, singing a peaceful bedtime song.

Drifting gently on a soft cloud made of spun cotton candy, the dream ship sails across the constellation river. Sparkling stardust sprinkles softly upon the earth, bringing peaceful thoughts and happy dreams to every sleeping child.

And as the soft silver moonlight whispers goodnight, peaceful slumber carries you away until morning light. Rest well.",Bedtime Stories,The Secret Garden of Dreams,Silver Moon Garden,Serene,"garden, silver flowers, nightingales, lullaby, dewdrops, peace, bedtime stories, the secret garden of dreams, serene",night secret garden dreams night secret garden dreams bedtime stories bedtime stories bedtime stories secret garden dreams secret garden dreams silver moon garden silver moon garden serene serene garden silver flowers nightingales lullaby dewdrops peace bedtime stories secret garden dreams serene garden silver flowers nightingales lullaby dewdrops peace bedtime stories secret garden dreams serene listen closely gentle whisper evening breeze drifts silver moon garden singing peaceful bedtime song drifting gently soft cloud made spun cotton candy dream ship sails across constellation river sparkling stardust sprinkles softly upon earth bringing peaceful thoughts happy dreams every sleeping child soft silver moonlight whispers goodnight peaceful slumber carries away morning light rest well,76,1
ST-0519,The Cozy The Starlight Carousel,"Stars ignite like tiny silver nightlights across the velvet sky above Quiet Celestial Sky, watching over everyone as they sleep.

The silver nightingale sings its gentle melody from the high willow branch. The petals of the moonflowers slowly fold in peace, and the cool night air carries the scent of lavender through open bedroom windows.

Close your eyes, breathe in deep and slow, and drift off into the sweetest dreams in the peaceful wonderland of Quiet Celestial Sky. Goodnight.",Bedtime Stories,The Starlight Carousel,Quiet Celestial Sky,Enchanting,"starlight, carousel, constellations, gentle, dreamland, peaceful, bedtime stories, the starlight carousel, enchanting",cozy starlight carousel cozy starlight carousel bedtime stories bedtime stories bedtime stories starlight carousel starlight carousel quiet celestial sky quiet celestial sky enchanting enchanting starlight carousel constellations gentle dreamland peaceful bedtime stories starlight carousel enchanting starlight carousel constellations gentle dreamland peaceful bedtime stories starlight carousel enchanting stars ignite like tiny silver nightlights across velvet sky quiet celestial sky watching everyone sleep silver nightingale sings gentle melody high willow branch petals moonflowers slowly fold peace cool night air carries scent lavender open bedroom windows close eyes breathe deep slow drift sweetest dreams peaceful wonderland quiet celestial sky goodnight,79,1
ST-0520,The Starlit The Goodnight Forest,"A warm, cozy hush settles across Velvet Pine Woods, wrapping every sleepy creature in a soft blanket of rest.

One by one, the little woodland animals curl up in their warm burrows lined with soft moss and dry leaves. The mother deer nudges her fawn close, while the little owls tuck their wings and listen to the soft, rhythmic hum of crickets in the grass.

All is calm, all is bright, and under the loving guard of the stars above Velvet Pine Woods, you are safe and warm. Sleep tight.",Bedtime Stories,The Goodnight Forest,Velvet Pine Woods,Tranquil,"pines, owl, crickets, twilight, goodnight, stars, slumber, bedtime stories, the goodnight forest, tranquil",starlit goodnight forest starlit goodnight forest bedtime stories bedtime stories bedtime stories goodnight forest goodnight forest velvet pine woods velvet pine woods tranquil tranquil pines owl crickets twilight goodnight stars slumber bedtime stories goodnight forest tranquil pines owl crickets twilight goodnight stars slumber bedtime stories goodnight forest tranquil warm cozy hush settles across velvet pine woods wrapping every sleepy creature soft blanket rest one one little woodland animals curl warm burrows lined soft moss dry leaves mother deer nudges fawn close little owls tuck wings listen soft rhythmic hum crickets grass calm bright loving guard stars velvet pine woods safe warm sleep tight,90,1
