id,title,category,theme,setting,mood,keywords,story
ST-0001,The Whispers of Haunted Forest,Horror,Haunted Forest,Forest at Midnight,Scary,"ghost, woods, shadows, night, terror, creepy, whisper, fog, horror, haunted forest, scary","The autumn wind howled through the barren boughs of Forest at Midnight, carrying with it a chill that sank deep into bone.

A sudden plummet in temperature turned every breath into silver vapor. Soft, wet whispers echoed from empty corners, repeating forgotten names. The floorboards vibrated with heavy, deliberate footfalls descending from an empty staircase where no living soul could stand.

The clock in the bell tower struck four, and as dawn crept over the horizon, the apparitions dissolved back into the mist, leaving the grim truth forever locked within Forest at Midnight."
ST-0002,The Curse of Victorian Mansion,Horror,Victorian Mansion,Decaying Manor,Terrifying,"mansion, spectral, haunted house, attic, screams, curse, shiver, horror, victorian mansion, terrifying","Nobody ventured near Decaying Manor after twilight, for the old folk remembered the tragedy that had stained its soil decades ago.

From beneath the damp earth and broken masonry, an unearthly glow arose. Ancient runes carved into the threshold flared with spectral light as a towering shroud drifted forward, radiating centuries of unresolved grief and malice.

No one ever returned to investigate Decaying Manor again, and to this day, locals cross the road when walking past its shadowed gates."
ST-0003,Shadows Over Midnight Cemetery,Horror,Midnight Cemetery,Foggy Graveyard,Eerie,"tombstone, crypt, undead, fog, skeletons, cold, spirits, grave, horror, midnight cemetery, eerie","A suffocating blanket of midnight fog rolled across Foggy Graveyard, swallowing every familiar landmark in impenetrable gray.

The air grew thick with the scent of stagnant water and rotting flowers. An icy draft extinguished all torches at once, leaving only the sound of hurried, ragged breathing that did not belong to any human in the room.

With a desperate surge of adrenaline, the sole survivor scrambled through the shattered gateway, leaving behind every lantern and notebook, swearing never to look back at Foggy Graveyard."
ST-0004,The Phantom of Cursed Lighthouse,Horror,Cursed Lighthouse,Rocky Stormy Coast,Chilling,"lighthouse, beacon, drowned, ocean, shipwreck, phantom, storm, horror, cursed lighthouse, chilling","The iron gates of Rocky Stormy Coast stood half-open, groaning on rusted hinges as the midnight hour struck.

As the solitary lantern sputtered and died, rhythmic scratching sounded from the interior walls. Pale, translucent fingers emerged from the darkness, gripping the cold stone. Shadows detached themselves from the floor, circling silently with hollow, sorrowful eyes that seemed to demand answers.

When morning light finally broke through the gray clouds, the search party discovered only an abandoned brass lantern on the moss, surrounded by dozens of barefoot tracks that abruptly vanished into thin air."
ST-0005,The Haunting of Asylum Whispers,Horror,Asylum Whispers,Abandoned Sanitarium,Unsettling,"asylum, hollow, footsteps, echoes, darkness, madness, chilling, horror, asylum whispers, unsettling","Silence in Abandoned Sanitarium was never peaceful; it was the tense stillness of a predator waiting in the blackness.

A sudden plummet in temperature turned every breath into silver vapor. Soft, wet whispers echoed from empty corners, repeating forgotten names. The floorboards vibrated with heavy, deliberate footfalls descending from an empty staircase where no living soul could stand.

The clock in the bell tower struck four, and as dawn crept over the horizon, the apparitions dissolved back into the mist, leaving the grim truth forever locked within Abandoned Sanitarium."
ST-0006,Midnight in Ancient Crypt,Horror,Ancient Crypt,Catacombs Beneath the City,Claustrophobic,"catacombs, bones, tunnels, torches, sealed, mummy, horror, ancient crypt, claustrophobic","The autumn wind howled through the barren boughs of Catacombs Beneath the City, carrying with it a chill that sank deep into bone.

From beneath the damp earth and broken masonry, an unearthly glow arose. Ancient runes carved into the threshold flared with spectral light as a towering shroud drifted forward, radiating centuries of unresolved grief and malice.

No one ever returned to investigate Catacombs Beneath the City again, and to this day, locals cross the road when walking past its shadowed gates."
ST-0007,The Specter of The Mirror's Double,Horror,The Mirror's Double,Antique Dressing Room,Sinister,"reflection, mirror, doppelganger, glass, watcher, creepy, unnatural, horror, the mirror's double, sinister","Nobody ventured near Antique Dressing Room after twilight, for the old folk remembered the tragedy that had stained its soil decades ago.

The air grew thick with the scent of stagnant water and rotting flowers. An icy draft extinguished all torches at once, leaving only the sound of hurried, ragged breathing that did not belong to any human in the room.

With a desperate surge of adrenaline, the sole survivor scrambled through the shattered gateway, leaving behind every lantern and notebook, swearing never to look back at Antique Dressing Room."
ST-0008,The Secrets of The Forgotten Well,Horror,The Forgotten Well,Overgrown Village Square,Haunting,"well, depths, water, chains, echo, darkness, dread, horror, the forgotten well, haunting","A suffocating blanket of midnight fog rolled across Overgrown Village Square, swallowing every familiar landmark in impenetrable gray.

As the solitary lantern sputtered and died, rhythmic scratching sounded from the interior walls. Pale, translucent fingers emerged from the darkness, gripping the cold stone. Shadows detached themselves from the floor, circling silently with hollow, sorrowful eyes that seemed to demand answers.

When morning light finally broke through the gray clouds, the search party discovered only an abandoned brass lantern on the moss, surrounded by dozens of barefoot tracks that abruptly vanished into thin air."
ST-0009,The Eerie Tale of Haunted Forest,Horror,Haunted Forest,Forest at Midnight,Scary,"ghost, woods, shadows, night, terror, creepy, whisper, fog, horror, haunted forest, scary","The iron gates of Forest at Midnight stood half-open, groaning on rusted hinges as the midnight hour struck.

A sudden plummet in temperature turned every breath into silver vapor. Soft, wet whispers echoed from empty corners, repeating forgotten names. The floorboards vibrated with heavy, deliberate footfalls descending from an empty staircase where no living soul could stand.

The clock in the bell tower struck four, and as dawn crept over the horizon, the apparitions dissolved back into the mist, leaving the grim truth forever locked within Forest at Midnight."
ST-0010,The Dark Echoes of Victorian Mansion,Horror,Victorian Mansion,Decaying Manor,Terrifying,"mansion, spectral, haunted house, attic, screams, curse, shiver, horror, victorian mansion, terrifying","Silence in Decaying Manor was never peaceful; it was the tense stillness of a predator waiting in the blackness.

From beneath the damp earth and broken masonry, an unearthly glow arose. Ancient runes carved into the threshold flared with spectral light as a towering shroud drifted forward, radiating centuries of unresolved grief and malice.

No one ever returned to investigate Decaying Manor again, and to this day, locals cross the road when walking past its shadowed gates."
ST-0011,The Whispers of Midnight Cemetery,Horror,Midnight Cemetery,Foggy Graveyard,Eerie,"tombstone, crypt, undead, fog, skeletons, cold, spirits, grave, horror, midnight cemetery, eerie","The autumn wind howled through the barren boughs of Foggy Graveyard, carrying with it a chill that sank deep into bone.

The air grew thick with the scent of stagnant water and rotting flowers. An icy draft extinguished all torches at once, leaving only the sound of hurried, ragged breathing that did not belong to any human in the room.

With a desperate surge of adrenaline, the sole survivor scrambled through the shattered gateway, leaving behind every lantern and notebook, swearing never to look back at Foggy Graveyard."
ST-0012,The Curse of Cursed Lighthouse,Horror,Cursed Lighthouse,Rocky Stormy Coast,Chilling,"lighthouse, beacon, drowned, ocean, shipwreck, phantom, storm, horror, cursed lighthouse, chilling","Nobody ventured near Rocky Stormy Coast after twilight, for the old folk remembered the tragedy that had stained its soil decades ago.

As the solitary lantern sputtered and died, rhythmic scratching sounded from the interior walls. Pale, translucent fingers emerged from the darkness, gripping the cold stone. Shadows detached themselves from the floor, circling silently with hollow, sorrowful eyes that seemed to demand answers.

When morning light finally broke through the gray clouds, the search party discovered only an abandoned brass lantern on the moss, surrounded by dozens of barefoot tracks that abruptly vanished into thin air."
ST-0013,Shadows Over Asylum Whispers,Horror,Asylum Whispers,Abandoned Sanitarium,Unsettling,"asylum, hollow, footsteps, echoes, darkness, madness, chilling, horror, asylum whispers, unsettling","A suffocating blanket of midnight fog rolled across Abandoned Sanitarium, swallowing every familiar landmark in impenetrable gray.

A sudden plummet in temperature turned every breath into silver vapor. Soft, wet whispers echoed from empty corners, repeating forgotten names. The floorboards vibrated with heavy, deliberate footfalls descending from an empty staircase where no living soul could stand.

The clock in the bell tower struck four, and as dawn crept over the horizon, the apparitions dissolved back into the mist, leaving the grim truth forever locked within Abandoned Sanitarium."
ST-0014,The Phantom of Ancient Crypt,Horror,Ancient Crypt,Catacombs Beneath the City,Claustrophobic,"catacombs, bones, tunnels, torches, sealed, mummy, horror, ancient crypt, claustrophobic","The iron gates of Catacombs Beneath the City stood half-open, groaning on rusted hinges as the midnight hour struck.

From beneath the damp earth and broken masonry, an unearthly glow arose. Ancient runes carved into the threshold flared with spectral light as a towering shroud drifted forward, radiating centuries of unresolved grief and malice.

No one ever returned to investigate Catacombs Beneath the City again, and to this day, locals cross the road when walking past its shadowed gates."
ST-0015,The Haunting of The Mirror's Double,Horror,The Mirror's Double,Antique Dressing Room,Sinister,"reflection, mirror, doppelganger, glass, watcher, creepy, unnatural, horror, the mirror's double, sinister","Silence in Antique Dressing Room was never peaceful; it was the tense stillness of a predator waiting in the blackness.

The air grew thick with the scent of stagnant water and rotting flowers. An icy draft extinguished all torches at once, leaving only the sound of hurried, ragged breathing that did not belong to any human in the room.

With a desperate surge of adrenaline, the sole survivor scrambled through the shattered gateway, leaving behind every lantern and notebook, swearing never to look back at Antique Dressing Room."
ST-0016,Midnight in The Forgotten Well,Horror,The Forgotten Well,Overgrown Village Square,Haunting,"well, depths, water, chains, echo, darkness, dread, horror, the forgotten well, haunting","The autumn wind howled through the barren boughs of Overgrown Village Square, carrying with it a chill that sank deep into bone.

As the solitary lantern sputtered and died, rhythmic scratching sounded from the interior walls. Pale, translucent fingers emerged from the darkness, gripping the cold stone. Shadows detached themselves from the floor, circling silently with hollow, sorrowful eyes that seemed to demand answers.

When morning light finally broke through the gray clouds, the search party discovered only an abandoned brass lantern on the moss, surrounded by dozens of barefoot tracks that abruptly vanished into thin air."
ST-0017,The Specter of Haunted Forest,Horror,Haunted Forest,Forest at Midnight,Scary,"ghost, woods, shadows, night, terror, creepy, whisper, fog, horror, haunted forest, scary","Nobody ventured near Forest at Midnight after twilight, for the old folk remembered the tragedy that had stained its soil decades ago.

A sudden plummet in temperature turned every breath into silver vapor. Soft, wet whispers echoed from empty corners, repeating forgotten names. The floorboards vibrated with heavy, deliberate footfalls descending from an empty staircase where no living soul could stand.

The clock in the bell tower struck four, and as dawn crept over the horizon, the apparitions dissolved back into the mist, leaving the grim truth forever locked within Forest at Midnight."
ST-0018,The Secrets of Victorian Mansion,Horror,Victorian Mansion,Decaying Manor,Terrifying,"mansion, spectral, haunted house, attic, screams, curse, shiver, horror, victorian mansion, terrifying","A suffocating blanket of midnight fog rolled across Decaying Manor, swallowing every familiar landmark in impenetrable gray.

From beneath the damp earth and broken masonry, an unearthly glow arose. Ancient runes carved into the threshold flared with spectral light as a towering shroud drifted forward, radiating centuries of unresolved grief and malice.

No one ever returned to investigate Decaying Manor again, and to this day, locals cross the road when walking past its shadowed gates."
ST-0019,The Eerie Tale of Midnight Cemetery,Horror,Midnight Cemetery,Foggy Graveyard,Eerie,"tombstone, crypt, undead, fog, skeletons, cold, spirits, grave, horror, midnight cemetery, eerie","The iron gates of Foggy Graveyard stood half-open, groaning on rusted hinges as the midnight hour struck.

The air grew thick with the scent of stagnant water and rotting flowers. An icy draft extinguished all torches at once, leaving only the sound of hurried, ragged breathing that did not belong to any human in the room.

With a desperate surge of adrenaline, the sole survivor scrambled through the shattered gateway, leaving behind every lantern and notebook, swearing never to look back at Foggy Graveyard."
ST-0020,The Dark Echoes of Cursed Lighthouse,Horror,Cursed Lighthouse,Rocky Stormy Coast,Chilling,"lighthouse, beacon, drowned, ocean, shipwreck, phantom, storm, horror, cursed lighthouse, chilling","Silence in Rocky Stormy Coast was never peaceful; it was the tense stillness of a predator waiting in the blackness.

As the solitary lantern sputtered and died, rhythmic scratching sounded from the interior walls. Pale, translucent fingers emerged from the darkness, gripping the cold stone. Shadows detached themselves from the floor, circling silently with hollow, sorrowful eyes that seemed to demand answers.

When morning light finally broke through the gray clouds, the search party discovered only an abandoned brass lantern on the moss, surrounded by dozens of barefoot tracks that abruptly vanished into thin air."
ST-0021,The Whispers of Asylum Whispers,Horror,Asylum Whispers,Abandoned Sanitarium,Unsettling,"asylum, hollow, footsteps, echoes, darkness, madness, chilling, horror, asylum whispers, unsettling","The autumn wind howled through the barren boughs of Abandoned Sanitarium, carrying with it a chill that sank deep into bone.

A sudden plummet in temperature turned every breath into silver vapor. Soft, wet whispers echoed from empty corners, repeating forgotten names. The floorboards vibrated with heavy, deliberate footfalls descending from an empty staircase where no living soul could stand.

The clock in the bell tower struck four, and as dawn crept over the horizon, the apparitions dissolved back into the mist, leaving the grim truth forever locked within Abandoned Sanitarium."
ST-0022,The Curse of Ancient Crypt,Horror,Ancient Crypt,Catacombs Beneath the City,Claustrophobic,"catacombs, bones, tunnels, torches, sealed, mummy, horror, ancient crypt, claustrophobic","Nobody ventured near Catacombs Beneath the City after twilight, for the old folk remembered the tragedy that had stained its soil decades ago.

From beneath the damp earth and broken masonry, an unearthly glow arose. Ancient runes carved into the threshold flared with spectral light as a towering shroud drifted forward, radiating centuries of unresolved grief and malice.

No one ever returned to investigate Catacombs Beneath the City again, and to this day, locals cross the road when walking past its shadowed gates."
ST-0023,Shadows Over The Mirror's Double,Horror,The Mirror's Double,Antique Dressing Room,Sinister,"reflection, mirror, doppelganger, glass, watcher, creepy, unnatural, horror, the mirror's double, sinister","A suffocating blanket of midnight fog rolled across Antique Dressing Room, swallowing every familiar landmark in impenetrable gray.

The air grew thick with the scent of stagnant water and rotting flowers. An icy draft extinguished all torches at once, leaving only the sound of hurried, ragged breathing that did not belong to any human in the room.

With a desperate surge of adrenaline, the sole survivor scrambled through the shattered gateway, leaving behind every lantern and notebook, swearing never to look back at Antique Dressing Room."
ST-0024,The Phantom of The Forgotten Well,Horror,The Forgotten Well,Overgrown Village Square,Haunting,"well, depths, water, chains, echo, darkness, dread, horror, the forgotten well, haunting","The iron gates of Overgrown Village Square stood half-open, groaning on rusted hinges as the midnight hour struck.

As the solitary lantern sputtered and died, rhythmic scratching sounded from the interior walls. Pale, translucent fingers emerged from the darkness, gripping the cold stone. Shadows detached themselves from the floor, circling silently with hollow, sorrowful eyes that seemed to demand answers.

When morning light finally broke through the gray clouds, the search party discovered only an abandoned brass lantern on the moss, surrounded by dozens of barefoot tracks that abruptly vanished into thin air."
ST-0025,The Haunting of Haunted Forest,Horror,Haunted Forest,Forest at Midnight,Scary,"ghost, woods, shadows, night, terror, creepy, whisper, fog, horror, haunted forest, scary","Silence in Forest at Midnight was never peaceful; it was the tense stillness of a predator waiting in the blackness.

A sudden plummet in temperature turned every breath into silver vapor. Soft, wet whispers echoed from empty corners, repeating forgotten names. The floorboards vibrated with heavy, deliberate footfalls descending from an empty staircase where no living soul could stand.

The clock in the bell tower struck four, and as dawn crept over the horizon, the apparitions dissolved back into the mist, leaving the grim truth forever locked within Forest at Midnight."
ST-0026,Midnight in Victorian Mansion,Horror,Victorian Mansion,Decaying Manor,Terrifying,"mansion, spectral, haunted house, attic, screams, curse, shiver, horror, victorian mansion, terrifying","The autumn wind howled through the barren boughs of Decaying Manor, carrying with it a chill that sank deep into bone.

From beneath the damp earth and broken masonry, an unearthly glow arose. Ancient runes carved into the threshold flared with spectral light as a towering shroud drifted forward, radiating centuries of unresolved grief and malice.

No one ever returned to investigate Decaying Manor again, and to this day, locals cross the road when walking past its shadowed gates."
ST-0027,The Specter of Midnight Cemetery,Horror,Midnight Cemetery,Foggy Graveyard,Eerie,"tombstone, crypt, undead, fog, skeletons, cold, spirits, grave, horror, midnight cemetery, eerie","Nobody ventured near Foggy Graveyard after twilight, for the old folk remembered the tragedy that had stained its soil decades ago.

The air grew thick with the scent of stagnant water and rotting flowers. An icy draft extinguished all torches at once, leaving only the sound of hurried, ragged breathing that did not belong to any human in the room.

With a desperate surge of adrenaline, the sole survivor scrambled through the shattered gateway, leaving behind every lantern and notebook, swearing never to look back at Foggy Graveyard."
ST-0028,The Secrets of Cursed Lighthouse,Horror,Cursed Lighthouse,Rocky Stormy Coast,Chilling,"lighthouse, beacon, drowned, ocean, shipwreck, phantom, storm, horror, cursed lighthouse, chilling","A suffocating blanket of midnight fog rolled across Rocky Stormy Coast, swallowing every familiar landmark in impenetrable gray.

As the solitary lantern sputtered and died, rhythmic scratching sounded from the interior walls. Pale, translucent fingers emerged from the darkness, gripping the cold stone. Shadows detached themselves from the floor, circling silently with hollow, sorrowful eyes that seemed to demand answers.

When morning light finally broke through the gray clouds, the search party discovered only an abandoned brass lantern on the moss, surrounded by dozens of barefoot tracks that abruptly vanished into thin air."
ST-0029,The Eerie Tale of Asylum Whispers,Horror,Asylum Whispers,Abandoned Sanitarium,Unsettling,"asylum, hollow, footsteps, echoes, darkness, madness, chilling, horror, asylum whispers, unsettling","The iron gates of Abandoned Sanitarium stood half-open, groaning on rusted hinges as the midnight hour struck.

A sudden plummet in temperature turned every breath into silver vapor. Soft, wet whispers echoed from empty corners, repeating forgotten names. The floorboards vibrated with heavy, deliberate footfalls descending from an empty staircase where no living soul could stand.

The clock in the bell tower struck four, and as dawn crept over the horizon, the apparitions dissolved back into the mist, leaving the grim truth forever locked within Abandoned Sanitarium."
ST-0030,The Dark Echoes of Ancient Crypt,Horror,Ancient Crypt,Catacombs Beneath the City,Claustrophobic,"catacombs, bones, tunnels, torches, sealed, mummy, horror, ancient crypt, claustrophobic","Silence in Catacombs Beneath the City was never peaceful; it was the tense stillness of a predator waiting in the blackness.

From beneath the damp earth and broken masonry, an unearthly glow arose. Ancient runes carved into the threshold flared with spectral light as a towering shroud drifted forward, radiating centuries of unresolved grief and malice.

No one ever returned to investigate Catacombs Beneath the City again, and to this day, locals cross the road when walking past its shadowed gates."
ST-0031,The Whispers of The Mirror's Double,Horror,The Mirror's Double,Antique Dressing Room,Sinister,"reflection, mirror, doppelganger, glass, watcher, creepy, unnatural, horror, the mirror's double, sinister","The autumn wind howled through the barren boughs of Antique Dressing Room, carrying with it a chill that sank deep into bone.

The air grew thick with the scent of stagnant water and rotting flowers. An icy draft extinguished all torches at once, leaving only the sound of hurried, ragged breathing that did not belong to any human in the room.

With a desperate surge of adrenaline, the sole survivor scrambled through the shattered gateway, leaving behind every lantern and notebook, swearing never to look back at Antique Dressing Room."
ST-0032,The Curse of The Forgotten Well,Horror,The Forgotten Well,Overgrown Village Square,Haunting,"well, depths, water, chains, echo, darkness, dread, horror, the forgotten well, haunting","Nobody ventured near Overgrown Village Square after twilight, for the old folk remembered the tragedy that had stained its soil decades ago.

As the solitary lantern sputtered and died, rhythmic scratching sounded from the interior walls. Pale, translucent fingers emerged from the darkness, gripping the cold stone. Shadows detached themselves from the floor, circling silently with hollow, sorrowful eyes that seemed to demand answers.

When morning light finally broke through the gray clouds, the search party discovered only an abandoned brass lantern on the moss, surrounded by dozens of barefoot tracks that abruptly vanished into thin air."
ST-0033,Shadows Over Haunted Forest,Horror,Haunted Forest,Forest at Midnight,Scary,"ghost, woods, shadows, night, terror, creepy, whisper, fog, horror, haunted forest, scary","A suffocating blanket of midnight fog rolled across Forest at Midnight, swallowing every familiar landmark in impenetrable gray.

A sudden plummet in temperature turned every breath into silver vapor. Soft, wet whispers echoed from empty corners, repeating forgotten names. The floorboards vibrated with heavy, deliberate footfalls descending from an empty staircase where no living soul could stand.

The clock in the bell tower struck four, and as dawn crept over the horizon, the apparitions dissolved back into the mist, leaving the grim truth forever locked within Forest at Midnight."
ST-0034,The Phantom of Victorian Mansion,Horror,Victorian Mansion,Decaying Manor,Terrifying,"mansion, spectral, haunted house, attic, screams, curse, shiver, horror, victorian mansion, terrifying","The iron gates of Decaying Manor stood half-open, groaning on rusted hinges as the midnight hour struck.

From beneath the damp earth and broken masonry, an unearthly glow arose. Ancient runes carved into the threshold flared with spectral light as a towering shroud drifted forward, radiating centuries of unresolved grief and malice.

No one ever returned to investigate Decaying Manor again, and to this day, locals cross the road when walking past its shadowed gates."
ST-0035,The Haunting of Midnight Cemetery,Horror,Midnight Cemetery,Foggy Graveyard,Eerie,"tombstone, crypt, undead, fog, skeletons, cold, spirits, grave, horror, midnight cemetery, eerie","Silence in Foggy Graveyard was never peaceful; it was the tense stillness of a predator waiting in the blackness.

The air grew thick with the scent of stagnant water and rotting flowers. An icy draft extinguished all torches at once, leaving only the sound of hurried, ragged breathing that did not belong to any human in the room.

With a desperate surge of adrenaline, the sole survivor scrambled through the shattered gateway, leaving behind every lantern and notebook, swearing never to look back at Foggy Graveyard."
ST-0036,Midnight in Cursed Lighthouse,Horror,Cursed Lighthouse,Rocky Stormy Coast,Chilling,"lighthouse, beacon, drowned, ocean, shipwreck, phantom, storm, horror, cursed lighthouse, chilling","The autumn wind howled through the barren boughs of Rocky Stormy Coast, carrying with it a chill that sank deep into bone.

As the solitary lantern sputtered and died, rhythmic scratching sounded from the interior walls. Pale, translucent fingers emerged from the darkness, gripping the cold stone. Shadows detached themselves from the floor, circling silently with hollow, sorrowful eyes that seemed to demand answers.

When morning light finally broke through the gray clouds, the search party discovered only an abandoned brass lantern on the moss, surrounded by dozens of barefoot tracks that abruptly vanished into thin air."
ST-0037,The Specter of Asylum Whispers,Horror,Asylum Whispers,Abandoned Sanitarium,Unsettling,"asylum, hollow, footsteps, echoes, darkness, madness, chilling, horror, asylum whispers, unsettling","Nobody ventured near Abandoned Sanitarium after twilight, for the old folk remembered the tragedy that had stained its soil decades ago.

A sudden plummet in temperature turned every breath into silver vapor. Soft, wet whispers echoed from empty corners, repeating forgotten names. The floorboards vibrated with heavy, deliberate footfalls descending from an empty staircase where no living soul could stand.

The clock in the bell tower struck four, and as dawn crept over the horizon, the apparitions dissolved back into the mist, leaving the grim truth forever locked within Abandoned Sanitarium."
ST-0038,The Secrets of Ancient Crypt,Horror,Ancient Crypt,Catacombs Beneath the City,Claustrophobic,"catacombs, bones, tunnels, torches, sealed, mummy, horror, ancient crypt, claustrophobic","A suffocating blanket of midnight fog rolled across Catacombs Beneath the City, swallowing every familiar landmark in impenetrable gray.

From beneath the damp earth and broken masonry, an unearthly glow arose. Ancient runes carved into the threshold flared with spectral light as a towering shroud drifted forward, radiating centuries of unresolved grief and malice.

No one ever returned to investigate Catacombs Beneath the City again, and to this day, locals cross the road when walking past its shadowed gates."
ST-0039,The Eerie Tale of The Mirror's Double,Horror,The Mirror's Double,Antique Dressing Room,Sinister,"reflection, mirror, doppelganger, glass, watcher, creepy, unnatural, horror, the mirror's double, sinister","The iron gates of Antique Dressing Room stood half-open, groaning on rusted hinges as the midnight hour struck.

The air grew thick with the scent of stagnant water and rotting flowers. An icy draft extinguished all torches at once, leaving only the sound of hurried, ragged breathing that did not belong to any human in the room.

With a desperate surge of adrenaline, the sole survivor scrambled through the shattered gateway, leaving behind every lantern and notebook, swearing never to look back at Antique Dressing Room."
ST-0040,The Dark Echoes of The Forgotten Well,Horror,The Forgotten Well,Overgrown Village Square,Haunting,"well, depths, water, chains, echo, darkness, dread, horror, the forgotten well, haunting","Silence in Overgrown Village Square was never peaceful; it was the tense stillness of a predator waiting in the blackness.

As the solitary lantern sputtered and died, rhythmic scratching sounded from the interior walls. Pale, translucent fingers emerged from the darkness, gripping the cold stone. Shadows detached themselves from the floor, circling silently with hollow, sorrowful eyes that seemed to demand answers.

When morning light finally broke through the gray clouds, the search party discovered only an abandoned brass lantern on the moss, surrounded by dozens of barefoot tracks that abruptly vanished into thin air."
ST-0041,The Case of the Stolen Diamond,Mystery,Stolen Diamond,Gilded London Museum,Intriguing,"detective, clues, investigation, jewel, heist, alibi, vault, mystery, stolen diamond, intriguing","Inspector Sterling adjusted his spectacles and knelt over the polished floor of Gilded London Museum, where every detail told a conflicting story.

Upon cross-referencing the guest registry against the train timetable, the investigator uncovered a glaring discrepancy: two distinct alibis relied on a pocket watch that had been deliberately advanced by half an hour.

As the handcuffs clicked shut, the culprit offered a wry, grudging smile, acknowledging that a single forgotten drop of blue ink had undone their flawless scheme at Gilded London Museum."
ST-0042,The Enigma of Cipher in the Manuscript,Mystery,Cipher in the Manuscript,Old University Library,Enigmatic,"cipher, puzzle, parchment, scholar, code, secret, archive, mystery, cipher in the manuscript, enigmatic","The heavy mahogany doors of Old University Library had been locked from the inside, yet the velvet pedestal at the center stood completely bare.

Tapping the walnut paneling behind the bookshelf revealed a hollow resonance. A hidden spring clicked open, unveiling a leather-bound journal filled with encoded nautical coordinates and duplicate wax seal impressions.

Justice was served quietly as dawn broke, the ledger returned to its vault, and the enigma of Old University Library officially marked solved."
ST-0043,The Secret of Midnight Express Murder,Mystery,Midnight Express Murder,Trans-Continental Train,Suspenseful,"train, compartment, suspects, conductor, mystery, snowbound, midnight express murder, suspenseful","A discreet telegram summoned the renowned detective to Trans-Continental Train on a stormy Tuesday morning when London was blanketed in yellow fog.

The suspect claimed to have been inspecting the conservatory during the blackout, yet the damp soles of their leather boots were caked with red clay found exclusively beneath the cellar window.

With calm precision, the detective laid out the incontrovertible chain of evidence before the assembled suspects, revealing the true mastermind before the local constabulary arrived."
ST-0044,The Mystery of Forged Masterpiece,Mystery,Forged Masterpiece,Paris Art Gallery,Clever,"forgery, painting, canvas, magnifying glass, signature, museum, mystery, forged masterpiece, clever","Among all the puzzles cataloged in the annals of Scotland Yard, the incident at Paris Art Gallery presented the most baffling contradictions.

Examining the perimeter with a silver pocket loupe, Sterling noticed a microscopic streak of blue pigment near the floor molding. A faint scent of bitter almonds lingered near the fireplace, and the clock on the mantelpiece had stopped precisely seven minutes before the alarm sounded.

The missing treasure was retrieved from its ingenious hiding spot inside the grandfather clock pendulum, closing one of the most celebrated cases in modern investigative history."
ST-0045,The Missing Missing Diplomat,Mystery,Missing Diplomat,Foggy Thames Wharf,Tense,"docks, wharf, briefcase, fog, informant, conspiracy, detective, mystery, missing diplomat, tense","The storm had severed all telegraph lines connected to Foggy Thames Wharf, leaving seven nervous guests locked together with a master thief.

Upon cross-referencing the guest registry against the train timetable, the investigator uncovered a glaring discrepancy: two distinct alibis relied on a pocket watch that had been deliberately advanced by half an hour.

As the handcuffs clicked shut, the culprit offered a wry, grudging smile, acknowledging that a single forgotten drop of blue ink had undone their flawless scheme at Foggy Thames Wharf."
ST-0046,The Cipher of The Locked Study,Mystery,The Locked Study,Country Manor Estate,Perplexing,"locked room, keyhole, will, inheritance, footprints, clockwork, mystery, the locked study, perplexing","Inspector Sterling adjusted his spectacles and knelt over the polished floor of Country Manor Estate, where every detail told a conflicting story.

Tapping the walnut paneling behind the bookshelf revealed a hollow resonance. A hidden spring clicked open, unveiling a leather-bound journal filled with encoded nautical coordinates and duplicate wax seal impressions.

Justice was served quietly as dawn broke, the ledger returned to its vault, and the enigma of Country Manor Estate officially marked solved."
ST-0047,The Investigation at The Clockmaker's Will,Mystery,The Clockmaker's Will,Swiss Clock Workshop,Curious,"gears, pendulum, secret drawer, inheritance, cogs, riddle, mystery, the clockmaker's will, curious","The heavy mahogany doors of Swiss Clock Workshop had been locked from the inside, yet the velvet pedestal at the center stood completely bare.

The suspect claimed to have been inspecting the conservatory during the blackout, yet the damp soles of their leather boots were caked with red clay found exclusively beneath the cellar window.

With calm precision, the detective laid out the incontrovertible chain of evidence before the assembled suspects, revealing the true mastermind before the local constabulary arrived."
ST-0048,The Clue of the Disappearance at Blackwood Hall,Mystery,Disappearance at Blackwood Hall,Windswept Moors,Atmospheric,"moors, manor, guest list, alibi, rainstorm, investigator, mystery, disappearance at blackwood hall, atmospheric","A discreet telegram summoned the renowned detective to Windswept Moors on a stormy Tuesday morning when London was blanketed in yellow fog.

Examining the perimeter with a silver pocket loupe, Sterling noticed a microscopic streak of blue pigment near the floor molding. A faint scent of bitter almonds lingered near the fireplace, and the clock on the mantelpiece had stopped precisely seven minutes before the alarm sounded.

The missing treasure was retrieved from its ingenious hiding spot inside the grandfather clock pendulum, closing one of the most celebrated cases in modern investigative history."
ST-0049,The Disappearance at Stolen Diamond,Mystery,Stolen Diamond,Gilded London Museum,Intriguing,"detective, clues, investigation, jewel, heist, alibi, vault, mystery, stolen diamond, intriguing","Among all the puzzles cataloged in the annals of Scotland Yard, the incident at Gilded London Museum presented the most baffling contradictions.

Upon cross-referencing the guest registry against the train timetable, the investigator uncovered a glaring discrepancy: two distinct alibis relied on a pocket watch that had been deliberately advanced by half an hour.

As the handcuffs clicked shut, the culprit offered a wry, grudging smile, acknowledging that a single forgotten drop of blue ink had undone their flawless scheme at Gilded London Museum."
ST-0050,The Heist at Cipher in the Manuscript,Mystery,Cipher in the Manuscript,Old University Library,Enigmatic,"cipher, puzzle, parchment, scholar, code, secret, archive, mystery, cipher in the manuscript, enigmatic","The storm had severed all telegraph lines connected to Old University Library, leaving seven nervous guests locked together with a master thief.

Tapping the walnut paneling behind the bookshelf revealed a hollow resonance. A hidden spring clicked open, unveiling a leather-bound journal filled with encoded nautical coordinates and duplicate wax seal impressions.

Justice was served quietly as dawn broke, the ledger returned to its vault, and the enigma of Old University Library officially marked solved."
ST-0051,The Case of the Midnight Express Murder,Mystery,Midnight Express Murder,Trans-Continental Train,Suspenseful,"train, compartment, suspects, conductor, mystery, snowbound, midnight express murder, suspenseful","Inspector Sterling adjusted his spectacles and knelt over the polished floor of Trans-Continental Train, where every detail told a conflicting story.

The suspect claimed to have been inspecting the conservatory during the blackout, yet the damp soles of their leather boots were caked with red clay found exclusively beneath the cellar window.

With calm precision, the detective laid out the incontrovertible chain of evidence before the assembled suspects, revealing the true mastermind before the local constabulary arrived."
ST-0052,The Enigma of Forged Masterpiece,Mystery,Forged Masterpiece,Paris Art Gallery,Clever,"forgery, painting, canvas, magnifying glass, signature, museum, mystery, forged masterpiece, clever","The heavy mahogany doors of Paris Art Gallery had been locked from the inside, yet the velvet pedestal at the center stood completely bare.

Examining the perimeter with a silver pocket loupe, Sterling noticed a microscopic streak of blue pigment near the floor molding. A faint scent of bitter almonds lingered near the fireplace, and the clock on the mantelpiece had stopped precisely seven minutes before the alarm sounded.

The missing treasure was retrieved from its ingenious hiding spot inside the grandfather clock pendulum, closing one of the most celebrated cases in modern investigative history."
ST-0053,The Secret of Missing Diplomat,Mystery,Missing Diplomat,Foggy Thames Wharf,Tense,"docks, wharf, briefcase, fog, informant, conspiracy, detective, mystery, missing diplomat, tense","A discreet telegram summoned the renowned detective to Foggy Thames Wharf on a stormy Tuesday morning when London was blanketed in yellow fog.

Upon cross-referencing the guest registry against the train timetable, the investigator uncovered a glaring discrepancy: two distinct alibis relied on a pocket watch that had been deliberately advanced by half an hour.

As the handcuffs clicked shut, the culprit offered a wry, grudging smile, acknowledging that a single forgotten drop of blue ink had undone their flawless scheme at Foggy Thames Wharf."
ST-0054,The Mystery of The Locked Study,Mystery,The Locked Study,Country Manor Estate,Perplexing,"locked room, keyhole, will, inheritance, footprints, clockwork, mystery, the locked study, perplexing","Among all the puzzles cataloged in the annals of Scotland Yard, the incident at Country Manor Estate presented the most baffling contradictions.

Tapping the walnut paneling behind the bookshelf revealed a hollow resonance. A hidden spring clicked open, unveiling a leather-bound journal filled with encoded nautical coordinates and duplicate wax seal impressions.

Justice was served quietly as dawn broke, the ledger returned to its vault, and the enigma of Country Manor Estate officially marked solved."
ST-0055,The Missing The Clockmaker's Will,Mystery,The Clockmaker's Will,Swiss Clock Workshop,Curious,"gears, pendulum, secret drawer, inheritance, cogs, riddle, mystery, the clockmaker's will, curious","The storm had severed all telegraph lines connected to Swiss Clock Workshop, leaving seven nervous guests locked together with a master thief.

The suspect claimed to have been inspecting the conservatory during the blackout, yet the damp soles of their leather boots were caked with red clay found exclusively beneath the cellar window.

With calm precision, the detective laid out the incontrovertible chain of evidence before the assembled suspects, revealing the true mastermind before the local constabulary arrived."
ST-0056,The Cipher of Disappearance at Blackwood Hall,Mystery,Disappearance at Blackwood Hall,Windswept Moors,Atmospheric,"moors, manor, guest list, alibi, rainstorm, investigator, mystery, disappearance at blackwood hall, atmospheric","Inspector Sterling adjusted his spectacles and knelt over the polished floor of Windswept Moors, where every detail told a conflicting story.

Examining the perimeter with a silver pocket loupe, Sterling noticed a microscopic streak of blue pigment near the floor molding. A faint scent of bitter almonds lingered near the fireplace, and the clock on the mantelpiece had stopped precisely seven minutes before the alarm sounded.

The missing treasure was retrieved from its ingenious hiding spot inside the grandfather clock pendulum, closing one of the most celebrated cases in modern investigative history."
ST-0057,The Investigation at Stolen Diamond,Mystery,Stolen Diamond,Gilded London Museum,Intriguing,"detective, clues, investigation, jewel, heist, alibi, vault, mystery, stolen diamond, intriguing","The heavy mahogany doors of Gilded London Museum had been locked from the inside, yet the velvet pedestal at the center stood completely bare.

Upon cross-referencing the guest registry against the train timetable, the investigator uncovered a glaring discrepancy: two distinct alibis relied on a pocket watch that had been deliberately advanced by half an hour.

As the handcuffs clicked shut, the culprit offered a wry, grudging smile, acknowledging that a single forgotten drop of blue ink had undone their flawless scheme at Gilded London Museum."
ST-0058,The Clue of the Cipher in the Manuscript,Mystery,Cipher in the Manuscript,Old University Library,Enigmatic,"cipher, puzzle, parchment, scholar, code, secret, archive, mystery, cipher in the manuscript, enigmatic","A discreet telegram summoned the renowned detective to Old University Library on a stormy Tuesday morning when London was blanketed in yellow fog.

Tapping the walnut paneling behind the bookshelf revealed a hollow resonance. A hidden spring clicked open, unveiling a leather-bound journal filled with encoded nautical coordinates and duplicate wax seal impressions.

Justice was served quietly as dawn broke, the ledger returned to its vault, and the enigma of Old University Library officially marked solved."
ST-0059,The Disappearance at Midnight Express Murder,Mystery,Midnight Express Murder,Trans-Continental Train,Suspenseful,"train, compartment, suspects, conductor, mystery, snowbound, midnight express murder, suspenseful","Among all the puzzles cataloged in the annals of Scotland Yard, the incident at Trans-Continental Train presented the most baffling contradictions.

The suspect claimed to have been inspecting the conservatory during the blackout, yet the damp soles of their leather boots were caked with red clay found exclusively beneath the cellar window.

With calm precision, the detective laid out the incontrovertible chain of evidence before the assembled suspects, revealing the true mastermind before the local constabulary arrived."
ST-0060,The Heist at Forged Masterpiece,Mystery,Forged Masterpiece,Paris Art Gallery,Clever,"forgery, painting, canvas, magnifying glass, signature, museum, mystery, forged masterpiece, clever","The storm had severed all telegraph lines connected to Paris Art Gallery, leaving seven nervous guests locked together with a master thief.

Examining the perimeter with a silver pocket loupe, Sterling noticed a microscopic streak of blue pigment near the floor molding. A faint scent of bitter almonds lingered near the fireplace, and the clock on the mantelpiece had stopped precisely seven minutes before the alarm sounded.

The missing treasure was retrieved from its ingenious hiding spot inside the grandfather clock pendulum, closing one of the most celebrated cases in modern investigative history."
ST-0061,The Case of the Missing Diplomat,Mystery,Missing Diplomat,Foggy Thames Wharf,Tense,"docks, wharf, briefcase, fog, informant, conspiracy, detective, mystery, missing diplomat, tense","Inspector Sterling adjusted his spectacles and knelt over the polished floor of Foggy Thames Wharf, where every detail told a conflicting story.

Upon cross-referencing the guest registry against the train timetable, the investigator uncovered a glaring discrepancy: two distinct alibis relied on a pocket watch that had been deliberately advanced by half an hour.

As the handcuffs clicked shut, the culprit offered a wry, grudging smile, acknowledging that a single forgotten drop of blue ink had undone their flawless scheme at Foggy Thames Wharf."
ST-0062,The Enigma of The Locked Study,Mystery,The Locked Study,Country Manor Estate,Perplexing,"locked room, keyhole, will, inheritance, footprints, clockwork, mystery, the locked study, perplexing","The heavy mahogany doors of Country Manor Estate had been locked from the inside, yet the velvet pedestal at the center stood completely bare.

Tapping the walnut paneling behind the bookshelf revealed a hollow resonance. A hidden spring clicked open, unveiling a leather-bound journal filled with encoded nautical coordinates and duplicate wax seal impressions.

Justice was served quietly as dawn broke, the ledger returned to its vault, and the enigma of Country Manor Estate officially marked solved."
ST-0063,The Secret of The Clockmaker's Will,Mystery,The Clockmaker's Will,Swiss Clock Workshop,Curious,"gears, pendulum, secret drawer, inheritance, cogs, riddle, mystery, the clockmaker's will, curious","A discreet telegram summoned the renowned detective to Swiss Clock Workshop on a stormy Tuesday morning when London was blanketed in yellow fog.

The suspect claimed to have been inspecting the conservatory during the blackout, yet the damp soles of their leather boots were caked with red clay found exclusively beneath the cellar window.

With calm precision, the detective laid out the incontrovertible chain of evidence before the assembled suspects, revealing the true mastermind before the local constabulary arrived."
ST-0064,The Mystery of Disappearance at Blackwood Hall,Mystery,Disappearance at Blackwood Hall,Windswept Moors,Atmospheric,"moors, manor, guest list, alibi, rainstorm, investigator, mystery, disappearance at blackwood hall, atmospheric","Among all the puzzles cataloged in the annals of Scotland Yard, the incident at Windswept Moors presented the most baffling contradictions.

Examining the perimeter with a silver pocket loupe, Sterling noticed a microscopic streak of blue pigment near the floor molding. A faint scent of bitter almonds lingered near the fireplace, and the clock on the mantelpiece had stopped precisely seven minutes before the alarm sounded.

The missing treasure was retrieved from its ingenious hiding spot inside the grandfather clock pendulum, closing one of the most celebrated cases in modern investigative history."
ST-0065,The Missing Stolen Diamond,Mystery,Stolen Diamond,Gilded London Museum,Intriguing,"detective, clues, investigation, jewel, heist, alibi, vault, mystery, stolen diamond, intriguing","The storm had severed all telegraph lines connected to Gilded London Museum, leaving seven nervous guests locked together with a master thief.

Upon cross-referencing the guest registry against the train timetable, the investigator uncovered a glaring discrepancy: two distinct alibis relied on a pocket watch that had been deliberately advanced by half an hour.

As the handcuffs clicked shut, the culprit offered a wry, grudging smile, acknowledging that a single forgotten drop of blue ink had undone their flawless scheme at Gilded London Museum."
ST-0066,The Cipher of Cipher in the Manuscript,Mystery,Cipher in the Manuscript,Old University Library,Enigmatic,"cipher, puzzle, parchment, scholar, code, secret, archive, mystery, cipher in the manuscript, enigmatic","Inspector Sterling adjusted his spectacles and knelt over the polished floor of Old University Library, where every detail told a conflicting story.

Tapping the walnut paneling behind the bookshelf revealed a hollow resonance. A hidden spring clicked open, unveiling a leather-bound journal filled with encoded nautical coordinates and duplicate wax seal impressions.

Justice was served quietly as dawn broke, the ledger returned to its vault, and the enigma of Old University Library officially marked solved."
ST-0067,The Investigation at Midnight Express Murder,Mystery,Midnight Express Murder,Trans-Continental Train,Suspenseful,"train, compartment, suspects, conductor, mystery, snowbound, midnight express murder, suspenseful","The heavy mahogany doors of Trans-Continental Train had been locked from the inside, yet the velvet pedestal at the center stood completely bare.

The suspect claimed to have been inspecting the conservatory during the blackout, yet the damp soles of their leather boots were caked with red clay found exclusively beneath the cellar window.

With calm precision, the detective laid out the incontrovertible chain of evidence before the assembled suspects, revealing the true mastermind before the local constabulary arrived."
ST-0068,The Clue of the Forged Masterpiece,Mystery,Forged Masterpiece,Paris Art Gallery,Clever,"forgery, painting, canvas, magnifying glass, signature, museum, mystery, forged masterpiece, clever","A discreet telegram summoned the renowned detective to Paris Art Gallery on a stormy Tuesday morning when London was blanketed in yellow fog.

Examining the perimeter with a silver pocket loupe, Sterling noticed a microscopic streak of blue pigment near the floor molding. A faint scent of bitter almonds lingered near the fireplace, and the clock on the mantelpiece had stopped precisely seven minutes before the alarm sounded.

The missing treasure was retrieved from its ingenious hiding spot inside the grandfather clock pendulum, closing one of the most celebrated cases in modern investigative history."
ST-0069,The Disappearance at Missing Diplomat,Mystery,Missing Diplomat,Foggy Thames Wharf,Tense,"docks, wharf, briefcase, fog, informant, conspiracy, detective, mystery, missing diplomat, tense","Among all the puzzles cataloged in the annals of Scotland Yard, the incident at Foggy Thames Wharf presented the most baffling contradictions.

Upon cross-referencing the guest registry against the train timetable, the investigator uncovered a glaring discrepancy: two distinct alibis relied on a pocket watch that had been deliberately advanced by half an hour.

As the handcuffs clicked shut, the culprit offered a wry, grudging smile, acknowledging that a single forgotten drop of blue ink had undone their flawless scheme at Foggy Thames Wharf."
ST-0070,The Heist at The Locked Study,Mystery,The Locked Study,Country Manor Estate,Perplexing,"locked room, keyhole, will, inheritance, footprints, clockwork, mystery, the locked study, perplexing","The storm had severed all telegraph lines connected to Country Manor Estate, leaving seven nervous guests locked together with a master thief.

Tapping the walnut paneling behind the bookshelf revealed a hollow resonance. A hidden spring clicked open, unveiling a leather-bound journal filled with encoded nautical coordinates and duplicate wax seal impressions.

Justice was served quietly as dawn broke, the ledger returned to its vault, and the enigma of Country Manor Estate officially marked solved."
ST-0071,The Case of the The Clockmaker's Will,Mystery,The Clockmaker's Will,Swiss Clock Workshop,Curious,"gears, pendulum, secret drawer, inheritance, cogs, riddle, mystery, the clockmaker's will, curious","Inspector Sterling adjusted his spectacles and knelt over the polished floor of Swiss Clock Workshop, where every detail told a conflicting story.

The suspect claimed to have been inspecting the conservatory during the blackout, yet the damp soles of their leather boots were caked with red clay found exclusively beneath the cellar window.

With calm precision, the detective laid out the incontrovertible chain of evidence before the assembled suspects, revealing the true mastermind before the local constabulary arrived."
ST-0072,The Enigma of Disappearance at Blackwood Hall,Mystery,Disappearance at Blackwood Hall,Windswept Moors,Atmospheric,"moors, manor, guest list, alibi, rainstorm, investigator, mystery, disappearance at blackwood hall, atmospheric","The heavy mahogany doors of Windswept Moors had been locked from the inside, yet the velvet pedestal at the center stood completely bare.

Examining the perimeter with a silver pocket loupe, Sterling noticed a microscopic streak of blue pigment near the floor molding. A faint scent of bitter almonds lingered near the fireplace, and the clock on the mantelpiece had stopped precisely seven minutes before the alarm sounded.

The missing treasure was retrieved from its ingenious hiding spot inside the grandfather clock pendulum, closing one of the most celebrated cases in modern investigative history."
ST-0073,The Secret of Stolen Diamond,Mystery,Stolen Diamond,Gilded London Museum,Intriguing,"detective, clues, investigation, jewel, heist, alibi, vault, mystery, stolen diamond, intriguing","A discreet telegram summoned the renowned detective to Gilded London Museum on a stormy Tuesday morning when London was blanketed in yellow fog.

Upon cross-referencing the guest registry against the train timetable, the investigator uncovered a glaring discrepancy: two distinct alibis relied on a pocket watch that had been deliberately advanced by half an hour.

As the handcuffs clicked shut, the culprit offered a wry, grudging smile, acknowledging that a single forgotten drop of blue ink had undone their flawless scheme at Gilded London Museum."
ST-0074,The Mystery of Cipher in the Manuscript,Mystery,Cipher in the Manuscript,Old University Library,Enigmatic,"cipher, puzzle, parchment, scholar, code, secret, archive, mystery, cipher in the manuscript, enigmatic","Among all the puzzles cataloged in the annals of Scotland Yard, the incident at Old University Library presented the most baffling contradictions.

Tapping the walnut paneling behind the bookshelf revealed a hollow resonance. A hidden spring clicked open, unveiling a leather-bound journal filled with encoded nautical coordinates and duplicate wax seal impressions.

Justice was served quietly as dawn broke, the ledger returned to its vault, and the enigma of Old University Library officially marked solved."
ST-0075,The Missing Midnight Express Murder,Mystery,Midnight Express Murder,Trans-Continental Train,Suspenseful,"train, compartment, suspects, conductor, mystery, snowbound, midnight express murder, suspenseful","The storm had severed all telegraph lines connected to Trans-Continental Train, leaving seven nervous guests locked together with a master thief.

The suspect claimed to have been inspecting the conservatory during the blackout, yet the damp soles of their leather boots were caked with red clay found exclusively beneath the cellar window.

With calm precision, the detective laid out the incontrovertible chain of evidence before the assembled suspects, revealing the true mastermind before the local constabulary arrived."
ST-0076,The Cipher of Forged Masterpiece,Mystery,Forged Masterpiece,Paris Art Gallery,Clever,"forgery, painting, canvas, magnifying glass, signature, museum, mystery, forged masterpiece, clever","Inspector Sterling adjusted his spectacles and knelt over the polished floor of Paris Art Gallery, where every detail told a conflicting story.

Examining the perimeter with a silver pocket loupe, Sterling noticed a microscopic streak of blue pigment near the floor molding. A faint scent of bitter almonds lingered near the fireplace, and the clock on the mantelpiece had stopped precisely seven minutes before the alarm sounded.

The missing treasure was retrieved from its ingenious hiding spot inside the grandfather clock pendulum, closing one of the most celebrated cases in modern investigative history."
ST-0077,The Investigation at Missing Diplomat,Mystery,Missing Diplomat,Foggy Thames Wharf,Tense,"docks, wharf, briefcase, fog, informant, conspiracy, detective, mystery, missing diplomat, tense","The heavy mahogany doors of Foggy Thames Wharf had been locked from the inside, yet the velvet pedestal at the center stood completely bare.

Upon cross-referencing the guest registry against the train timetable, the investigator uncovered a glaring discrepancy: two distinct alibis relied on a pocket watch that had been deliberately advanced by half an hour.

As the handcuffs clicked shut, the culprit offered a wry, grudging smile, acknowledging that a single forgotten drop of blue ink had undone their flawless scheme at Foggy Thames Wharf."
ST-0078,The Clue of the The Locked Study,Mystery,The Locked Study,Country Manor Estate,Perplexing,"locked room, keyhole, will, inheritance, footprints, clockwork, mystery, the locked study, perplexing","A discreet telegram summoned the renowned detective to Country Manor Estate on a stormy Tuesday morning when London was blanketed in yellow fog.

Tapping the walnut paneling behind the bookshelf revealed a hollow resonance. A hidden spring clicked open, unveiling a leather-bound journal filled with encoded nautical coordinates and duplicate wax seal impressions.

Justice was served quietly as dawn broke, the ledger returned to its vault, and the enigma of Country Manor Estate officially marked solved."
ST-0079,The Disappearance at The Clockmaker's Will,Mystery,The Clockmaker's Will,Swiss Clock Workshop,Curious,"gears, pendulum, secret drawer, inheritance, cogs, riddle, mystery, the clockmaker's will, curious","Among all the puzzles cataloged in the annals of Scotland Yard, the incident at Swiss Clock Workshop presented the most baffling contradictions.

The suspect claimed to have been inspecting the conservatory during the blackout, yet the damp soles of their leather boots were caked with red clay found exclusively beneath the cellar window.

With calm precision, the detective laid out the incontrovertible chain of evidence before the assembled suspects, revealing the true mastermind before the local constabulary arrived."
ST-0080,The Heist at Disappearance at Blackwood Hall,Mystery,Disappearance at Blackwood Hall,Windswept Moors,Atmospheric,"moors, manor, guest list, alibi, rainstorm, investigator, mystery, disappearance at blackwood hall, atmospheric","The storm had severed all telegraph lines connected to Windswept Moors, leaving seven nervous guests locked together with a master thief.

Examining the perimeter with a silver pocket loupe, Sterling noticed a microscopic streak of blue pigment near the floor molding. A faint scent of bitter almonds lingered near the fireplace, and the clock on the mantelpiece had stopped precisely seven minutes before the alarm sounded.

The missing treasure was retrieved from its ingenious hiding spot inside the grandfather clock pendulum, closing one of the most celebrated cases in modern investigative history."
ST-0081,The Quest for Lost Inca Temple,Adventure,Lost Inca Temple,Amazon Rainforest Canopy,Exhilarating,"expedition, jungle, temple, ruins, machete, gold, compass, adventure, lost inca temple, exhilarating","With a weathered parchment map gripped in one hand and a brass compass in the other, the expedition pressed into Amazon Rainforest Canopy.

Hacking through tangled creepers and towering ferns, the explorers stumbled upon towering stone monoliths etched with celestial constellations. Deep within the moss-covered sanctuary, an intricate stone gear mechanism turned smoothly, revealing a vaulted chamber untouched for millennia.

With water supplies replenished and the map updated, the triumphant team began their return journey, carrying memories of an extraordinary triumph against the wild."
ST-0082,Voyage to Sunken Spanish Galleon,Adventure,Sunken Spanish Galleon,Caribbean Coral Reef,Daring,"diving, treasure, shipwreck, reef, ocean, doubloons, waves, adventure, sunken spanish galleon, daring","The morning sun rose like a ball of molten copper over Caribbean Coral Reef, signaling the most dangerous leg of the journey.

Braving the turbulent rapids, the wooden raft surged through roaring white water and narrow canyon corridors. Spray blinded the rowers as the guide steered deftly around jagged limestone boulders, shooting through the cavern mouth into a tranquil, sapphire lagoon.

Looking back one last time at Caribbean Coral Reef, the explorers realized the true treasure was the unbreakable bond forged through danger and discovery."
ST-0083,Expedition: Himalayan Peak Ascent,Adventure,Himalayan Peak Ascent,Snowbound Mountain Ridge,Heroic,"climbing, summit, ice axe, blizzard, crevasse, altitude, peak, adventure, himalayan peak ascent, heroic","Three weeks of relentless trekking had brought the team to the precipice of Snowbound Mountain Ridge, where few human boots had ever trodden.

Battling shifting sands and blistering desert heat, the team uncovered the carved sandstone archway buried beneath centuries of dunes. As the heavy stone slab yielded to their crowbars, cool air rushed forth from the subterranean hall.

Standing atop the summit as golden sunrise flooded Snowbound Mountain Ridge, the weary adventurers hoisted their banner, knowing their names would forever be inscribed in expedition lore."
ST-0084,The Lost Relic of Saharan Lost Oasis,Adventure,Saharan Lost Oasis,Great Sand Sea Dunes,Gripping,"desert, caravan, dunes, oasis, mirage, sun, ancient, adventure, saharan lost oasis, gripping","Thunder rolled across the vast expanse of Great Sand Sea Dunes, whipping the guidewires of the base camp tents into a frenzy.

Navigating treacherous chasms and sheer granite ledges, the climbers relied on sheer will and braided hemp rope. When an unexpected rockslide severed the secondary safety line, quick reflexes and seasoned teamwork saved the entire survey team from a fatal plunge into the gorge below.

The priceless cultural artifacts were carefully packed and cataloged for the national museum, ensuring the wonders of Great Sand Sea Dunes would inspire generations to come."
ST-0085,Ascent of Underground River Rapid,Adventure,Underground River Rapid,Limestone Cavern Network,Thrilling,"cavern, raft, subterranean, rapids, stalactites, waterfall, adventure, underground river rapid, thrilling","The ancient legends had always warned against exploring Limestone Cavern Network, but the promise of unearthing history outweighed every caution.

Hacking through tangled creepers and towering ferns, the explorers stumbled upon towering stone monoliths etched with celestial constellations. Deep within the moss-covered sanctuary, an intricate stone gear mechanism turned smoothly, revealing a vaulted chamber untouched for millennia.

With water supplies replenished and the map updated, the triumphant team began their return journey, carrying memories of an extraordinary triumph against the wild."
ST-0086,Peril at Forbidden Arctic Passage,Adventure,Forbidden Arctic Passage,Glacial Ice Shelf,Courageous,"iceberg, sled, blizzard, compass, expedition, frost, pack ice, adventure, forbidden arctic passage, courageous","With a weathered parchment map gripped in one hand and a brass compass in the other, the expedition pressed into Glacial Ice Shelf.

Braving the turbulent rapids, the wooden raft surged through roaring white water and narrow canyon corridors. Spray blinded the rowers as the guide steered deftly around jagged limestone boulders, shooting through the cavern mouth into a tranquil, sapphire lagoon.

Looking back one last time at Glacial Ice Shelf, the explorers realized the true treasure was the unbreakable bond forged through danger and discovery."
ST-0087,The Trail Through Volcanic Caldera Quest,Adventure,Volcanic Caldera Quest,Smoldering Island Rim,Perilous,"volcano, lava, ash, sulfur, island, relic, canyon, adventure, volcanic caldera quest, perilous","The morning sun rose like a ball of molten copper over Smoldering Island Rim, signaling the most dangerous leg of the journey.

Battling shifting sands and blistering desert heat, the team uncovered the carved sandstone archway buried beneath centuries of dunes. As the heavy stone slab yielded to their crowbars, cool air rushed forth from the subterranean hall.

Standing atop the summit as golden sunrise flooded Smoldering Island Rim, the weary adventurers hoisted their banner, knowing their names would forever be inscribed in expedition lore."
ST-0088,Chronicles of Ancient Desert Tombs,Adventure,Ancient Desert Tombs,Valley of the Pharaohs,Epic,"tomb, sandstorm, hieroglyph, scarab, torchlight, excavation, adventure, ancient desert tombs, epic","Three weeks of relentless trekking had brought the team to the precipice of Valley of the Pharaohs, where few human boots had ever trodden.

Navigating treacherous chasms and sheer granite ledges, the climbers relied on sheer will and braided hemp rope. When an unexpected rockslide severed the secondary safety line, quick reflexes and seasoned teamwork saved the entire survey team from a fatal plunge into the gorge below.

The priceless cultural artifacts were carefully packed and cataloged for the national museum, ensuring the wonders of Valley of the Pharaohs would inspire generations to come."
ST-0089,Into the Heart of Lost Inca Temple,Adventure,Lost Inca Temple,Amazon Rainforest Canopy,Exhilarating,"expedition, jungle, temple, ruins, machete, gold, compass, adventure, lost inca temple, exhilarating","Thunder rolled across the vast expanse of Amazon Rainforest Canopy, whipping the guidewires of the base camp tents into a frenzy.

Hacking through tangled creepers and towering ferns, the explorers stumbled upon towering stone monoliths etched with celestial constellations. Deep within the moss-covered sanctuary, an intricate stone gear mechanism turned smoothly, revealing a vaulted chamber untouched for millennia.

With water supplies replenished and the map updated, the triumphant team began their return journey, carrying memories of an extraordinary triumph against the wild."
ST-0090,The Discovery of Sunken Spanish Galleon,Adventure,Sunken Spanish Galleon,Caribbean Coral Reef,Daring,"diving, treasure, shipwreck, reef, ocean, doubloons, waves, adventure, sunken spanish galleon, daring","The ancient legends had always warned against exploring Caribbean Coral Reef, but the promise of unearthing history outweighed every caution.

Braving the turbulent rapids, the wooden raft surged through roaring white water and narrow canyon corridors. Spray blinded the rowers as the guide steered deftly around jagged limestone boulders, shooting through the cavern mouth into a tranquil, sapphire lagoon.

Looking back one last time at Caribbean Coral Reef, the explorers realized the true treasure was the unbreakable bond forged through danger and discovery."
ST-0091,The Quest for Himalayan Peak Ascent,Adventure,Himalayan Peak Ascent,Snowbound Mountain Ridge,Heroic,"climbing, summit, ice axe, blizzard, crevasse, altitude, peak, adventure, himalayan peak ascent, heroic","With a weathered parchment map gripped in one hand and a brass compass in the other, the expedition pressed into Snowbound Mountain Ridge.

Battling shifting sands and blistering desert heat, the team uncovered the carved sandstone archway buried beneath centuries of dunes. As the heavy stone slab yielded to their crowbars, cool air rushed forth from the subterranean hall.

Standing atop the summit as golden sunrise flooded Snowbound Mountain Ridge, the weary adventurers hoisted their banner, knowing their names would forever be inscribed in expedition lore."
ST-0092,Voyage to Saharan Lost Oasis,Adventure,Saharan Lost Oasis,Great Sand Sea Dunes,Gripping,"desert, caravan, dunes, oasis, mirage, sun, ancient, adventure, saharan lost oasis, gripping","The morning sun rose like a ball of molten copper over Great Sand Sea Dunes, signaling the most dangerous leg of the journey.

Navigating treacherous chasms and sheer granite ledges, the climbers relied on sheer will and braided hemp rope. When an unexpected rockslide severed the secondary safety line, quick reflexes and seasoned teamwork saved the entire survey team from a fatal plunge into the gorge below.

The priceless cultural artifacts were carefully packed and cataloged for the national museum, ensuring the wonders of Great Sand Sea Dunes would inspire generations to come."
ST-0093,Expedition: Underground River Rapid,Adventure,Underground River Rapid,Limestone Cavern Network,Thrilling,"cavern, raft, subterranean, rapids, stalactites, waterfall, adventure, underground river rapid, thrilling","Three weeks of relentless trekking had brought the team to the precipice of Limestone Cavern Network, where few human boots had ever trodden.

Hacking through tangled creepers and towering ferns, the explorers stumbled upon towering stone monoliths etched with celestial constellations. Deep within the moss-covered sanctuary, an intricate stone gear mechanism turned smoothly, revealing a vaulted chamber untouched for millennia.

With water supplies replenished and the map updated, the triumphant team began their return journey, carrying memories of an extraordinary triumph against the wild."
ST-0094,The Lost Relic of Forbidden Arctic Passage,Adventure,Forbidden Arctic Passage,Glacial Ice Shelf,Courageous,"iceberg, sled, blizzard, compass, expedition, frost, pack ice, adventure, forbidden arctic passage, courageous","Thunder rolled across the vast expanse of Glacial Ice Shelf, whipping the guidewires of the base camp tents into a frenzy.

Braving the turbulent rapids, the wooden raft surged through roaring white water and narrow canyon corridors. Spray blinded the rowers as the guide steered deftly around jagged limestone boulders, shooting through the cavern mouth into a tranquil, sapphire lagoon.

Looking back one last time at Glacial Ice Shelf, the explorers realized the true treasure was the unbreakable bond forged through danger and discovery."
ST-0095,Ascent of Volcanic Caldera Quest,Adventure,Volcanic Caldera Quest,Smoldering Island Rim,Perilous,"volcano, lava, ash, sulfur, island, relic, canyon, adventure, volcanic caldera quest, perilous","The ancient legends had always warned against exploring Smoldering Island Rim, but the promise of unearthing history outweighed every caution.

Battling shifting sands and blistering desert heat, the team uncovered the carved sandstone archway buried beneath centuries of dunes. As the heavy stone slab yielded to their crowbars, cool air rushed forth from the subterranean hall.

Standing atop the summit as golden sunrise flooded Smoldering Island Rim, the weary adventurers hoisted their banner, knowing their names would forever be inscribed in expedition lore."
ST-0096,Peril at Ancient Desert Tombs,Adventure,Ancient Desert Tombs,Valley of the Pharaohs,Epic,"tomb, sandstorm, hieroglyph, scarab, torchlight, excavation, adventure, ancient desert tombs, epic","With a weathered parchment map gripped in one hand and a brass compass in the other, the expedition pressed into Valley of the Pharaohs.

Navigating treacherous chasms and sheer granite ledges, the climbers relied on sheer will and braided hemp rope. When an unexpected rockslide severed the secondary safety line, quick reflexes and seasoned teamwork saved the entire survey team from a fatal plunge into the gorge below.

The priceless cultural artifacts were carefully packed and cataloged for the national museum, ensuring the wonders of Valley of the Pharaohs would inspire generations to come."
ST-0097,The Trail Through Lost Inca Temple,Adventure,Lost Inca Temple,Amazon Rainforest Canopy,Exhilarating,"expedition, jungle, temple, ruins, machete, gold, compass, adventure, lost inca temple, exhilarating","The morning sun rose like a ball of molten copper over Amazon Rainforest Canopy, signaling the most dangerous leg of the journey.

Hacking through tangled creepers and towering ferns, the explorers stumbled upon towering stone monoliths etched with celestial constellations. Deep within the moss-covered sanctuary, an intricate stone gear mechanism turned smoothly, revealing a vaulted chamber untouched for millennia.

With water supplies replenished and the map updated, the triumphant team began their return journey, carrying memories of an extraordinary triumph against the wild."
ST-0098,Chronicles of Sunken Spanish Galleon,Adventure,Sunken Spanish Galleon,Caribbean Coral Reef,Daring,"diving, treasure, shipwreck, reef, ocean, doubloons, waves, adventure, sunken spanish galleon, daring","Three weeks of relentless trekking had brought the team to the precipice of Caribbean Coral Reef, where few human boots had ever trodden.

Braving the turbulent rapids, the wooden raft surged through roaring white water and narrow canyon corridors. Spray blinded the rowers as the guide steered deftly around jagged limestone boulders, shooting through the cavern mouth into a tranquil, sapphire lagoon.

Looking back one last time at Caribbean Coral Reef, the explorers realized the true treasure was the unbreakable bond forged through danger and discovery."
ST-0099,Into the Heart of Himalayan Peak Ascent,Adventure,Himalayan Peak Ascent,Snowbound Mountain Ridge,Heroic,"climbing, summit, ice axe, blizzard, crevasse, altitude, peak, adventure, himalayan peak ascent, heroic","Thunder rolled across the vast expanse of Snowbound Mountain Ridge, whipping the guidewires of the base camp tents into a frenzy.

Battling shifting sands and blistering desert heat, the team uncovered the carved sandstone archway buried beneath centuries of dunes. As the heavy stone slab yielded to their crowbars, cool air rushed forth from the subterranean hall.

Standing atop the summit as golden sunrise flooded Snowbound Mountain Ridge, the weary adventurers hoisted their banner, knowing their names would forever be inscribed in expedition lore."
ST-0100,The Discovery of Saharan Lost Oasis,Adventure,Saharan Lost Oasis,Great Sand Sea Dunes,Gripping,"desert, caravan, dunes, oasis, mirage, sun, ancient, adventure, saharan lost oasis, gripping","The ancient legends had always warned against exploring Great Sand Sea Dunes, but the promise of unearthing history outweighed every caution.

Navigating treacherous chasms and sheer granite ledges, the climbers relied on sheer will and braided hemp rope. When an unexpected rockslide severed the secondary safety line, quick reflexes and seasoned teamwork saved the entire survey team from a fatal plunge into the gorge below.

The priceless cultural artifacts were carefully packed and cataloged for the national museum, ensuring the wonders of Great Sand Sea Dunes would inspire generations to come."
ST-0101,The Quest for Underground River Rapid,Adventure,Underground River Rapid,Limestone Cavern Network,Thrilling,"cavern, raft, subterranean, rapids, stalactites, waterfall, adventure, underground river rapid, thrilling","With a weathered parchment map gripped in one hand and a brass compass in the other, the expedition pressed into Limestone Cavern Network.

Hacking through tangled creepers and towering ferns, the explorers stumbled upon towering stone monoliths etched with celestial constellations. Deep within the moss-covered sanctuary, an intricate stone gear mechanism turned smoothly, revealing a vaulted chamber untouched for millennia.

With water supplies replenished and the map updated, the triumphant team began their return journey, carrying memories of an extraordinary triumph against the wild."
ST-0102,Voyage to Forbidden Arctic Passage,Adventure,Forbidden Arctic Passage,Glacial Ice Shelf,Courageous,"iceberg, sled, blizzard, compass, expedition, frost, pack ice, adventure, forbidden arctic passage, courageous","The morning sun rose like a ball of molten copper over Glacial Ice Shelf, signaling the most dangerous leg of the journey.

Braving the turbulent rapids, the wooden raft surged through roaring white water and narrow canyon corridors. Spray blinded the rowers as the guide steered deftly around jagged limestone boulders, shooting through the cavern mouth into a tranquil, sapphire lagoon.

Looking back one last time at Glacial Ice Shelf, the explorers realized the true treasure was the unbreakable bond forged through danger and discovery."
ST-0103,Expedition: Volcanic Caldera Quest,Adventure,Volcanic Caldera Quest,Smoldering Island Rim,Perilous,"volcano, lava, ash, sulfur, island, relic, canyon, adventure, volcanic caldera quest, perilous","Three weeks of relentless trekking had brought the team to the precipice of Smoldering Island Rim, where few human boots had ever trodden.

Battling shifting sands and blistering desert heat, the team uncovered the carved sandstone archway buried beneath centuries of dunes. As the heavy stone slab yielded to their crowbars, cool air rushed forth from the subterranean hall.

Standing atop the summit as golden sunrise flooded Smoldering Island Rim, the weary adventurers hoisted their banner, knowing their names would forever be inscribed in expedition lore."
ST-0104,The Lost Relic of Ancient Desert Tombs,Adventure,Ancient Desert Tombs,Valley of the Pharaohs,Epic,"tomb, sandstorm, hieroglyph, scarab, torchlight, excavation, adventure, ancient desert tombs, epic","Thunder rolled across the vast expanse of Valley of the Pharaohs, whipping the guidewires of the base camp tents into a frenzy.

Navigating treacherous chasms and sheer granite ledges, the climbers relied on sheer will and braided hemp rope. When an unexpected rockslide severed the secondary safety line, quick reflexes and seasoned teamwork saved the entire survey team from a fatal plunge into the gorge below.

The priceless cultural artifacts were carefully packed and cataloged for the national museum, ensuring the wonders of Valley of the Pharaohs would inspire generations to come."
ST-0105,Ascent of Lost Inca Temple,Adventure,Lost Inca Temple,Amazon Rainforest Canopy,Exhilarating,"expedition, jungle, temple, ruins, machete, gold, compass, adventure, lost inca temple, exhilarating","The ancient legends had always warned against exploring Amazon Rainforest Canopy, but the promise of unearthing history outweighed every caution.

Hacking through tangled creepers and towering ferns, the explorers stumbled upon towering stone monoliths etched with celestial constellations. Deep within the moss-covered sanctuary, an intricate stone gear mechanism turned smoothly, revealing a vaulted chamber untouched for millennia.

With water supplies replenished and the map updated, the triumphant team began their return journey, carrying memories of an extraordinary triumph against the wild."
ST-0106,Peril at Sunken Spanish Galleon,Adventure,Sunken Spanish Galleon,Caribbean Coral Reef,Daring,"diving, treasure, shipwreck, reef, ocean, doubloons, waves, adventure, sunken spanish galleon, daring","With a weathered parchment map gripped in one hand and a brass compass in the other, the expedition pressed into Caribbean Coral Reef.

Braving the turbulent rapids, the wooden raft surged through roaring white water and narrow canyon corridors. Spray blinded the rowers as the guide steered deftly around jagged limestone boulders, shooting through the cavern mouth into a tranquil, sapphire lagoon.

Looking back one last time at Caribbean Coral Reef, the explorers realized the true treasure was the unbreakable bond forged through danger and discovery."
ST-0107,The Trail Through Himalayan Peak Ascent,Adventure,Himalayan Peak Ascent,Snowbound Mountain Ridge,Heroic,"climbing, summit, ice axe, blizzard, crevasse, altitude, peak, adventure, himalayan peak ascent, heroic","The morning sun rose like a ball of molten copper over Snowbound Mountain Ridge, signaling the most dangerous leg of the journey.

Battling shifting sands and blistering desert heat, the team uncovered the carved sandstone archway buried beneath centuries of dunes. As the heavy stone slab yielded to their crowbars, cool air rushed forth from the subterranean hall.

Standing atop the summit as golden sunrise flooded Snowbound Mountain Ridge, the weary adventurers hoisted their banner, knowing their names would forever be inscribed in expedition lore."
ST-0108,Chronicles of Saharan Lost Oasis,Adventure,Saharan Lost Oasis,Great Sand Sea Dunes,Gripping,"desert, caravan, dunes, oasis, mirage, sun, ancient, adventure, saharan lost oasis, gripping","Three weeks of relentless trekking had brought the team to the precipice of Great Sand Sea Dunes, where few human boots had ever trodden.

Navigating treacherous chasms and sheer granite ledges, the climbers relied on sheer will and braided hemp rope. When an unexpected rockslide severed the secondary safety line, quick reflexes and seasoned teamwork saved the entire survey team from a fatal plunge into the gorge below.

The priceless cultural artifacts were carefully packed and cataloged for the national museum, ensuring the wonders of Great Sand Sea Dunes would inspire generations to come."
ST-0109,Into the Heart of Underground River Rapid,Adventure,Underground River Rapid,Limestone Cavern Network,Thrilling,"cavern, raft, subterranean, rapids, stalactites, waterfall, adventure, underground river rapid, thrilling","Thunder rolled across the vast expanse of Limestone Cavern Network, whipping the guidewires of the base camp tents into a frenzy.

Hacking through tangled creepers and towering ferns, the explorers stumbled upon towering stone monoliths etched with celestial constellations. Deep within the moss-covered sanctuary, an intricate stone gear mechanism turned smoothly, revealing a vaulted chamber untouched for millennia.

With water supplies replenished and the map updated, the triumphant team began their return journey, carrying memories of an extraordinary triumph against the wild."
ST-0110,The Discovery of Forbidden Arctic Passage,Adventure,Forbidden Arctic Passage,Glacial Ice Shelf,Courageous,"iceberg, sled, blizzard, compass, expedition, frost, pack ice, adventure, forbidden arctic passage, courageous","The ancient legends had always warned against exploring Glacial Ice Shelf, but the promise of unearthing history outweighed every caution.

Braving the turbulent rapids, the wooden raft surged through roaring white water and narrow canyon corridors. Spray blinded the rowers as the guide steered deftly around jagged limestone boulders, shooting through the cavern mouth into a tranquil, sapphire lagoon.

Looking back one last time at Glacial Ice Shelf, the explorers realized the true treasure was the unbreakable bond forged through danger and discovery."
ST-0111,The Quest for Volcanic Caldera Quest,Adventure,Volcanic Caldera Quest,Smoldering Island Rim,Perilous,"volcano, lava, ash, sulfur, island, relic, canyon, adventure, volcanic caldera quest, perilous","With a weathered parchment map gripped in one hand and a brass compass in the other, the expedition pressed into Smoldering Island Rim.

Battling shifting sands and blistering desert heat, the team uncovered the carved sandstone archway buried beneath centuries of dunes. As the heavy stone slab yielded to their crowbars, cool air rushed forth from the subterranean hall.

Standing atop the summit as golden sunrise flooded Smoldering Island Rim, the weary adventurers hoisted their banner, knowing their names would forever be inscribed in expedition lore."
ST-0112,Voyage to Ancient Desert Tombs,Adventure,Ancient Desert Tombs,Valley of the Pharaohs,Epic,"tomb, sandstorm, hieroglyph, scarab, torchlight, excavation, adventure, ancient desert tombs, epic","The morning sun rose like a ball of molten copper over Valley of the Pharaohs, signaling the most dangerous leg of the journey.

Navigating treacherous chasms and sheer granite ledges, the climbers relied on sheer will and braided hemp rope. When an unexpected rockslide severed the secondary safety line, quick reflexes and seasoned teamwork saved the entire survey team from a fatal plunge into the gorge below.

The priceless cultural artifacts were carefully packed and cataloged for the national museum, ensuring the wonders of Valley of the Pharaohs would inspire generations to come."
ST-0113,Expedition: Lost Inca Temple,Adventure,Lost Inca Temple,Amazon Rainforest Canopy,Exhilarating,"expedition, jungle, temple, ruins, machete, gold, compass, adventure, lost inca temple, exhilarating","Three weeks of relentless trekking had brought the team to the precipice of Amazon Rainforest Canopy, where few human boots had ever trodden.

Hacking through tangled creepers and towering ferns, the explorers stumbled upon towering stone monoliths etched with celestial constellations. Deep within the moss-covered sanctuary, an intricate stone gear mechanism turned smoothly, revealing a vaulted chamber untouched for millennia.

With water supplies replenished and the map updated, the triumphant team began their return journey, carrying memories of an extraordinary triumph against the wild."
ST-0114,The Lost Relic of Sunken Spanish Galleon,Adventure,Sunken Spanish Galleon,Caribbean Coral Reef,Daring,"diving, treasure, shipwreck, reef, ocean, doubloons, waves, adventure, sunken spanish galleon, daring","Thunder rolled across the vast expanse of Caribbean Coral Reef, whipping the guidewires of the base camp tents into a frenzy.

Braving the turbulent rapids, the wooden raft surged through roaring white water and narrow canyon corridors. Spray blinded the rowers as the guide steered deftly around jagged limestone boulders, shooting through the cavern mouth into a tranquil, sapphire lagoon.

Looking back one last time at Caribbean Coral Reef, the explorers realized the true treasure was the unbreakable bond forged through danger and discovery."
ST-0115,Ascent of Himalayan Peak Ascent,Adventure,Himalayan Peak Ascent,Snowbound Mountain Ridge,Heroic,"climbing, summit, ice axe, blizzard, crevasse, altitude, peak, adventure, himalayan peak ascent, heroic","The ancient legends had always warned against exploring Snowbound Mountain Ridge, but the promise of unearthing history outweighed every caution.

Battling shifting sands and blistering desert heat, the team uncovered the carved sandstone archway buried beneath centuries of dunes. As the heavy stone slab yielded to their crowbars, cool air rushed forth from the subterranean hall.

Standing atop the summit as golden sunrise flooded Snowbound Mountain Ridge, the weary adventurers hoisted their banner, knowing their names would forever be inscribed in expedition lore."
ST-0116,Peril at Saharan Lost Oasis,Adventure,Saharan Lost Oasis,Great Sand Sea Dunes,Gripping,"desert, caravan, dunes, oasis, mirage, sun, ancient, adventure, saharan lost oasis, gripping","With a weathered parchment map gripped in one hand and a brass compass in the other, the expedition pressed into Great Sand Sea Dunes.

Navigating treacherous chasms and sheer granite ledges, the climbers relied on sheer will and braided hemp rope. When an unexpected rockslide severed the secondary safety line, quick reflexes and seasoned teamwork saved the entire survey team from a fatal plunge into the gorge below.

The priceless cultural artifacts were carefully packed and cataloged for the national museum, ensuring the wonders of Great Sand Sea Dunes would inspire generations to come."
ST-0117,The Trail Through Underground River Rapid,Adventure,Underground River Rapid,Limestone Cavern Network,Thrilling,"cavern, raft, subterranean, rapids, stalactites, waterfall, adventure, underground river rapid, thrilling","The morning sun rose like a ball of molten copper over Limestone Cavern Network, signaling the most dangerous leg of the journey.

Hacking through tangled creepers and towering ferns, the explorers stumbled upon towering stone monoliths etched with celestial constellations. Deep within the moss-covered sanctuary, an intricate stone gear mechanism turned smoothly, revealing a vaulted chamber untouched for millennia.

With water supplies replenished and the map updated, the triumphant team began their return journey, carrying memories of an extraordinary triumph against the wild."
ST-0118,Chronicles of Forbidden Arctic Passage,Adventure,Forbidden Arctic Passage,Glacial Ice Shelf,Courageous,"iceberg, sled, blizzard, compass, expedition, frost, pack ice, adventure, forbidden arctic passage, courageous","Three weeks of relentless trekking had brought the team to the precipice of Glacial Ice Shelf, where few human boots had ever trodden.

Braving the turbulent rapids, the wooden raft surged through roaring white water and narrow canyon corridors. Spray blinded the rowers as the guide steered deftly around jagged limestone boulders, shooting through the cavern mouth into a tranquil, sapphire lagoon.

Looking back one last time at Glacial Ice Shelf, the explorers realized the true treasure was the unbreakable bond forged through danger and discovery."
ST-0119,Into the Heart of Volcanic Caldera Quest,Adventure,Volcanic Caldera Quest,Smoldering Island Rim,Perilous,"volcano, lava, ash, sulfur, island, relic, canyon, adventure, volcanic caldera quest, perilous","Thunder rolled across the vast expanse of Smoldering Island Rim, whipping the guidewires of the base camp tents into a frenzy.

Battling shifting sands and blistering desert heat, the team uncovered the carved sandstone archway buried beneath centuries of dunes. As the heavy stone slab yielded to their crowbars, cool air rushed forth from the subterranean hall.

Standing atop the summit as golden sunrise flooded Smoldering Island Rim, the weary adventurers hoisted their banner, knowing their names would forever be inscribed in expedition lore."
ST-0120,The Discovery of Ancient Desert Tombs,Adventure,Ancient Desert Tombs,Valley of the Pharaohs,Epic,"tomb, sandstorm, hieroglyph, scarab, torchlight, excavation, adventure, ancient desert tombs, epic","The ancient legends had always warned against exploring Valley of the Pharaohs, but the promise of unearthing history outweighed every caution.

Navigating treacherous chasms and sheer granite ledges, the climbers relied on sheer will and braided hemp rope. When an unexpected rockslide severed the secondary safety line, quick reflexes and seasoned teamwork saved the entire survey team from a fatal plunge into the gorge below.

The priceless cultural artifacts were carefully packed and cataloged for the national museum, ensuring the wonders of Valley of the Pharaohs would inspire generations to come."
ST-0121,A Sunset in Serendipity in Paris,Romance,Serendipity in Paris,Montmartre Cobblestone Alley,Heartwarming,"love, romance, cafe, destiny, paris, serendipity, art, serendipity in paris, heartwarming","Rain tapped gently against the cafe windows overlooking Montmartre Cobblestone Alley, blurring the amber streetlights into soft watercolor halos.

As the orchestra swelled into a breathtaking waltz, he offered his hand with a gentle, questioning smile. Sweeping across the polished parquet floor beneath glistening crystal chandeliers, the rhythm of the music mirrored the steady, joyful beating of their hearts.

As the morning sun kissed the rooftops of Montmartre Cobblestone Alley, they knew that what started as a chance meeting had turned into a lifetime of love."
ST-0122,Letters from Letters Across the Sea,Romance,Letters Across the Sea,Coastal Harbor Boardwalk,Poignant,"letters, penpal, ocean, lighthouse, waiting, heartfelt, reunion, romance, letters across the sea, poignant","It was the kind of crisp, unforgettable autumn afternoon in Coastal Harbor Boardwalk where chance encounters feel destined by the stars.

Finding the same rare edition of sonnets tucked on a high shelf, their fingers brushed against the leather spine. What began as an apology blossomed into an effortless conversation over steaming porcelain cups of tea that lasted until closing time.

Hand in hand, they stepped into the future together, leaving behind the memories of solitude forever."
ST-0123,The Melody of Waltz at Midnight,Romance,Waltz at Midnight,Viennese Grand Ballroom,Enchanting,"waltz, orchestra, chandelier, dance, gown, violin, gaze, romance, waltz at midnight, enchanting","Among the bustling crowds of Viennese Grand Ballroom, their eyes met across the room, and the frantic noise of the city seemed to fade into silence.

Walking along the lantern-lit waterfront as waves lapped softly against the wooden pilings, he reached out and gently intertwined his fingers with hers. Words became unnecessary as the silent understanding between them filled the evening.

Underneath the starlit canopy of Viennese Grand Ballroom, they promised that no matter what storms life brought, their hearts had finally found their permanent home."
ST-0124,Serendipity at The Bookshop Encounter,Romance,The Bookshop Encounter,Old Bloomsbury Antiquarian,Sweet,"bookstore, poetry, rain, coffee, first glance, shared smile, romance, the bookshop encounter, sweet","Years had passed since they last walked the familiar pathways of Old Bloomsbury Antiquarian, yet every stone and archway still remembered their shared laughter.

Sharing an umbrella beneath the sudden downpour, they spoke for hours about forgotten dreams, favorite verses of poetry, and childhood memories. Every shared glance carried an electric warmth that made the chill evening air feel like midsummer.

With a lingering smile and a promise for tomorrow, they walked together into the glowing night, their story just beginning."
ST-0125,A Promise in Summer in Tuscany,Romance,Summer in Tuscany,Sunlit Olive Grove,Romantic,"vineyard, sunset, tuscany, wine, laughter, golden hour, summer, romance, summer in tuscany, romantic","The sweet aroma of jasmine and fresh rain lingered in Sunlit Olive Grove, creating an atmosphere ripe for unexpected beginnings.

As the orchestra swelled into a breathtaking waltz, he offered his hand with a gentle, questioning smile. Sweeping across the polished parquet floor beneath glistening crystal chandeliers, the rhythm of the music mirrored the steady, joyful beating of their hearts.

As the morning sun kissed the rooftops of Sunlit Olive Grove, they knew that what started as a chance meeting had turned into a lifetime of love."
ST-0126,The Waltz of Winter Hearth Promise,Romance,Winter Hearth Promise,Snowed-In Alpine Cabin,Cozy,"fireplace, snow, cabin, blanket, whisper, tea, forever, romance, winter hearth promise, cozy","Rain tapped gently against the cafe windows overlooking Snowed-In Alpine Cabin, blurring the amber streetlights into soft watercolor halos.

Finding the same rare edition of sonnets tucked on a high shelf, their fingers brushed against the leather spine. What began as an apology blossomed into an effortless conversation over steaming porcelain cups of tea that lasted until closing time.

Hand in hand, they stepped into the future together, leaving behind the memories of solitude forever."
ST-0127,Midnight in Stargazing by the Lake,Romance,Stargazing by the Lake,Quiet Mountain Shore,Tender,"stars, reflection, lake, constellations, hand in hand, gentle, romance, stargazing by the lake, tender","It was the kind of crisp, unforgettable autumn afternoon in Quiet Mountain Shore where chance encounters feel destined by the stars.

Walking along the lantern-lit waterfront as waves lapped softly against the wooden pilings, he reached out and gently intertwined his fingers with hers. Words became unnecessary as the silent understanding between them filled the evening.

Underneath the starlit canopy of Quiet Mountain Shore, they promised that no matter what storms life brought, their hearts had finally found their permanent home."
ST-0128,Echoes of Love in The Florist's Secret,Romance,The Florist's Secret,Covent Garden Flower Stall,Charming,"roses, bouquets, spring, secret admirer, ribbon, blossom, romance, the florist's secret, charming","Among the bustling crowds of Covent Garden Flower Stall, their eyes met across the room, and the frantic noise of the city seemed to fade into silence.

Sharing an umbrella beneath the sudden downpour, they spoke for hours about forgotten dreams, favorite verses of poetry, and childhood memories. Every shared glance carried an electric warmth that made the chill evening air feel like midsummer.

With a lingering smile and a promise for tomorrow, they walked together into the glowing night, their story just beginning."
ST-0129,Under the Stars of Serendipity in Paris,Romance,Serendipity in Paris,Montmartre Cobblestone Alley,Heartwarming,"love, romance, cafe, destiny, paris, serendipity, art, serendipity in paris, heartwarming","Years had passed since they last walked the familiar pathways of Montmartre Cobblestone Alley, yet every stone and archway still remembered their shared laughter.

As the orchestra swelled into a breathtaking waltz, he offered his hand with a gentle, questioning smile. Sweeping across the polished parquet floor beneath glistening crystal chandeliers, the rhythm of the music mirrored the steady, joyful beating of their hearts.

As the morning sun kissed the rooftops of Montmartre Cobblestone Alley, they knew that what started as a chance meeting had turned into a lifetime of love."
ST-0130,A Heart in Letters Across the Sea,Romance,Letters Across the Sea,Coastal Harbor Boardwalk,Poignant,"letters, penpal, ocean, lighthouse, waiting, heartfelt, reunion, romance, letters across the sea, poignant","The sweet aroma of jasmine and fresh rain lingered in Coastal Harbor Boardwalk, creating an atmosphere ripe for unexpected beginnings.

Finding the same rare edition of sonnets tucked on a high shelf, their fingers brushed against the leather spine. What began as an apology blossomed into an effortless conversation over steaming porcelain cups of tea that lasted until closing time.

Hand in hand, they stepped into the future together, leaving behind the memories of solitude forever."
ST-0131,A Sunset in Waltz at Midnight,Romance,Waltz at Midnight,Viennese Grand Ballroom,Enchanting,"waltz, orchestra, chandelier, dance, gown, violin, gaze, romance, waltz at midnight, enchanting","Rain tapped gently against the cafe windows overlooking Viennese Grand Ballroom, blurring the amber streetlights into soft watercolor halos.

Walking along the lantern-lit waterfront as waves lapped softly against the wooden pilings, he reached out and gently intertwined his fingers with hers. Words became unnecessary as the silent understanding between them filled the evening.

Underneath the starlit canopy of Viennese Grand Ballroom, they promised that no matter what storms life brought, their hearts had finally found their permanent home."
ST-0132,Letters from The Bookshop Encounter,Romance,The Bookshop Encounter,Old Bloomsbury Antiquarian,Sweet,"bookstore, poetry, rain, coffee, first glance, shared smile, romance, the bookshop encounter, sweet","It was the kind of crisp, unforgettable autumn afternoon in Old Bloomsbury Antiquarian where chance encounters feel destined by the stars.

Sharing an umbrella beneath the sudden downpour, they spoke for hours about forgotten dreams, favorite verses of poetry, and childhood memories. Every shared glance carried an electric warmth that made the chill evening air feel like midsummer.

With a lingering smile and a promise for tomorrow, they walked together into the glowing night, their story just beginning."
ST-0133,The Melody of Summer in Tuscany,Romance,Summer in Tuscany,Sunlit Olive Grove,Romantic,"vineyard, sunset, tuscany, wine, laughter, golden hour, summer, romance, summer in tuscany, romantic","Among the bustling crowds of Sunlit Olive Grove, their eyes met across the room, and the frantic noise of the city seemed to fade into silence.

As the orchestra swelled into a breathtaking waltz, he offered his hand with a gentle, questioning smile. Sweeping across the polished parquet floor beneath glistening crystal chandeliers, the rhythm of the music mirrored the steady, joyful beating of their hearts.

As the morning sun kissed the rooftops of Sunlit Olive Grove, they knew that what started as a chance meeting had turned into a lifetime of love."
ST-0134,Serendipity at Winter Hearth Promise,Romance,Winter Hearth Promise,Snowed-In Alpine Cabin,Cozy,"fireplace, snow, cabin, blanket, whisper, tea, forever, romance, winter hearth promise, cozy","Years had passed since they last walked the familiar pathways of Snowed-In Alpine Cabin, yet every stone and archway still remembered their shared laughter.

Finding the same rare edition of sonnets tucked on a high shelf, their fingers brushed against the leather spine. What began as an apology blossomed into an effortless conversation over steaming porcelain cups of tea that lasted until closing time.

Hand in hand, they stepped into the future together, leaving behind the memories of solitude forever."
ST-0135,A Promise in Stargazing by the Lake,Romance,Stargazing by the Lake,Quiet Mountain Shore,Tender,"stars, reflection, lake, constellations, hand in hand, gentle, romance, stargazing by the lake, tender","The sweet aroma of jasmine and fresh rain lingered in Quiet Mountain Shore, creating an atmosphere ripe for unexpected beginnings.

Walking along the lantern-lit waterfront as waves lapped softly against the wooden pilings, he reached out and gently intertwined his fingers with hers. Words became unnecessary as the silent understanding between them filled the evening.

Underneath the starlit canopy of Quiet Mountain Shore, they promised that no matter what storms life brought, their hearts had finally found their permanent home."
ST-0136,The Waltz of The Florist's Secret,Romance,The Florist's Secret,Covent Garden Flower Stall,Charming,"roses, bouquets, spring, secret admirer, ribbon, blossom, romance, the florist's secret, charming","Rain tapped gently against the cafe windows overlooking Covent Garden Flower Stall, blurring the amber streetlights into soft watercolor halos.

Sharing an umbrella beneath the sudden downpour, they spoke for hours about forgotten dreams, favorite verses of poetry, and childhood memories. Every shared glance carried an electric warmth that made the chill evening air feel like midsummer.

With a lingering smile and a promise for tomorrow, they walked together into the glowing night, their story just beginning."
ST-0137,Midnight in Serendipity in Paris,Romance,Serendipity in Paris,Montmartre Cobblestone Alley,Heartwarming,"love, romance, cafe, destiny, paris, serendipity, art, serendipity in paris, heartwarming","It was the kind of crisp, unforgettable autumn afternoon in Montmartre Cobblestone Alley where chance encounters feel destined by the stars.

As the orchestra swelled into a breathtaking waltz, he offered his hand with a gentle, questioning smile. Sweeping across the polished parquet floor beneath glistening crystal chandeliers, the rhythm of the music mirrored the steady, joyful beating of their hearts.

As the morning sun kissed the rooftops of Montmartre Cobblestone Alley, they knew that what started as a chance meeting had turned into a lifetime of love."
ST-0138,Echoes of Love in Letters Across the Sea,Romance,Letters Across the Sea,Coastal Harbor Boardwalk,Poignant,"letters, penpal, ocean, lighthouse, waiting, heartfelt, reunion, romance, letters across the sea, poignant","Among the bustling crowds of Coastal Harbor Boardwalk, their eyes met across the room, and the frantic noise of the city seemed to fade into silence.

Finding the same rare edition of sonnets tucked on a high shelf, their fingers brushed against the leather spine. What began as an apology blossomed into an effortless conversation over steaming porcelain cups of tea that lasted until closing time.

Hand in hand, they stepped into the future together, leaving behind the memories of solitude forever."
ST-0139,Under the Stars of Waltz at Midnight,Romance,Waltz at Midnight,Viennese Grand Ballroom,Enchanting,"waltz, orchestra, chandelier, dance, gown, violin, gaze, romance, waltz at midnight, enchanting","Years had passed since they last walked the familiar pathways of Viennese Grand Ballroom, yet every stone and archway still remembered their shared laughter.

Walking along the lantern-lit waterfront as waves lapped softly against the wooden pilings, he reached out and gently intertwined his fingers with hers. Words became unnecessary as the silent understanding between them filled the evening.

Underneath the starlit canopy of Viennese Grand Ballroom, they promised that no matter what storms life brought, their hearts had finally found their permanent home."
ST-0140,A Heart in The Bookshop Encounter,Romance,The Bookshop Encounter,Old Bloomsbury Antiquarian,Sweet,"bookstore, poetry, rain, coffee, first glance, shared smile, romance, the bookshop encounter, sweet","The sweet aroma of jasmine and fresh rain lingered in Old Bloomsbury Antiquarian, creating an atmosphere ripe for unexpected beginnings.

Sharing an umbrella beneath the sudden downpour, they spoke for hours about forgotten dreams, favorite verses of poetry, and childhood memories. Every shared glance carried an electric warmth that made the chill evening air feel like midsummer.

With a lingering smile and a promise for tomorrow, they walked together into the glowing night, their story just beginning."
ST-0141,A Sunset in Summer in Tuscany,Romance,Summer in Tuscany,Sunlit Olive Grove,Romantic,"vineyard, sunset, tuscany, wine, laughter, golden hour, summer, romance, summer in tuscany, romantic","Rain tapped gently against the cafe windows overlooking Sunlit Olive Grove, blurring the amber streetlights into soft watercolor halos.

As the orchestra swelled into a breathtaking waltz, he offered his hand with a gentle, questioning smile. Sweeping across the polished parquet floor beneath glistening crystal chandeliers, the rhythm of the music mirrored the steady, joyful beating of their hearts.

As the morning sun kissed the rooftops of Sunlit Olive Grove, they knew that what started as a chance meeting had turned into a lifetime of love."
ST-0142,Letters from Winter Hearth Promise,Romance,Winter Hearth Promise,Snowed-In Alpine Cabin,Cozy,"fireplace, snow, cabin, blanket, whisper, tea, forever, romance, winter hearth promise, cozy","It was the kind of crisp, unforgettable autumn afternoon in Snowed-In Alpine Cabin where chance encounters feel destined by the stars.

Finding the same rare edition of sonnets tucked on a high shelf, their fingers brushed against the leather spine. What began as an apology blossomed into an effortless conversation over steaming porcelain cups of tea that lasted until closing time.

Hand in hand, they stepped into the future together, leaving behind the memories of solitude forever."
ST-0143,The Melody of Stargazing by the Lake,Romance,Stargazing by the Lake,Quiet Mountain Shore,Tender,"stars, reflection, lake, constellations, hand in hand, gentle, romance, stargazing by the lake, tender","Among the bustling crowds of Quiet Mountain Shore, their eyes met across the room, and the frantic noise of the city seemed to fade into silence.

Walking along the lantern-lit waterfront as waves lapped softly against the wooden pilings, he reached out and gently intertwined his fingers with hers. Words became unnecessary as the silent understanding between them filled the evening.

Underneath the starlit canopy of Quiet Mountain Shore, they promised that no matter what storms life brought, their hearts had finally found their permanent home."
ST-0144,Serendipity at The Florist's Secret,Romance,The Florist's Secret,Covent Garden Flower Stall,Charming,"roses, bouquets, spring, secret admirer, ribbon, blossom, romance, the florist's secret, charming","Years had passed since they last walked the familiar pathways of Covent Garden Flower Stall, yet every stone and archway still remembered their shared laughter.

Sharing an umbrella beneath the sudden downpour, they spoke for hours about forgotten dreams, favorite verses of poetry, and childhood memories. Every shared glance carried an electric warmth that made the chill evening air feel like midsummer.

With a lingering smile and a promise for tomorrow, they walked together into the glowing night, their story just beginning."
ST-0145,A Promise in Serendipity in Paris,Romance,Serendipity in Paris,Montmartre Cobblestone Alley,Heartwarming,"love, romance, cafe, destiny, paris, serendipity, art, serendipity in paris, heartwarming","The sweet aroma of jasmine and fresh rain lingered in Montmartre Cobblestone Alley, creating an atmosphere ripe for unexpected beginnings.

As the orchestra swelled into a breathtaking waltz, he offered his hand with a gentle, questioning smile. Sweeping across the polished parquet floor beneath glistening crystal chandeliers, the rhythm of the music mirrored the steady, joyful beating of their hearts.

As the morning sun kissed the rooftops of Montmartre Cobblestone Alley, they knew that what started as a chance meeting had turned into a lifetime of love."
ST-0146,The Waltz of Letters Across the Sea,Romance,Letters Across the Sea,Coastal Harbor Boardwalk,Poignant,"letters, penpal, ocean, lighthouse, waiting, heartfelt, reunion, romance, letters across the sea, poignant","Rain tapped gently against the cafe windows overlooking Coastal Harbor Boardwalk, blurring the amber streetlights into soft watercolor halos.

Finding the same rare edition of sonnets tucked on a high shelf, their fingers brushed against the leather spine. What began as an apology blossomed into an effortless conversation over steaming porcelain cups of tea that lasted until closing time.

Hand in hand, they stepped into the future together, leaving behind the memories of solitude forever."
ST-0147,Midnight in Waltz at Midnight,Romance,Waltz at Midnight,Viennese Grand Ballroom,Enchanting,"waltz, orchestra, chandelier, dance, gown, violin, gaze, romance, waltz at midnight, enchanting","It was the kind of crisp, unforgettable autumn afternoon in Viennese Grand Ballroom where chance encounters feel destined by the stars.

Walking along the lantern-lit waterfront as waves lapped softly against the wooden pilings, he reached out and gently intertwined his fingers with hers. Words became unnecessary as the silent understanding between them filled the evening.

Underneath the starlit canopy of Viennese Grand Ballroom, they promised that no matter what storms life brought, their hearts had finally found their permanent home."
ST-0148,Echoes of Love in The Bookshop Encounter,Romance,The Bookshop Encounter,Old Bloomsbury Antiquarian,Sweet,"bookstore, poetry, rain, coffee, first glance, shared smile, romance, the bookshop encounter, sweet","Among the bustling crowds of Old Bloomsbury Antiquarian, their eyes met across the room, and the frantic noise of the city seemed to fade into silence.

Sharing an umbrella beneath the sudden downpour, they spoke for hours about forgotten dreams, favorite verses of poetry, and childhood memories. Every shared glance carried an electric warmth that made the chill evening air feel like midsummer.

With a lingering smile and a promise for tomorrow, they walked together into the glowing night, their story just beginning."
ST-0149,Under the Stars of Summer in Tuscany,Romance,Summer in Tuscany,Sunlit Olive Grove,Romantic,"vineyard, sunset, tuscany, wine, laughter, golden hour, summer, romance, summer in tuscany, romantic","Years had passed since they last walked the familiar pathways of Sunlit Olive Grove, yet every stone and archway still remembered their shared laughter.

As the orchestra swelled into a breathtaking waltz, he offered his hand with a gentle, questioning smile. Sweeping across the polished parquet floor beneath glistening crystal chandeliers, the rhythm of the music mirrored the steady, joyful beating of their hearts.

As the morning sun kissed the rooftops of Sunlit Olive Grove, they knew that what started as a chance meeting had turned into a lifetime of love."
ST-0150,A Heart in Winter Hearth Promise,Romance,Winter Hearth Promise,Snowed-In Alpine Cabin,Cozy,"fireplace, snow, cabin, blanket, whisper, tea, forever, romance, winter hearth promise, cozy","The sweet aroma of jasmine and fresh rain lingered in Snowed-In Alpine Cabin, creating an atmosphere ripe for unexpected beginnings.

Finding the same rare edition of sonnets tucked on a high shelf, their fingers brushed against the leather spine. What began as an apology blossomed into an effortless conversation over steaming porcelain cups of tea that lasted until closing time.

Hand in hand, they stepped into the future together, leaving behind the memories of solitude forever."
ST-0151,A Sunset in Stargazing by the Lake,Romance,Stargazing by the Lake,Quiet Mountain Shore,Tender,"stars, reflection, lake, constellations, hand in hand, gentle, romance, stargazing by the lake, tender","Rain tapped gently against the cafe windows overlooking Quiet Mountain Shore, blurring the amber streetlights into soft watercolor halos.

Walking along the lantern-lit waterfront as waves lapped softly against the wooden pilings, he reached out and gently intertwined his fingers with hers. Words became unnecessary as the silent understanding between them filled the evening.

Underneath the starlit canopy of Quiet Mountain Shore, they promised that no matter what storms life brought, their hearts had finally found their permanent home."
ST-0152,Letters from The Florist's Secret,Romance,The Florist's Secret,Covent Garden Flower Stall,Charming,"roses, bouquets, spring, secret admirer, ribbon, blossom, romance, the florist's secret, charming","It was the kind of crisp, unforgettable autumn afternoon in Covent Garden Flower Stall where chance encounters feel destined by the stars.

Sharing an umbrella beneath the sudden downpour, they spoke for hours about forgotten dreams, favorite verses of poetry, and childhood memories. Every shared glance carried an electric warmth that made the chill evening air feel like midsummer.

With a lingering smile and a promise for tomorrow, they walked together into the glowing night, their story just beginning."
ST-0153,The Melody of Serendipity in Paris,Romance,Serendipity in Paris,Montmartre Cobblestone Alley,Heartwarming,"love, romance, cafe, destiny, paris, serendipity, art, serendipity in paris, heartwarming","Among the bustling crowds of Montmartre Cobblestone Alley, their eyes met across the room, and the frantic noise of the city seemed to fade into silence.

As the orchestra swelled into a breathtaking waltz, he offered his hand with a gentle, questioning smile. Sweeping across the polished parquet floor beneath glistening crystal chandeliers, the rhythm of the music mirrored the steady, joyful beating of their hearts.

As the morning sun kissed the rooftops of Montmartre Cobblestone Alley, they knew that what started as a chance meeting had turned into a lifetime of love."
ST-0154,Serendipity at Letters Across the Sea,Romance,Letters Across the Sea,Coastal Harbor Boardwalk,Poignant,"letters, penpal, ocean, lighthouse, waiting, heartfelt, reunion, romance, letters across the sea, poignant","Years had passed since they last walked the familiar pathways of Coastal Harbor Boardwalk, yet every stone and archway still remembered their shared laughter.

Finding the same rare edition of sonnets tucked on a high shelf, their fingers brushed against the leather spine. What began as an apology blossomed into an effortless conversation over steaming porcelain cups of tea that lasted until closing time.

Hand in hand, they stepped into the future together, leaving behind the memories of solitude forever."
ST-0155,A Promise in Waltz at Midnight,Romance,Waltz at Midnight,Viennese Grand Ballroom,Enchanting,"waltz, orchestra, chandelier, dance, gown, violin, gaze, romance, waltz at midnight, enchanting","The sweet aroma of jasmine and fresh rain lingered in Viennese Grand Ballroom, creating an atmosphere ripe for unexpected beginnings.

Walking along the lantern-lit waterfront as waves lapped softly against the wooden pilings, he reached out and gently intertwined his fingers with hers. Words became unnecessary as the silent understanding between them filled the evening.

Underneath the starlit canopy of Viennese Grand Ballroom, they promised that no matter what storms life brought, their hearts had finally found their permanent home."
ST-0156,The Waltz of The Bookshop Encounter,Romance,The Bookshop Encounter,Old Bloomsbury Antiquarian,Sweet,"bookstore, poetry, rain, coffee, first glance, shared smile, romance, the bookshop encounter, sweet","Rain tapped gently against the cafe windows overlooking Old Bloomsbury Antiquarian, blurring the amber streetlights into soft watercolor halos.

Sharing an umbrella beneath the sudden downpour, they spoke for hours about forgotten dreams, favorite verses of poetry, and childhood memories. Every shared glance carried an electric warmth that made the chill evening air feel like midsummer.

With a lingering smile and a promise for tomorrow, they walked together into the glowing night, their story just beginning."
ST-0157,Midnight in Summer in Tuscany,Romance,Summer in Tuscany,Sunlit Olive Grove,Romantic,"vineyard, sunset, tuscany, wine, laughter, golden hour, summer, romance, summer in tuscany, romantic","It was the kind of crisp, unforgettable autumn afternoon in Sunlit Olive Grove where chance encounters feel destined by the stars.

As the orchestra swelled into a breathtaking waltz, he offered his hand with a gentle, questioning smile. Sweeping across the polished parquet floor beneath glistening crystal chandeliers, the rhythm of the music mirrored the steady, joyful beating of their hearts.

As the morning sun kissed the rooftops of Sunlit Olive Grove, they knew that what started as a chance meeting had turned into a lifetime of love."
ST-0158,Echoes of Love in Winter Hearth Promise,Romance,Winter Hearth Promise,Snowed-In Alpine Cabin,Cozy,"fireplace, snow, cabin, blanket, whisper, tea, forever, romance, winter hearth promise, cozy","Among the bustling crowds of Snowed-In Alpine Cabin, their eyes met across the room, and the frantic noise of the city seemed to fade into silence.

Finding the same rare edition of sonnets tucked on a high shelf, their fingers brushed against the leather spine. What began as an apology blossomed into an effortless conversation over steaming porcelain cups of tea that lasted until closing time.

Hand in hand, they stepped into the future together, leaving behind the memories of solitude forever."
ST-0159,Under the Stars of Stargazing by the Lake,Romance,Stargazing by the Lake,Quiet Mountain Shore,Tender,"stars, reflection, lake, constellations, hand in hand, gentle, romance, stargazing by the lake, tender","Years had passed since they last walked the familiar pathways of Quiet Mountain Shore, yet every stone and archway still remembered their shared laughter.

Walking along the lantern-lit waterfront as waves lapped softly against the wooden pilings, he reached out and gently intertwined his fingers with hers. Words became unnecessary as the silent understanding between them filled the evening.

Underneath the starlit canopy of Quiet Mountain Shore, they promised that no matter what storms life brought, their hearts had finally found their permanent home."
ST-0160,A Heart in The Florist's Secret,Romance,The Florist's Secret,Covent Garden Flower Stall,Charming,"roses, bouquets, spring, secret admirer, ribbon, blossom, romance, the florist's secret, charming","The sweet aroma of jasmine and fresh rain lingered in Covent Garden Flower Stall, creating an atmosphere ripe for unexpected beginnings.

Sharing an umbrella beneath the sudden downpour, they spoke for hours about forgotten dreams, favorite verses of poetry, and childhood memories. Every shared glance carried an electric warmth that made the chill evening air feel like midsummer.

With a lingering smile and a promise for tomorrow, they walked together into the glowing night, their story just beginning."
ST-0161,The Great The Great Pancake Catastrophe Mishap,Comedy,The Great Pancake Catastrophe,Sunday Morning Kitchen,Hilarious,"pancakes, flour, cooking, cat, mishap, funny, breakfast, comedy, the great pancake catastrophe, hilarious","According to the instruction manual, nothing could possibly go wrong in Sunday Morning Kitchen—which was naturally the first red flag.

The parrot seized the mayor's reading glasses mid-sentence, swooping over the champagne fountain while reciting the secret recipe for Aunt Clara's rhubarb pie. Distinguished guests dove behind hydrangeas as pastry trays clattered to the grass.

Wiping tears of laughter from their eyes, the neighbors shared cups of cider and voted to make the chaotic event an annual tradition."
ST-0162,Chaos at The Mayor's runaway Parrot,Comedy,The Mayor's runaway Parrot,Town Hall Garden Party,Witty,"parrot, speech, chaos, feathers, funny, chase, garden, comedy, the mayor's runaway parrot, witty","It began on a tranquil Saturday morning in Town Hall Garden Party before the laws of physics took a brief, comical vacation.

Attempting to pull a white rabbit from the silk top hat, the magician instead produced three surprised pigeons, two linked sausages, and the mayor's missing wallet. The audience erupted into roaring applause, assuming the confusion was brilliant theatrical slapstick.

As the smoke cleared and the rogue parrot finally landed on the podium, Arthur took a graceful bow to thunderous cheers."
ST-0163,The Accidental The Clumsy Magician,Comedy,The Clumsy Magician,Village Carnival Stage,Amusing,"magician, rabbit, hat, tricks, confetti, stage, laughter, comedy, the clumsy magician, amusing","Professor Barnaby firmly believed that his new demonstration in Village Carnival Stage would win him the Nobel Prize, rather than a visit from the fire brigade.

The self-propelling lawnmower gained unexpected sentience, gracefully trimming the neighbor's prized hedges into the exact likeness of a dancing poodle while spraying colorful sprinkler jets in synchronized rhythm.

Covered in frosting and breathless with uncontrollable laughter, everyone agreed that the afternoon at Village Carnival Stage was the best party the town had ever seen."
ST-0164,Pandemonium in The Accidental Invention,Comedy,The Accidental Invention,Basement Workshop,Silly,"invention, gadget, smoke, gears, bubble, whimsical, funny, comedy, the accidental invention, silly","The town gossip had already predicted chaos in Basement Workshop, but even she under-estimated the impending pandemonium by half.

With a thunderous POP, the batter dispenser ricocheted off the toaster, propelling a golden projectile across the ceiling. The family cat leaped in acrobatic pursuit, knocking over the flour canister and transforming the entire room into a winter wonderland of powdered sugar.

The demonstration was universally declared an accidental masterpiece, earning a standing ovation and three awards for comedic ingenuity."
ST-0165,The Hilarious Tale of The Dog Walker's Dilemma,Comedy,The Dog Walker's Dilemma,Busy City Park,Playful,"dogs, leash, tangle, park, squirrel, funny, chaos, comedy, the dog walker's dilemma, playful","If anyone had asked Arthur why he was standing in Busy City Park dressed in a velvet cape, he would have blamed his overly enthusiastic pet.

The parrot seized the mayor's reading glasses mid-sentence, swooping over the champagne fountain while reciting the secret recipe for Aunt Clara's rhubarb pie. Distinguished guests dove behind hydrangeas as pastry trays clattered to the grass.

Wiping tears of laughter from their eyes, the neighbors shared cups of cider and voted to make the chaotic event an annual tradition."
ST-0166,The Catastrophe at The Royal Baker's Blunder,Comedy,The Royal Baker's Blunder,Palace Pastry Kitchen,Charming,"cake, frosting, slippery, duke, chef, laughter, icing, comedy, the royal baker's blunder, charming","According to the instruction manual, nothing could possibly go wrong in Palace Pastry Kitchen—which was naturally the first red flag.

Attempting to pull a white rabbit from the silk top hat, the magician instead produced three surprised pigeons, two linked sausages, and the mayor's missing wallet. The audience erupted into roaring applause, assuming the confusion was brilliant theatrical slapstick.

As the smoke cleared and the rogue parrot finally landed on the podium, Arthur took a graceful bow to thunderous cheers."
ST-0167,A Funny Thing in The Theater Audition Fiasco,Comedy,The Theater Audition Fiasco,Broadway Rehearsal Hall,Witty,"audition, costume, lines, stage, slip, director, funny, comedy, the theater audition fiasco, witty","It began on a tranquil Saturday morning in Broadway Rehearsal Hall before the laws of physics took a brief, comical vacation.

The self-propelling lawnmower gained unexpected sentience, gracefully trimming the neighbor's prized hedges into the exact likeness of a dancing poodle while spraying colorful sprinkler jets in synchronized rhythm.

Covered in frosting and breathless with uncontrollable laughter, everyone agreed that the afternoon at Broadway Rehearsal Hall was the best party the town had ever seen."
ST-0168,The Case of the Flying The Over-Engineered Garden Gnome,Comedy,The Over-Engineered Garden Gnome,Suburban Lawn Championship,Hilarious,"gnome, lawn, contest, neighbor, sprinkler, mishap, comedy, the over-engineered garden gnome, hilarious","Professor Barnaby firmly believed that his new demonstration in Suburban Lawn Championship would win him the Nobel Prize, rather than a visit from the fire brigade.

With a thunderous POP, the batter dispenser ricocheted off the toaster, propelling a golden projectile across the ceiling. The family cat leaped in acrobatic pursuit, knocking over the flour canister and transforming the entire room into a winter wonderland of powdered sugar.

The demonstration was universally declared an accidental masterpiece, earning a standing ovation and three awards for comedic ingenuity."
ST-0169,The Misadventures at The Great Pancake Catastrophe,Comedy,The Great Pancake Catastrophe,Sunday Morning Kitchen,Hilarious,"pancakes, flour, cooking, cat, mishap, funny, breakfast, comedy, the great pancake catastrophe, hilarious","The town gossip had already predicted chaos in Sunday Morning Kitchen, but even she under-estimated the impending pandemonium by half.

The parrot seized the mayor's reading glasses mid-sentence, swooping over the champagne fountain while reciting the secret recipe for Aunt Clara's rhubarb pie. Distinguished guests dove behind hydrangeas as pastry trays clattered to the grass.

Wiping tears of laughter from their eyes, the neighbors shared cups of cider and voted to make the chaotic event an annual tradition."
ST-0170,The Bumbling The Mayor's runaway Parrot,Comedy,The Mayor's runaway Parrot,Town Hall Garden Party,Witty,"parrot, speech, chaos, feathers, funny, chase, garden, comedy, the mayor's runaway parrot, witty","If anyone had asked Arthur why he was standing in Town Hall Garden Party dressed in a velvet cape, he would have blamed his overly enthusiastic pet.

Attempting to pull a white rabbit from the silk top hat, the magician instead produced three surprised pigeons, two linked sausages, and the mayor's missing wallet. The audience erupted into roaring applause, assuming the confusion was brilliant theatrical slapstick.

As the smoke cleared and the rogue parrot finally landed on the podium, Arthur took a graceful bow to thunderous cheers."
ST-0171,The Great The Clumsy Magician Mishap,Comedy,The Clumsy Magician,Village Carnival Stage,Amusing,"magician, rabbit, hat, tricks, confetti, stage, laughter, comedy, the clumsy magician, amusing","According to the instruction manual, nothing could possibly go wrong in Village Carnival Stage—which was naturally the first red flag.

The self-propelling lawnmower gained unexpected sentience, gracefully trimming the neighbor's prized hedges into the exact likeness of a dancing poodle while spraying colorful sprinkler jets in synchronized rhythm.

Covered in frosting and breathless with uncontrollable laughter, everyone agreed that the afternoon at Village Carnival Stage was the best party the town had ever seen."
ST-0172,Chaos at The Accidental Invention,Comedy,The Accidental Invention,Basement Workshop,Silly,"invention, gadget, smoke, gears, bubble, whimsical, funny, comedy, the accidental invention, silly","It began on a tranquil Saturday morning in Basement Workshop before the laws of physics took a brief, comical vacation.

With a thunderous POP, the batter dispenser ricocheted off the toaster, propelling a golden projectile across the ceiling. The family cat leaped in acrobatic pursuit, knocking over the flour canister and transforming the entire room into a winter wonderland of powdered sugar.

The demonstration was universally declared an accidental masterpiece, earning a standing ovation and three awards for comedic ingenuity."
ST-0173,The Accidental The Dog Walker's Dilemma,Comedy,The Dog Walker's Dilemma,Busy City Park,Playful,"dogs, leash, tangle, park, squirrel, funny, chaos, comedy, the dog walker's dilemma, playful","Professor Barnaby firmly believed that his new demonstration in Busy City Park would win him the Nobel Prize, rather than a visit from the fire brigade.

The parrot seized the mayor's reading glasses mid-sentence, swooping over the champagne fountain while reciting the secret recipe for Aunt Clara's rhubarb pie. Distinguished guests dove behind hydrangeas as pastry trays clattered to the grass.

Wiping tears of laughter from their eyes, the neighbors shared cups of cider and voted to make the chaotic event an annual tradition."
ST-0174,Pandemonium in The Royal Baker's Blunder,Comedy,The Royal Baker's Blunder,Palace Pastry Kitchen,Charming,"cake, frosting, slippery, duke, chef, laughter, icing, comedy, the royal baker's blunder, charming","The town gossip had already predicted chaos in Palace Pastry Kitchen, but even she under-estimated the impending pandemonium by half.

Attempting to pull a white rabbit from the silk top hat, the magician instead produced three surprised pigeons, two linked sausages, and the mayor's missing wallet. The audience erupted into roaring applause, assuming the confusion was brilliant theatrical slapstick.

As the smoke cleared and the rogue parrot finally landed on the podium, Arthur took a graceful bow to thunderous cheers."
ST-0175,The Hilarious Tale of The Theater Audition Fiasco,Comedy,The Theater Audition Fiasco,Broadway Rehearsal Hall,Witty,"audition, costume, lines, stage, slip, director, funny, comedy, the theater audition fiasco, witty","If anyone had asked Arthur why he was standing in Broadway Rehearsal Hall dressed in a velvet cape, he would have blamed his overly enthusiastic pet.

The self-propelling lawnmower gained unexpected sentience, gracefully trimming the neighbor's prized hedges into the exact likeness of a dancing poodle while spraying colorful sprinkler jets in synchronized rhythm.

Covered in frosting and breathless with uncontrollable laughter, everyone agreed that the afternoon at Broadway Rehearsal Hall was the best party the town had ever seen."
ST-0176,The Catastrophe at The Over-Engineered Garden Gnome,Comedy,The Over-Engineered Garden Gnome,Suburban Lawn Championship,Hilarious,"gnome, lawn, contest, neighbor, sprinkler, mishap, comedy, the over-engineered garden gnome, hilarious","According to the instruction manual, nothing could possibly go wrong in Suburban Lawn Championship—which was naturally the first red flag.

With a thunderous POP, the batter dispenser ricocheted off the toaster, propelling a golden projectile across the ceiling. The family cat leaped in acrobatic pursuit, knocking over the flour canister and transforming the entire room into a winter wonderland of powdered sugar.

The demonstration was universally declared an accidental masterpiece, earning a standing ovation and three awards for comedic ingenuity."
ST-0177,A Funny Thing in The Great Pancake Catastrophe,Comedy,The Great Pancake Catastrophe,Sunday Morning Kitchen,Hilarious,"pancakes, flour, cooking, cat, mishap, funny, breakfast, comedy, the great pancake catastrophe, hilarious","It began on a tranquil Saturday morning in Sunday Morning Kitchen before the laws of physics took a brief, comical vacation.

The parrot seized the mayor's reading glasses mid-sentence, swooping over the champagne fountain while reciting the secret recipe for Aunt Clara's rhubarb pie. Distinguished guests dove behind hydrangeas as pastry trays clattered to the grass.

Wiping tears of laughter from their eyes, the neighbors shared cups of cider and voted to make the chaotic event an annual tradition."
ST-0178,The Case of the Flying The Mayor's runaway Parrot,Comedy,The Mayor's runaway Parrot,Town Hall Garden Party,Witty,"parrot, speech, chaos, feathers, funny, chase, garden, comedy, the mayor's runaway parrot, witty","Professor Barnaby firmly believed that his new demonstration in Town Hall Garden Party would win him the Nobel Prize, rather than a visit from the fire brigade.

Attempting to pull a white rabbit from the silk top hat, the magician instead produced three surprised pigeons, two linked sausages, and the mayor's missing wallet. The audience erupted into roaring applause, assuming the confusion was brilliant theatrical slapstick.

As the smoke cleared and the rogue parrot finally landed on the podium, Arthur took a graceful bow to thunderous cheers."
ST-0179,The Misadventures at The Clumsy Magician,Comedy,The Clumsy Magician,Village Carnival Stage,Amusing,"magician, rabbit, hat, tricks, confetti, stage, laughter, comedy, the clumsy magician, amusing","The town gossip had already predicted chaos in Village Carnival Stage, but even she under-estimated the impending pandemonium by half.

The self-propelling lawnmower gained unexpected sentience, gracefully trimming the neighbor's prized hedges into the exact likeness of a dancing poodle while spraying colorful sprinkler jets in synchronized rhythm.

Covered in frosting and breathless with uncontrollable laughter, everyone agreed that the afternoon at Village Carnival Stage was the best party the town had ever seen."
ST-0180,The Bumbling The Accidental Invention,Comedy,The Accidental Invention,Basement Workshop,Silly,"invention, gadget, smoke, gears, bubble, whimsical, funny, comedy, the accidental invention, silly","If anyone had asked Arthur why he was standing in Basement Workshop dressed in a velvet cape, he would have blamed his overly enthusiastic pet.

With a thunderous POP, the batter dispenser ricocheted off the toaster, propelling a golden projectile across the ceiling. The family cat leaped in acrobatic pursuit, knocking over the flour canister and transforming the entire room into a winter wonderland of powdered sugar.

The demonstration was universally declared an accidental masterpiece, earning a standing ovation and three awards for comedic ingenuity."
ST-0181,The Great The Dog Walker's Dilemma Mishap,Comedy,The Dog Walker's Dilemma,Busy City Park,Playful,"dogs, leash, tangle, park, squirrel, funny, chaos, comedy, the dog walker's dilemma, playful","According to the instruction manual, nothing could possibly go wrong in Busy City Park—which was naturally the first red flag.

The parrot seized the mayor's reading glasses mid-sentence, swooping over the champagne fountain while reciting the secret recipe for Aunt Clara's rhubarb pie. Distinguished guests dove behind hydrangeas as pastry trays clattered to the grass.

Wiping tears of laughter from their eyes, the neighbors shared cups of cider and voted to make the chaotic event an annual tradition."
ST-0182,Chaos at The Royal Baker's Blunder,Comedy,The Royal Baker's Blunder,Palace Pastry Kitchen,Charming,"cake, frosting, slippery, duke, chef, laughter, icing, comedy, the royal baker's blunder, charming","It began on a tranquil Saturday morning in Palace Pastry Kitchen before the laws of physics took a brief, comical vacation.

Attempting to pull a white rabbit from the silk top hat, the magician instead produced three surprised pigeons, two linked sausages, and the mayor's missing wallet. The audience erupted into roaring applause, assuming the confusion was brilliant theatrical slapstick.

As the smoke cleared and the rogue parrot finally landed on the podium, Arthur took a graceful bow to thunderous cheers."
ST-0183,The Accidental The Theater Audition Fiasco,Comedy,The Theater Audition Fiasco,Broadway Rehearsal Hall,Witty,"audition, costume, lines, stage, slip, director, funny, comedy, the theater audition fiasco, witty","Professor Barnaby firmly believed that his new demonstration in Broadway Rehearsal Hall would win him the Nobel Prize, rather than a visit from the fire brigade.

The self-propelling lawnmower gained unexpected sentience, gracefully trimming the neighbor's prized hedges into the exact likeness of a dancing poodle while spraying colorful sprinkler jets in synchronized rhythm.

Covered in frosting and breathless with uncontrollable laughter, everyone agreed that the afternoon at Broadway Rehearsal Hall was the best party the town had ever seen."
ST-0184,Pandemonium in The Over-Engineered Garden Gnome,Comedy,The Over-Engineered Garden Gnome,Suburban Lawn Championship,Hilarious,"gnome, lawn, contest, neighbor, sprinkler, mishap, comedy, the over-engineered garden gnome, hilarious","The town gossip had already predicted chaos in Suburban Lawn Championship, but even she under-estimated the impending pandemonium by half.

With a thunderous POP, the batter dispenser ricocheted off the toaster, propelling a golden projectile across the ceiling. The family cat leaped in acrobatic pursuit, knocking over the flour canister and transforming the entire room into a winter wonderland of powdered sugar.

The demonstration was universally declared an accidental masterpiece, earning a standing ovation and three awards for comedic ingenuity."
ST-0185,The Hilarious Tale of The Great Pancake Catastrophe,Comedy,The Great Pancake Catastrophe,Sunday Morning Kitchen,Hilarious,"pancakes, flour, cooking, cat, mishap, funny, breakfast, comedy, the great pancake catastrophe, hilarious","If anyone had asked Arthur why he was standing in Sunday Morning Kitchen dressed in a velvet cape, he would have blamed his overly enthusiastic pet.

The parrot seized the mayor's reading glasses mid-sentence, swooping over the champagne fountain while reciting the secret recipe for Aunt Clara's rhubarb pie. Distinguished guests dove behind hydrangeas as pastry trays clattered to the grass.

Wiping tears of laughter from their eyes, the neighbors shared cups of cider and voted to make the chaotic event an annual tradition."
ST-0186,The Catastrophe at The Mayor's runaway Parrot,Comedy,The Mayor's runaway Parrot,Town Hall Garden Party,Witty,"parrot, speech, chaos, feathers, funny, chase, garden, comedy, the mayor's runaway parrot, witty","According to the instruction manual, nothing could possibly go wrong in Town Hall Garden Party—which was naturally the first red flag.

Attempting to pull a white rabbit from the silk top hat, the magician instead produced three surprised pigeons, two linked sausages, and the mayor's missing wallet. The audience erupted into roaring applause, assuming the confusion was brilliant theatrical slapstick.

As the smoke cleared and the rogue parrot finally landed on the podium, Arthur took a graceful bow to thunderous cheers."
ST-0187,A Funny Thing in The Clumsy Magician,Comedy,The Clumsy Magician,Village Carnival Stage,Amusing,"magician, rabbit, hat, tricks, confetti, stage, laughter, comedy, the clumsy magician, amusing","It began on a tranquil Saturday morning in Village Carnival Stage before the laws of physics took a brief, comical vacation.

The self-propelling lawnmower gained unexpected sentience, gracefully trimming the neighbor's prized hedges into the exact likeness of a dancing poodle while spraying colorful sprinkler jets in synchronized rhythm.

Covered in frosting and breathless with uncontrollable laughter, everyone agreed that the afternoon at Village Carnival Stage was the best party the town had ever seen."
ST-0188,The Case of the Flying The Accidental Invention,Comedy,The Accidental Invention,Basement Workshop,Silly,"invention, gadget, smoke, gears, bubble, whimsical, funny, comedy, the accidental invention, silly","Professor Barnaby firmly believed that his new demonstration in Basement Workshop would win him the Nobel Prize, rather than a visit from the fire brigade.

With a thunderous POP, the batter dispenser ricocheted off the toaster, propelling a golden projectile across the ceiling. The family cat leaped in acrobatic pursuit, knocking over the flour canister and transforming the entire room into a winter wonderland of powdered sugar.

The demonstration was universally declared an accidental masterpiece, earning a standing ovation and three awards for comedic ingenuity."
ST-0189,The Misadventures at The Dog Walker's Dilemma,Comedy,The Dog Walker's Dilemma,Busy City Park,Playful,"dogs, leash, tangle, park, squirrel, funny, chaos, comedy, the dog walker's dilemma, playful","The town gossip had already predicted chaos in Busy City Park, but even she under-estimated the impending pandemonium by half.

The parrot seized the mayor's reading glasses mid-sentence, swooping over the champagne fountain while reciting the secret recipe for Aunt Clara's rhubarb pie. Distinguished guests dove behind hydrangeas as pastry trays clattered to the grass.

Wiping tears of laughter from their eyes, the neighbors shared cups of cider and voted to make the chaotic event an annual tradition."
ST-0190,The Bumbling The Royal Baker's Blunder,Comedy,The Royal Baker's Blunder,Palace Pastry Kitchen,Charming,"cake, frosting, slippery, duke, chef, laughter, icing, comedy, the royal baker's blunder, charming","If anyone had asked Arthur why he was standing in Palace Pastry Kitchen dressed in a velvet cape, he would have blamed his overly enthusiastic pet.

Attempting to pull a white rabbit from the silk top hat, the magician instead produced three surprised pigeons, two linked sausages, and the mayor's missing wallet. The audience erupted into roaring applause, assuming the confusion was brilliant theatrical slapstick.

As the smoke cleared and the rogue parrot finally landed on the podium, Arthur took a graceful bow to thunderous cheers."
ST-0191,The Great The Theater Audition Fiasco Mishap,Comedy,The Theater Audition Fiasco,Broadway Rehearsal Hall,Witty,"audition, costume, lines, stage, slip, director, funny, comedy, the theater audition fiasco, witty","According to the instruction manual, nothing could possibly go wrong in Broadway Rehearsal Hall—which was naturally the first red flag.

The self-propelling lawnmower gained unexpected sentience, gracefully trimming the neighbor's prized hedges into the exact likeness of a dancing poodle while spraying colorful sprinkler jets in synchronized rhythm.

Covered in frosting and breathless with uncontrollable laughter, everyone agreed that the afternoon at Broadway Rehearsal Hall was the best party the town had ever seen."
ST-0192,Chaos at The Over-Engineered Garden Gnome,Comedy,The Over-Engineered Garden Gnome,Suburban Lawn Championship,Hilarious,"gnome, lawn, contest, neighbor, sprinkler, mishap, comedy, the over-engineered garden gnome, hilarious","It began on a tranquil Saturday morning in Suburban Lawn Championship before the laws of physics took a brief, comical vacation.

With a thunderous POP, the batter dispenser ricocheted off the toaster, propelling a golden projectile across the ceiling. The family cat leaped in acrobatic pursuit, knocking over the flour canister and transforming the entire room into a winter wonderland of powdered sugar.

The demonstration was universally declared an accidental masterpiece, earning a standing ovation and three awards for comedic ingenuity."
ST-0193,The Accidental The Great Pancake Catastrophe,Comedy,The Great Pancake Catastrophe,Sunday Morning Kitchen,Hilarious,"pancakes, flour, cooking, cat, mishap, funny, breakfast, comedy, the great pancake catastrophe, hilarious","Professor Barnaby firmly believed that his new demonstration in Sunday Morning Kitchen would win him the Nobel Prize, rather than a visit from the fire brigade.

The parrot seized the mayor's reading glasses mid-sentence, swooping over the champagne fountain while reciting the secret recipe for Aunt Clara's rhubarb pie. Distinguished guests dove behind hydrangeas as pastry trays clattered to the grass.

Wiping tears of laughter from their eyes, the neighbors shared cups of cider and voted to make the chaotic event an annual tradition."
ST-0194,Pandemonium in The Mayor's runaway Parrot,Comedy,The Mayor's runaway Parrot,Town Hall Garden Party,Witty,"parrot, speech, chaos, feathers, funny, chase, garden, comedy, the mayor's runaway parrot, witty","The town gossip had already predicted chaos in Town Hall Garden Party, but even she under-estimated the impending pandemonium by half.

Attempting to pull a white rabbit from the silk top hat, the magician instead produced three surprised pigeons, two linked sausages, and the mayor's missing wallet. The audience erupted into roaring applause, assuming the confusion was brilliant theatrical slapstick.

As the smoke cleared and the rogue parrot finally landed on the podium, Arthur took a graceful bow to thunderous cheers."
ST-0195,The Hilarious Tale of The Clumsy Magician,Comedy,The Clumsy Magician,Village Carnival Stage,Amusing,"magician, rabbit, hat, tricks, confetti, stage, laughter, comedy, the clumsy magician, amusing","If anyone had asked Arthur why he was standing in Village Carnival Stage dressed in a velvet cape, he would have blamed his overly enthusiastic pet.

The self-propelling lawnmower gained unexpected sentience, gracefully trimming the neighbor's prized hedges into the exact likeness of a dancing poodle while spraying colorful sprinkler jets in synchronized rhythm.

Covered in frosting and breathless with uncontrollable laughter, everyone agreed that the afternoon at Village Carnival Stage was the best party the town had ever seen."
ST-0196,The Catastrophe at The Accidental Invention,Comedy,The Accidental Invention,Basement Workshop,Silly,"invention, gadget, smoke, gears, bubble, whimsical, funny, comedy, the accidental invention, silly","According to the instruction manual, nothing could possibly go wrong in Basement Workshop—which was naturally the first red flag.

With a thunderous POP, the batter dispenser ricocheted off the toaster, propelling a golden projectile across the ceiling. The family cat leaped in acrobatic pursuit, knocking over the flour canister and transforming the entire room into a winter wonderland of powdered sugar.

The demonstration was universally declared an accidental masterpiece, earning a standing ovation and three awards for comedic ingenuity."
ST-0197,A Funny Thing in The Dog Walker's Dilemma,Comedy,The Dog Walker's Dilemma,Busy City Park,Playful,"dogs, leash, tangle, park, squirrel, funny, chaos, comedy, the dog walker's dilemma, playful","It began on a tranquil Saturday morning in Busy City Park before the laws of physics took a brief, comical vacation.

The parrot seized the mayor's reading glasses mid-sentence, swooping over the champagne fountain while reciting the secret recipe for Aunt Clara's rhubarb pie. Distinguished guests dove behind hydrangeas as pastry trays clattered to the grass.

Wiping tears of laughter from their eyes, the neighbors shared cups of cider and voted to make the chaotic event an annual tradition."
ST-0198,The Case of the Flying The Royal Baker's Blunder,Comedy,The Royal Baker's Blunder,Palace Pastry Kitchen,Charming,"cake, frosting, slippery, duke, chef, laughter, icing, comedy, the royal baker's blunder, charming","Professor Barnaby firmly believed that his new demonstration in Palace Pastry Kitchen would win him the Nobel Prize, rather than a visit from the fire brigade.

Attempting to pull a white rabbit from the silk top hat, the magician instead produced three surprised pigeons, two linked sausages, and the mayor's missing wallet. The audience erupted into roaring applause, assuming the confusion was brilliant theatrical slapstick.

As the smoke cleared and the rogue parrot finally landed on the podium, Arthur took a graceful bow to thunderous cheers."
ST-0199,The Misadventures at The Theater Audition Fiasco,Comedy,The Theater Audition Fiasco,Broadway Rehearsal Hall,Witty,"audition, costume, lines, stage, slip, director, funny, comedy, the theater audition fiasco, witty","The town gossip had already predicted chaos in Broadway Rehearsal Hall, but even she under-estimated the impending pandemonium by half.

The self-propelling lawnmower gained unexpected sentience, gracefully trimming the neighbor's prized hedges into the exact likeness of a dancing poodle while spraying colorful sprinkler jets in synchronized rhythm.

Covered in frosting and breathless with uncontrollable laughter, everyone agreed that the afternoon at Broadway Rehearsal Hall was the best party the town had ever seen."
ST-0200,The Bumbling The Over-Engineered Garden Gnome,Comedy,The Over-Engineered Garden Gnome,Suburban Lawn Championship,Hilarious,"gnome, lawn, contest, neighbor, sprinkler, mishap, comedy, the over-engineered garden gnome, hilarious","If anyone had asked Arthur why he was standing in Suburban Lawn Championship dressed in a velvet cape, he would have blamed his overly enthusiastic pet.

With a thunderous POP, the batter dispenser ricocheted off the toaster, propelling a golden projectile across the ceiling. The family cat leaped in acrobatic pursuit, knocking over the flour canister and transforming the entire room into a winter wonderland of powdered sugar.

The demonstration was universally declared an accidental masterpiece, earning a standing ovation and three awards for comedic ingenuity."
ST-0201,The Legend of the The Starlight Dragon,Fantasy,The Starlight Dragon,Crystal Mountain Citadel,Epic,"dragon, magic, crystal, stars, wizard, spell, enchanted, fantasy, the starlight dragon, epic","High above the mortal world, among the shimmering towers of Crystal Mountain Citadel, ancient runes pulsed with luminescent violet energy.

The forged blade hummed with radiant moonlight, illuminating the ancient dwarven carvings along the cavern walls. As the guardian dragon unfurled its translucent wings of sapphire scales, it lowered its mighty head in solemn recognition of the true heir.

The celestial portal closed gently, leaving behind a tranquil night sky and a legacy of courage etched into the stars."
ST-0202,The Blade of The Moonstone Blade,Fantasy,The Moonstone Blade,Elven Forest Sanctuary,Mystical,"elven, sword, moonstone, magic, grove, blade, runes, fantasy, the moonstone blade, mystical","Legends spoke of the celestial epoch when the archmages first wove the fabric of time within the sanctuary of Elven Forest Sanctuary.

Vials of shimmering essence bubbled inside the brass alembics, releasing fragrant vapors of ambergris and starlight. With a soft resonance like silver bells, the golden grimoire floated into the air, its pages turning to reveal the forgotten ritual of renewal.

And so the song of Elven Forest Sanctuary was sung by elven bards in every hall, keeping the eternal memory of the magical quest alive."
ST-0203,Chronicles of the The Alchemist's Portal,Fantasy,The Alchemist's Portal,Tower of Ancient Secrets,Wondrous,"portal, alchemy, scroll, potions, dimension, spark, magic, fantasy, the alchemist's portal, wondrous","A shimmering veil of stardust drifted across Tower of Ancient Secrets, heralding the awakening of powers dormant for a thousand winters.

Weaving threads of pure moonlight upon the astral loom, the sorceress repaired the shattered constellation. Across the sky, stars ignited one by one in brilliant harmony, showering the realm with blessings of peace and bountiful harvests.

With the realm saved and the balance of magic restored, the heroes looked down from Tower of Ancient Secrets onto a world bathed in renewed wonder."
ST-0204,The Spell of The Phoenix Feather Quest,Fantasy,The Phoenix Feather Quest,Volcanic Ash Peak,Heroic,"phoenix, fire, feather, quest, flame, mythical, destiny, fantasy, the phoenix feather quest, heroic","The young apprentice stood before the towering obsidian gateway of Volcanic Ash Peak, clutching an iron key etched with elemental sigils.

Chanting the ancient incantation inscribed on the parchment, the mage raised the crystal staff. Beams of iridescent light converged on the monolith, dissolving the barrier between worlds. Winged celestial beasts leaped from the astral rift, circling the chamber with majestic grace.

The legendary artifact was placed upon its ancestral pedestal in Volcanic Ash Peak, where its light would protect the kingdom for centuries to come."
ST-0205,The Dragon of The Whispering Grimoire,Fantasy,The Whispering Grimoire,Grand Arcane Archive,Enchanting,"grimoire, spells, archive, runes, apprentice, staff, magic, fantasy, the whispering grimoire, enchanting","Deep in the heart of Grand Arcane Archive, where starlight never faded, the sacred flame burned with a steady emerald glow.

The forged blade hummed with radiant moonlight, illuminating the ancient dwarven carvings along the cavern walls. As the guardian dragon unfurled its translucent wings of sapphire scales, it lowered its mighty head in solemn recognition of the true heir.

The celestial portal closed gently, leaving behind a tranquil night sky and a legacy of courage etched into the stars."
ST-0206,The Secret Realm of The Enchanted Clockwork Golem,Fantasy,The Enchanted Clockwork Golem,Dwarven Under-City Forge,Epic,"golem, dwarven, forge, runestones, hammer, cogs, magic, fantasy, the enchanted clockwork golem, epic","High above the mortal world, among the shimmering towers of Dwarven Under-City Forge, ancient runes pulsed with luminescent violet energy.

Vials of shimmering essence bubbled inside the brass alembics, releasing fragrant vapors of ambergris and starlight. With a soft resonance like silver bells, the golden grimoire floated into the air, its pages turning to reveal the forgotten ritual of renewal.

And so the song of Dwarven Under-City Forge was sung by elven bards in every hall, keeping the eternal memory of the magical quest alive."
ST-0207,The Alchemist of The Siren's Pearl,Fantasy,The Siren's Pearl,Sunken Coral Palace,Mysterious,"siren, ocean, pearl, underwater, tides, crown, myth, fantasy, the siren's pearl, mysterious","Legends spoke of the celestial epoch when the archmages first wove the fabric of time within the sanctuary of Sunken Coral Palace.

Weaving threads of pure moonlight upon the astral loom, the sorceress repaired the shattered constellation. Across the sky, stars ignited one by one in brilliant harmony, showering the realm with blessings of peace and bountiful harvests.

With the realm saved and the balance of magic restored, the heroes looked down from Sunken Coral Palace onto a world bathed in renewed wonder."
ST-0208,The Star of The Celestial Weaver,Fantasy,The Celestial Weaver,Cloud Spire Observatorium,Sublime,"clouds, celestial, loom, tapestry, starlight, goddess, cosmos, fantasy, the celestial weaver, sublime","A shimmering veil of stardust drifted across Cloud Spire Observatorium, heralding the awakening of powers dormant for a thousand winters.

Chanting the ancient incantation inscribed on the parchment, the mage raised the crystal staff. Beams of iridescent light converged on the monolith, dissolving the barrier between worlds. Winged celestial beasts leaped from the astral rift, circling the chamber with majestic grace.

The legendary artifact was placed upon its ancestral pedestal in Cloud Spire Observatorium, where its light would protect the kingdom for centuries to come."
ST-0209,The Citadel of The Starlight Dragon,Fantasy,The Starlight Dragon,Crystal Mountain Citadel,Epic,"dragon, magic, crystal, stars, wizard, spell, enchanted, fantasy, the starlight dragon, epic","The young apprentice stood before the towering obsidian gateway of Crystal Mountain Citadel, clutching an iron key etched with elemental sigils.

The forged blade hummed with radiant moonlight, illuminating the ancient dwarven carvings along the cavern walls. As the guardian dragon unfurled its translucent wings of sapphire scales, it lowered its mighty head in solemn recognition of the true heir.

The celestial portal closed gently, leaving behind a tranquil night sky and a legacy of courage etched into the stars."
ST-0210,The Enchantment of The Moonstone Blade,Fantasy,The Moonstone Blade,Elven Forest Sanctuary,Mystical,"elven, sword, moonstone, magic, grove, blade, runes, fantasy, the moonstone blade, mystical","Deep in the heart of Elven Forest Sanctuary, where starlight never faded, the sacred flame burned with a steady emerald glow.

Vials of shimmering essence bubbled inside the brass alembics, releasing fragrant vapors of ambergris and starlight. With a soft resonance like silver bells, the golden grimoire floated into the air, its pages turning to reveal the forgotten ritual of renewal.

And so the song of Elven Forest Sanctuary was sung by elven bards in every hall, keeping the eternal memory of the magical quest alive."
ST-0211,The Legend of the The Alchemist's Portal,Fantasy,The Alchemist's Portal,Tower of Ancient Secrets,Wondrous,"portal, alchemy, scroll, potions, dimension, spark, magic, fantasy, the alchemist's portal, wondrous","High above the mortal world, among the shimmering towers of Tower of Ancient Secrets, ancient runes pulsed with luminescent violet energy.

Weaving threads of pure moonlight upon the astral loom, the sorceress repaired the shattered constellation. Across the sky, stars ignited one by one in brilliant harmony, showering the realm with blessings of peace and bountiful harvests.

With the realm saved and the balance of magic restored, the heroes looked down from Tower of Ancient Secrets onto a world bathed in renewed wonder."
ST-0212,The Blade of The Phoenix Feather Quest,Fantasy,The Phoenix Feather Quest,Volcanic Ash Peak,Heroic,"phoenix, fire, feather, quest, flame, mythical, destiny, fantasy, the phoenix feather quest, heroic","Legends spoke of the celestial epoch when the archmages first wove the fabric of time within the sanctuary of Volcanic Ash Peak.

Chanting the ancient incantation inscribed on the parchment, the mage raised the crystal staff. Beams of iridescent light converged on the monolith, dissolving the barrier between worlds. Winged celestial beasts leaped from the astral rift, circling the chamber with majestic grace.

The legendary artifact was placed upon its ancestral pedestal in Volcanic Ash Peak, where its light would protect the kingdom for centuries to come."
ST-0213,Chronicles of the The Whispering Grimoire,Fantasy,The Whispering Grimoire,Grand Arcane Archive,Enchanting,"grimoire, spells, archive, runes, apprentice, staff, magic, fantasy, the whispering grimoire, enchanting","A shimmering veil of stardust drifted across Grand Arcane Archive, heralding the awakening of powers dormant for a thousand winters.

The forged blade hummed with radiant moonlight, illuminating the ancient dwarven carvings along the cavern walls. As the guardian dragon unfurled its translucent wings of sapphire scales, it lowered its mighty head in solemn recognition of the true heir.

The celestial portal closed gently, leaving behind a tranquil night sky and a legacy of courage etched into the stars."
ST-0214,The Spell of The Enchanted Clockwork Golem,Fantasy,The Enchanted Clockwork Golem,Dwarven Under-City Forge,Epic,"golem, dwarven, forge, runestones, hammer, cogs, magic, fantasy, the enchanted clockwork golem, epic","The young apprentice stood before the towering obsidian gateway of Dwarven Under-City Forge, clutching an iron key etched with elemental sigils.

Vials of shimmering essence bubbled inside the brass alembics, releasing fragrant vapors of ambergris and starlight. With a soft resonance like silver bells, the golden grimoire floated into the air, its pages turning to reveal the forgotten ritual of renewal.

And so the song of Dwarven Under-City Forge was sung by elven bards in every hall, keeping the eternal memory of the magical quest alive."
ST-0215,The Dragon of The Siren's Pearl,Fantasy,The Siren's Pearl,Sunken Coral Palace,Mysterious,"siren, ocean, pearl, underwater, tides, crown, myth, fantasy, the siren's pearl, mysterious","Deep in the heart of Sunken Coral Palace, where starlight never faded, the sacred flame burned with a steady emerald glow.

Weaving threads of pure moonlight upon the astral loom, the sorceress repaired the shattered constellation. Across the sky, stars ignited one by one in brilliant harmony, showering the realm with blessings of peace and bountiful harvests.

With the realm saved and the balance of magic restored, the heroes looked down from Sunken Coral Palace onto a world bathed in renewed wonder."
ST-0216,The Secret Realm of The Celestial Weaver,Fantasy,The Celestial Weaver,Cloud Spire Observatorium,Sublime,"clouds, celestial, loom, tapestry, starlight, goddess, cosmos, fantasy, the celestial weaver, sublime","High above the mortal world, among the shimmering towers of Cloud Spire Observatorium, ancient runes pulsed with luminescent violet energy.

Chanting the ancient incantation inscribed on the parchment, the mage raised the crystal staff. Beams of iridescent light converged on the monolith, dissolving the barrier between worlds. Winged celestial beasts leaped from the astral rift, circling the chamber with majestic grace.

The legendary artifact was placed upon its ancestral pedestal in Cloud Spire Observatorium, where its light would protect the kingdom for centuries to come."
ST-0217,The Alchemist of The Starlight Dragon,Fantasy,The Starlight Dragon,Crystal Mountain Citadel,Epic,"dragon, magic, crystal, stars, wizard, spell, enchanted, fantasy, the starlight dragon, epic","Legends spoke of the celestial epoch when the archmages first wove the fabric of time within the sanctuary of Crystal Mountain Citadel.

The forged blade hummed with radiant moonlight, illuminating the ancient dwarven carvings along the cavern walls. As the guardian dragon unfurled its translucent wings of sapphire scales, it lowered its mighty head in solemn recognition of the true heir.

The celestial portal closed gently, leaving behind a tranquil night sky and a legacy of courage etched into the stars."
ST-0218,The Star of The Moonstone Blade,Fantasy,The Moonstone Blade,Elven Forest Sanctuary,Mystical,"elven, sword, moonstone, magic, grove, blade, runes, fantasy, the moonstone blade, mystical","A shimmering veil of stardust drifted across Elven Forest Sanctuary, heralding the awakening of powers dormant for a thousand winters.

Vials of shimmering essence bubbled inside the brass alembics, releasing fragrant vapors of ambergris and starlight. With a soft resonance like silver bells, the golden grimoire floated into the air, its pages turning to reveal the forgotten ritual of renewal.

And so the song of Elven Forest Sanctuary was sung by elven bards in every hall, keeping the eternal memory of the magical quest alive."
ST-0219,The Citadel of The Alchemist's Portal,Fantasy,The Alchemist's Portal,Tower of Ancient Secrets,Wondrous,"portal, alchemy, scroll, potions, dimension, spark, magic, fantasy, the alchemist's portal, wondrous","The young apprentice stood before the towering obsidian gateway of Tower of Ancient Secrets, clutching an iron key etched with elemental sigils.

Weaving threads of pure moonlight upon the astral loom, the sorceress repaired the shattered constellation. Across the sky, stars ignited one by one in brilliant harmony, showering the realm with blessings of peace and bountiful harvests.

With the realm saved and the balance of magic restored, the heroes looked down from Tower of Ancient Secrets onto a world bathed in renewed wonder."
ST-0220,The Enchantment of The Phoenix Feather Quest,Fantasy,The Phoenix Feather Quest,Volcanic Ash Peak,Heroic,"phoenix, fire, feather, quest, flame, mythical, destiny, fantasy, the phoenix feather quest, heroic","Deep in the heart of Volcanic Ash Peak, where starlight never faded, the sacred flame burned with a steady emerald glow.

Chanting the ancient incantation inscribed on the parchment, the mage raised the crystal staff. Beams of iridescent light converged on the monolith, dissolving the barrier between worlds. Winged celestial beasts leaped from the astral rift, circling the chamber with majestic grace.

The legendary artifact was placed upon its ancestral pedestal in Volcanic Ash Peak, where its light would protect the kingdom for centuries to come."
ST-0221,The Legend of the The Whispering Grimoire,Fantasy,The Whispering Grimoire,Grand Arcane Archive,Enchanting,"grimoire, spells, archive, runes, apprentice, staff, magic, fantasy, the whispering grimoire, enchanting","High above the mortal world, among the shimmering towers of Grand Arcane Archive, ancient runes pulsed with luminescent violet energy.

The forged blade hummed with radiant moonlight, illuminating the ancient dwarven carvings along the cavern walls. As the guardian dragon unfurled its translucent wings of sapphire scales, it lowered its mighty head in solemn recognition of the true heir.

The celestial portal closed gently, leaving behind a tranquil night sky and a legacy of courage etched into the stars."
ST-0222,The Blade of The Enchanted Clockwork Golem,Fantasy,The Enchanted Clockwork Golem,Dwarven Under-City Forge,Epic,"golem, dwarven, forge, runestones, hammer, cogs, magic, fantasy, the enchanted clockwork golem, epic","Legends spoke of the celestial epoch when the archmages first wove the fabric of time within the sanctuary of Dwarven Under-City Forge.

Vials of shimmering essence bubbled inside the brass alembics, releasing fragrant vapors of ambergris and starlight. With a soft resonance like silver bells, the golden grimoire floated into the air, its pages turning to reveal the forgotten ritual of renewal.

And so the song of Dwarven Under-City Forge was sung by elven bards in every hall, keeping the eternal memory of the magical quest alive."
ST-0223,Chronicles of the The Siren's Pearl,Fantasy,The Siren's Pearl,Sunken Coral Palace,Mysterious,"siren, ocean, pearl, underwater, tides, crown, myth, fantasy, the siren's pearl, mysterious","A shimmering veil of stardust drifted across Sunken Coral Palace, heralding the awakening of powers dormant for a thousand winters.

Weaving threads of pure moonlight upon the astral loom, the sorceress repaired the shattered constellation. Across the sky, stars ignited one by one in brilliant harmony, showering the realm with blessings of peace and bountiful harvests.

With the realm saved and the balance of magic restored, the heroes looked down from Sunken Coral Palace onto a world bathed in renewed wonder."
ST-0224,The Spell of The Celestial Weaver,Fantasy,The Celestial Weaver,Cloud Spire Observatorium,Sublime,"clouds, celestial, loom, tapestry, starlight, goddess, cosmos, fantasy, the celestial weaver, sublime","The young apprentice stood before the towering obsidian gateway of Cloud Spire Observatorium, clutching an iron key etched with elemental sigils.

Chanting the ancient incantation inscribed on the parchment, the mage raised the crystal staff. Beams of iridescent light converged on the monolith, dissolving the barrier between worlds. Winged celestial beasts leaped from the astral rift, circling the chamber with majestic grace.

The legendary artifact was placed upon its ancestral pedestal in Cloud Spire Observatorium, where its light would protect the kingdom for centuries to come."
ST-0225,The Dragon of The Starlight Dragon,Fantasy,The Starlight Dragon,Crystal Mountain Citadel,Epic,"dragon, magic, crystal, stars, wizard, spell, enchanted, fantasy, the starlight dragon, epic","Deep in the heart of Crystal Mountain Citadel, where starlight never faded, the sacred flame burned with a steady emerald glow.

The forged blade hummed with radiant moonlight, illuminating the ancient dwarven carvings along the cavern walls. As the guardian dragon unfurled its translucent wings of sapphire scales, it lowered its mighty head in solemn recognition of the true heir.

The celestial portal closed gently, leaving behind a tranquil night sky and a legacy of courage etched into the stars."
ST-0226,The Secret Realm of The Moonstone Blade,Fantasy,The Moonstone Blade,Elven Forest Sanctuary,Mystical,"elven, sword, moonstone, magic, grove, blade, runes, fantasy, the moonstone blade, mystical","High above the mortal world, among the shimmering towers of Elven Forest Sanctuary, ancient runes pulsed with luminescent violet energy.

Vials of shimmering essence bubbled inside the brass alembics, releasing fragrant vapors of ambergris and starlight. With a soft resonance like silver bells, the golden grimoire floated into the air, its pages turning to reveal the forgotten ritual of renewal.

And so the song of Elven Forest Sanctuary was sung by elven bards in every hall, keeping the eternal memory of the magical quest alive."
ST-0227,The Alchemist of The Alchemist's Portal,Fantasy,The Alchemist's Portal,Tower of Ancient Secrets,Wondrous,"portal, alchemy, scroll, potions, dimension, spark, magic, fantasy, the alchemist's portal, wondrous","Legends spoke of the celestial epoch when the archmages first wove the fabric of time within the sanctuary of Tower of Ancient Secrets.

Weaving threads of pure moonlight upon the astral loom, the sorceress repaired the shattered constellation. Across the sky, stars ignited one by one in brilliant harmony, showering the realm with blessings of peace and bountiful harvests.

With the realm saved and the balance of magic restored, the heroes looked down from Tower of Ancient Secrets onto a world bathed in renewed wonder."
ST-0228,The Star of The Phoenix Feather Quest,Fantasy,The Phoenix Feather Quest,Volcanic Ash Peak,Heroic,"phoenix, fire, feather, quest, flame, mythical, destiny, fantasy, the phoenix feather quest, heroic","A shimmering veil of stardust drifted across Volcanic Ash Peak, heralding the awakening of powers dormant for a thousand winters.

Chanting the ancient incantation inscribed on the parchment, the mage raised the crystal staff. Beams of iridescent light converged on the monolith, dissolving the barrier between worlds. Winged celestial beasts leaped from the astral rift, circling the chamber with majestic grace.

The legendary artifact was placed upon its ancestral pedestal in Volcanic Ash Peak, where its light would protect the kingdom for centuries to come."
ST-0229,The Citadel of The Whispering Grimoire,Fantasy,The Whispering Grimoire,Grand Arcane Archive,Enchanting,"grimoire, spells, archive, runes, apprentice, staff, magic, fantasy, the whispering grimoire, enchanting","The young apprentice stood before the towering obsidian gateway of Grand Arcane Archive, clutching an iron key etched with elemental sigils.

The forged blade hummed with radiant moonlight, illuminating the ancient dwarven carvings along the cavern walls. As the guardian dragon unfurled its translucent wings of sapphire scales, it lowered its mighty head in solemn recognition of the true heir.

The celestial portal closed gently, leaving behind a tranquil night sky and a legacy of courage etched into the stars."
ST-0230,The Enchantment of The Enchanted Clockwork Golem,Fantasy,The Enchanted Clockwork Golem,Dwarven Under-City Forge,Epic,"golem, dwarven, forge, runestones, hammer, cogs, magic, fantasy, the enchanted clockwork golem, epic","Deep in the heart of Dwarven Under-City Forge, where starlight never faded, the sacred flame burned with a steady emerald glow.

Vials of shimmering essence bubbled inside the brass alembics, releasing fragrant vapors of ambergris and starlight. With a soft resonance like silver bells, the golden grimoire floated into the air, its pages turning to reveal the forgotten ritual of renewal.

And so the song of Dwarven Under-City Forge was sung by elven bards in every hall, keeping the eternal memory of the magical quest alive."
ST-0231,The Legend of the The Siren's Pearl,Fantasy,The Siren's Pearl,Sunken Coral Palace,Mysterious,"siren, ocean, pearl, underwater, tides, crown, myth, fantasy, the siren's pearl, mysterious","High above the mortal world, among the shimmering towers of Sunken Coral Palace, ancient runes pulsed with luminescent violet energy.

Weaving threads of pure moonlight upon the astral loom, the sorceress repaired the shattered constellation. Across the sky, stars ignited one by one in brilliant harmony, showering the realm with blessings of peace and bountiful harvests.

With the realm saved and the balance of magic restored, the heroes looked down from Sunken Coral Palace onto a world bathed in renewed wonder."
ST-0232,The Blade of The Celestial Weaver,Fantasy,The Celestial Weaver,Cloud Spire Observatorium,Sublime,"clouds, celestial, loom, tapestry, starlight, goddess, cosmos, fantasy, the celestial weaver, sublime","Legends spoke of the celestial epoch when the archmages first wove the fabric of time within the sanctuary of Cloud Spire Observatorium.

Chanting the ancient incantation inscribed on the parchment, the mage raised the crystal staff. Beams of iridescent light converged on the monolith, dissolving the barrier between worlds. Winged celestial beasts leaped from the astral rift, circling the chamber with majestic grace.

The legendary artifact was placed upon its ancestral pedestal in Cloud Spire Observatorium, where its light would protect the kingdom for centuries to come."
ST-0233,Chronicles of the The Starlight Dragon,Fantasy,The Starlight Dragon,Crystal Mountain Citadel,Epic,"dragon, magic, crystal, stars, wizard, spell, enchanted, fantasy, the starlight dragon, epic","A shimmering veil of stardust drifted across Crystal Mountain Citadel, heralding the awakening of powers dormant for a thousand winters.

The forged blade hummed with radiant moonlight, illuminating the ancient dwarven carvings along the cavern walls. As the guardian dragon unfurled its translucent wings of sapphire scales, it lowered its mighty head in solemn recognition of the true heir.

The celestial portal closed gently, leaving behind a tranquil night sky and a legacy of courage etched into the stars."
ST-0234,The Spell of The Moonstone Blade,Fantasy,The Moonstone Blade,Elven Forest Sanctuary,Mystical,"elven, sword, moonstone, magic, grove, blade, runes, fantasy, the moonstone blade, mystical","The young apprentice stood before the towering obsidian gateway of Elven Forest Sanctuary, clutching an iron key etched with elemental sigils.

Vials of shimmering essence bubbled inside the brass alembics, releasing fragrant vapors of ambergris and starlight. With a soft resonance like silver bells, the golden grimoire floated into the air, its pages turning to reveal the forgotten ritual of renewal.

And so the song of Elven Forest Sanctuary was sung by elven bards in every hall, keeping the eternal memory of the magical quest alive."
ST-0235,The Dragon of The Alchemist's Portal,Fantasy,The Alchemist's Portal,Tower of Ancient Secrets,Wondrous,"portal, alchemy, scroll, potions, dimension, spark, magic, fantasy, the alchemist's portal, wondrous","Deep in the heart of Tower of Ancient Secrets, where starlight never faded, the sacred flame burned with a steady emerald glow.

Weaving threads of pure moonlight upon the astral loom, the sorceress repaired the shattered constellation. Across the sky, stars ignited one by one in brilliant harmony, showering the realm with blessings of peace and bountiful harvests.

With the realm saved and the balance of magic restored, the heroes looked down from Tower of Ancient Secrets onto a world bathed in renewed wonder."
ST-0236,The Secret Realm of The Phoenix Feather Quest,Fantasy,The Phoenix Feather Quest,Volcanic Ash Peak,Heroic,"phoenix, fire, feather, quest, flame, mythical, destiny, fantasy, the phoenix feather quest, heroic","High above the mortal world, among the shimmering towers of Volcanic Ash Peak, ancient runes pulsed with luminescent violet energy.

Chanting the ancient incantation inscribed on the parchment, the mage raised the crystal staff. Beams of iridescent light converged on the monolith, dissolving the barrier between worlds. Winged celestial beasts leaped from the astral rift, circling the chamber with majestic grace.

The legendary artifact was placed upon its ancestral pedestal in Volcanic Ash Peak, where its light would protect the kingdom for centuries to come."
ST-0237,The Alchemist of The Whispering Grimoire,Fantasy,The Whispering Grimoire,Grand Arcane Archive,Enchanting,"grimoire, spells, archive, runes, apprentice, staff, magic, fantasy, the whispering grimoire, enchanting","Legends spoke of the celestial epoch when the archmages first wove the fabric of time within the sanctuary of Grand Arcane Archive.

The forged blade hummed with radiant moonlight, illuminating the ancient dwarven carvings along the cavern walls. As the guardian dragon unfurled its translucent wings of sapphire scales, it lowered its mighty head in solemn recognition of the true heir.

The celestial portal closed gently, leaving behind a tranquil night sky and a legacy of courage etched into the stars."
ST-0238,The Star of The Enchanted Clockwork Golem,Fantasy,The Enchanted Clockwork Golem,Dwarven Under-City Forge,Epic,"golem, dwarven, forge, runestones, hammer, cogs, magic, fantasy, the enchanted clockwork golem, epic","A shimmering veil of stardust drifted across Dwarven Under-City Forge, heralding the awakening of powers dormant for a thousand winters.

Vials of shimmering essence bubbled inside the brass alembics, releasing fragrant vapors of ambergris and starlight. With a soft resonance like silver bells, the golden grimoire floated into the air, its pages turning to reveal the forgotten ritual of renewal.

And so the song of Dwarven Under-City Forge was sung by elven bards in every hall, keeping the eternal memory of the magical quest alive."
ST-0239,The Citadel of The Siren's Pearl,Fantasy,The Siren's Pearl,Sunken Coral Palace,Mysterious,"siren, ocean, pearl, underwater, tides, crown, myth, fantasy, the siren's pearl, mysterious","The young apprentice stood before the towering obsidian gateway of Sunken Coral Palace, clutching an iron key etched with elemental sigils.

Weaving threads of pure moonlight upon the astral loom, the sorceress repaired the shattered constellation. Across the sky, stars ignited one by one in brilliant harmony, showering the realm with blessings of peace and bountiful harvests.

With the realm saved and the balance of magic restored, the heroes looked down from Sunken Coral Palace onto a world bathed in renewed wonder."
ST-0240,The Enchantment of The Celestial Weaver,Fantasy,The Celestial Weaver,Cloud Spire Observatorium,Sublime,"clouds, celestial, loom, tapestry, starlight, goddess, cosmos, fantasy, the celestial weaver, sublime","Deep in the heart of Cloud Spire Observatorium, where starlight never faded, the sacred flame burned with a steady emerald glow.

Chanting the ancient incantation inscribed on the parchment, the mage raised the crystal staff. Beams of iridescent light converged on the monolith, dissolving the barrier between worlds. Winged celestial beasts leaped from the astral rift, circling the chamber with majestic grace.

The legendary artifact was placed upon its ancestral pedestal in Cloud Spire Observatorium, where its light would protect the kingdom for centuries to come."
ST-0241,Signals from Titan Orbital Station,Sci-Fi,Titan Orbital Station,Titan Ring Orbit,Atmospheric,"space, station, orbit, titan, astronaut, future, galaxy, sci-fi, titan orbital station, atmospheric","The telemetry display inside the control bridge of Titan Ring Orbit flashed steady amber as the automated docking sequence initiated.

Thrusters fired with precision bursts, maneuvering the research probe into the subterranean ice trench. Spotlights pierced the pitch-black ocean, revealing bioluminescent organisms weaving in synchronized formations around a towering hydrothermal spire.

The propulsion drives hummed smoothly, propelling the starship toward the distant coordinates of humanity's new planetary home."
ST-0242,The Orbit of The Quantum Relay,Sci-Fi,The Quantum Relay,Deep Space Colony Ship,Intriguing,"quantum, ai, spaceship, colony, warp, stars, crew, sci-fi, the quantum relay, intriguing","Beyond the reinforced titanium viewport of Deep Space Colony Ship, the gas giant rotated silently against a backdrop of ten thousand unblinking stars.

Rerouting the neural matrix through auxiliary cryogenic cooling channels, the engineer stabilized the core before catastrophic cascade. As the data streams realigned, the synthetic intelligence uttered its first original query: 'What is the purpose of dreaming?'

Safe within the orbit of Deep Space Colony Ship, the archives preserved the knowledge that would guide interstellar civilization for millennia."
ST-0243,Mission to The Cybernetic Archive,Sci-Fi,The Cybernetic Archive,Neo-Tokyo Megacity Tower,Futuristic,"cyber, neon, data, android, neural, hacker, future, sci-fi, the cybernetic archive, futuristic","The year was 2184, and the research team stationed at Neo-Tokyo Megacity Tower had just intercepted an artificial transmission from the galactic core.

The terraforming atmospheric scrubbers roared to life, releasing pure oxygen into the domed valley. Outside the transparent geodesic dome, the red Martian soil yielded its first resilient green sprout beneath the gentle glow of artificial sunlight.

As the communications relay transmitted the historic discovery back to Earth from Neo-Tokyo Megacity Tower, the crew toasted to the dawn of a new interstellar era."
ST-0244,The Quantum First Contact on Europa,Sci-Fi,First Contact on Europa,Sub-Surface Ice Ocean,Wonder,"alien, europa, ocean, ice, submarine, signal, discovery, sci-fi, first contact on europa, wonder","Deep inside the pressurized habitat of Sub-Surface Ice Ocean, the environmental scrubber hummed its steady, reassuring rhythm.

Analyzing the spectral frequency of the incoming pulse, the quantum computer decrypted an intricate geometric code containing complete blueprints for clean fusion energy. The crew gathered around the holographic emitter in stunned silence as the alien message translated into universal mathematical constants.

Looking out across the infinite expanse of the cosmos, the explorers realized humanity was never truly alone in the vast cosmic tapestry."
ST-0245,Echoes of The Chrono Singularity,Sci-Fi,The Chrono Singularity,Temporal Physics Institute,Mind-Bending,"time travel, singularity, timeline, paradox, quantum, chrono, sci-fi, the chrono singularity, mind-bending","Zero-gravity maintenance in Temporal Physics Institute was second nature to Dr. Vance, until the external sensors detected a gravimetric anomaly.

Thrusters fired with precision bursts, maneuvering the research probe into the subterranean ice trench. Spotlights pierced the pitch-black ocean, revealing bioluminescent organisms weaving in synchronized formations around a towering hydrothermal spire.

The propulsion drives hummed smoothly, propelling the starship toward the distant coordinates of humanity's new planetary home."
ST-0246,The Artificial The Red Planet Terraformer,Sci-Fi,The Red Planet Terraformer,Martian Valley Biosphere,Inspiring,"mars, terraforming, dome, atmosphere, colonists, red dust, sci-fi, the red planet terraformer, inspiring","The telemetry display inside the control bridge of Martian Valley Biosphere flashed steady amber as the automated docking sequence initiated.

Rerouting the neural matrix through auxiliary cryogenic cooling channels, the engineer stabilized the core before catastrophic cascade. As the data streams realigned, the synthetic intelligence uttered its first original query: 'What is the purpose of dreaming?'

Safe within the orbit of Martian Valley Biosphere, the archives preserved the knowledge that would guide interstellar civilization for millennia."
ST-0247,Voyage to The Derelict Dyson Ring,Sci-Fi,The Derelict Dyson Ring,Ancient Solar Star Base,Epic,"dyson sphere, star, solar, derelict, alien tech, probe, sci-fi, the derelict dyson ring, epic","Beyond the reinforced titanium viewport of Ancient Solar Star Base, the gas giant rotated silently against a backdrop of ten thousand unblinking stars.

The terraforming atmospheric scrubbers roared to life, releasing pure oxygen into the domed valley. Outside the transparent geodesic dome, the red Martian soil yielded its first resilient green sprout beneath the gentle glow of artificial sunlight.

As the communications relay transmitted the historic discovery back to Earth from Ancient Solar Star Base, the crew toasted to the dawn of a new interstellar era."
ST-0248,The Horizon of The Synthetic Mind,Sci-Fi,The Synthetic Mind,Artificial Intelligence Core,Thought-Provoking,"ai, consciousness, core, code, sentience, future, network, sci-fi, the synthetic mind, thought-provoking","The year was 2184, and the research team stationed at Artificial Intelligence Core had just intercepted an artificial transmission from the galactic core.

Analyzing the spectral frequency of the incoming pulse, the quantum computer decrypted an intricate geometric code containing complete blueprints for clean fusion energy. The crew gathered around the holographic emitter in stunned silence as the alien message translated into universal mathematical constants.

Looking out across the infinite expanse of the cosmos, the explorers realized humanity was never truly alone in the vast cosmic tapestry."
ST-0249,The Chronicles of Titan Orbital Station,Sci-Fi,Titan Orbital Station,Titan Ring Orbit,Atmospheric,"space, station, orbit, titan, astronaut, future, galaxy, sci-fi, titan orbital station, atmospheric","Deep inside the pressurized habitat of Titan Ring Orbit, the environmental scrubber hummed its steady, reassuring rhythm.

Thrusters fired with precision bursts, maneuvering the research probe into the subterranean ice trench. Spotlights pierced the pitch-black ocean, revealing bioluminescent organisms weaving in synchronized formations around a towering hydrothermal spire.

The propulsion drives hummed smoothly, propelling the starship toward the distant coordinates of humanity's new planetary home."
ST-0250,Beyond The Quantum Relay,Sci-Fi,The Quantum Relay,Deep Space Colony Ship,Intriguing,"quantum, ai, spaceship, colony, warp, stars, crew, sci-fi, the quantum relay, intriguing","Zero-gravity maintenance in Deep Space Colony Ship was second nature to Dr. Vance, until the external sensors detected a gravimetric anomaly.

Rerouting the neural matrix through auxiliary cryogenic cooling channels, the engineer stabilized the core before catastrophic cascade. As the data streams realigned, the synthetic intelligence uttered its first original query: 'What is the purpose of dreaming?'

Safe within the orbit of Deep Space Colony Ship, the archives preserved the knowledge that would guide interstellar civilization for millennia."
ST-0251,Signals from The Cybernetic Archive,Sci-Fi,The Cybernetic Archive,Neo-Tokyo Megacity Tower,Futuristic,"cyber, neon, data, android, neural, hacker, future, sci-fi, the cybernetic archive, futuristic","The telemetry display inside the control bridge of Neo-Tokyo Megacity Tower flashed steady amber as the automated docking sequence initiated.

The terraforming atmospheric scrubbers roared to life, releasing pure oxygen into the domed valley. Outside the transparent geodesic dome, the red Martian soil yielded its first resilient green sprout beneath the gentle glow of artificial sunlight.

As the communications relay transmitted the historic discovery back to Earth from Neo-Tokyo Megacity Tower, the crew toasted to the dawn of a new interstellar era."
ST-0252,The Orbit of First Contact on Europa,Sci-Fi,First Contact on Europa,Sub-Surface Ice Ocean,Wonder,"alien, europa, ocean, ice, submarine, signal, discovery, sci-fi, first contact on europa, wonder","Beyond the reinforced titanium viewport of Sub-Surface Ice Ocean, the gas giant rotated silently against a backdrop of ten thousand unblinking stars.

Analyzing the spectral frequency of the incoming pulse, the quantum computer decrypted an intricate geometric code containing complete blueprints for clean fusion energy. The crew gathered around the holographic emitter in stunned silence as the alien message translated into universal mathematical constants.

Looking out across the infinite expanse of the cosmos, the explorers realized humanity was never truly alone in the vast cosmic tapestry."
ST-0253,Mission to The Chrono Singularity,Sci-Fi,The Chrono Singularity,Temporal Physics Institute,Mind-Bending,"time travel, singularity, timeline, paradox, quantum, chrono, sci-fi, the chrono singularity, mind-bending","The year was 2184, and the research team stationed at Temporal Physics Institute had just intercepted an artificial transmission from the galactic core.

Thrusters fired with precision bursts, maneuvering the research probe into the subterranean ice trench. Spotlights pierced the pitch-black ocean, revealing bioluminescent organisms weaving in synchronized formations around a towering hydrothermal spire.

The propulsion drives hummed smoothly, propelling the starship toward the distant coordinates of humanity's new planetary home."
ST-0254,The Quantum The Red Planet Terraformer,Sci-Fi,The Red Planet Terraformer,Martian Valley Biosphere,Inspiring,"mars, terraforming, dome, atmosphere, colonists, red dust, sci-fi, the red planet terraformer, inspiring","Deep inside the pressurized habitat of Martian Valley Biosphere, the environmental scrubber hummed its steady, reassuring rhythm.

Rerouting the neural matrix through auxiliary cryogenic cooling channels, the engineer stabilized the core before catastrophic cascade. As the data streams realigned, the synthetic intelligence uttered its first original query: 'What is the purpose of dreaming?'

Safe within the orbit of Martian Valley Biosphere, the archives preserved the knowledge that would guide interstellar civilization for millennia."
ST-0255,Echoes of The Derelict Dyson Ring,Sci-Fi,The Derelict Dyson Ring,Ancient Solar Star Base,Epic,"dyson sphere, star, solar, derelict, alien tech, probe, sci-fi, the derelict dyson ring, epic","Zero-gravity maintenance in Ancient Solar Star Base was second nature to Dr. Vance, until the external sensors detected a gravimetric anomaly.

The terraforming atmospheric scrubbers roared to life, releasing pure oxygen into the domed valley. Outside the transparent geodesic dome, the red Martian soil yielded its first resilient green sprout beneath the gentle glow of artificial sunlight.

As the communications relay transmitted the historic discovery back to Earth from Ancient Solar Star Base, the crew toasted to the dawn of a new interstellar era."
ST-0256,The Artificial The Synthetic Mind,Sci-Fi,The Synthetic Mind,Artificial Intelligence Core,Thought-Provoking,"ai, consciousness, core, code, sentience, future, network, sci-fi, the synthetic mind, thought-provoking","The telemetry display inside the control bridge of Artificial Intelligence Core flashed steady amber as the automated docking sequence initiated.

Analyzing the spectral frequency of the incoming pulse, the quantum computer decrypted an intricate geometric code containing complete blueprints for clean fusion energy. The crew gathered around the holographic emitter in stunned silence as the alien message translated into universal mathematical constants.

Looking out across the infinite expanse of the cosmos, the explorers realized humanity was never truly alone in the vast cosmic tapestry."
ST-0257,Voyage to Titan Orbital Station,Sci-Fi,Titan Orbital Station,Titan Ring Orbit,Atmospheric,"space, station, orbit, titan, astronaut, future, galaxy, sci-fi, titan orbital station, atmospheric","Beyond the reinforced titanium viewport of Titan Ring Orbit, the gas giant rotated silently against a backdrop of ten thousand unblinking stars.

Thrusters fired with precision bursts, maneuvering the research probe into the subterranean ice trench. Spotlights pierced the pitch-black ocean, revealing bioluminescent organisms weaving in synchronized formations around a towering hydrothermal spire.

The propulsion drives hummed smoothly, propelling the starship toward the distant coordinates of humanity's new planetary home."
ST-0258,The Horizon of The Quantum Relay,Sci-Fi,The Quantum Relay,Deep Space Colony Ship,Intriguing,"quantum, ai, spaceship, colony, warp, stars, crew, sci-fi, the quantum relay, intriguing","The year was 2184, and the research team stationed at Deep Space Colony Ship had just intercepted an artificial transmission from the galactic core.

Rerouting the neural matrix through auxiliary cryogenic cooling channels, the engineer stabilized the core before catastrophic cascade. As the data streams realigned, the synthetic intelligence uttered its first original query: 'What is the purpose of dreaming?'

Safe within the orbit of Deep Space Colony Ship, the archives preserved the knowledge that would guide interstellar civilization for millennia."
ST-0259,The Chronicles of The Cybernetic Archive,Sci-Fi,The Cybernetic Archive,Neo-Tokyo Megacity Tower,Futuristic,"cyber, neon, data, android, neural, hacker, future, sci-fi, the cybernetic archive, futuristic","Deep inside the pressurized habitat of Neo-Tokyo Megacity Tower, the environmental scrubber hummed its steady, reassuring rhythm.

The terraforming atmospheric scrubbers roared to life, releasing pure oxygen into the domed valley. Outside the transparent geodesic dome, the red Martian soil yielded its first resilient green sprout beneath the gentle glow of artificial sunlight.

As the communications relay transmitted the historic discovery back to Earth from Neo-Tokyo Megacity Tower, the crew toasted to the dawn of a new interstellar era."
ST-0260,Beyond First Contact on Europa,Sci-Fi,First Contact on Europa,Sub-Surface Ice Ocean,Wonder,"alien, europa, ocean, ice, submarine, signal, discovery, sci-fi, first contact on europa, wonder","Zero-gravity maintenance in Sub-Surface Ice Ocean was second nature to Dr. Vance, until the external sensors detected a gravimetric anomaly.

Analyzing the spectral frequency of the incoming pulse, the quantum computer decrypted an intricate geometric code containing complete blueprints for clean fusion energy. The crew gathered around the holographic emitter in stunned silence as the alien message translated into universal mathematical constants.

Looking out across the infinite expanse of the cosmos, the explorers realized humanity was never truly alone in the vast cosmic tapestry."
ST-0261,Signals from The Chrono Singularity,Sci-Fi,The Chrono Singularity,Temporal Physics Institute,Mind-Bending,"time travel, singularity, timeline, paradox, quantum, chrono, sci-fi, the chrono singularity, mind-bending","The telemetry display inside the control bridge of Temporal Physics Institute flashed steady amber as the automated docking sequence initiated.

Thrusters fired with precision bursts, maneuvering the research probe into the subterranean ice trench. Spotlights pierced the pitch-black ocean, revealing bioluminescent organisms weaving in synchronized formations around a towering hydrothermal spire.

The propulsion drives hummed smoothly, propelling the starship toward the distant coordinates of humanity's new planetary home."
ST-0262,The Orbit of The Red Planet Terraformer,Sci-Fi,The Red Planet Terraformer,Martian Valley Biosphere,Inspiring,"mars, terraforming, dome, atmosphere, colonists, red dust, sci-fi, the red planet terraformer, inspiring","Beyond the reinforced titanium viewport of Martian Valley Biosphere, the gas giant rotated silently against a backdrop of ten thousand unblinking stars.

Rerouting the neural matrix through auxiliary cryogenic cooling channels, the engineer stabilized the core before catastrophic cascade. As the data streams realigned, the synthetic intelligence uttered its first original query: 'What is the purpose of dreaming?'

Safe within the orbit of Martian Valley Biosphere, the archives preserved the knowledge that would guide interstellar civilization for millennia."
ST-0263,Mission to The Derelict Dyson Ring,Sci-Fi,The Derelict Dyson Ring,Ancient Solar Star Base,Epic,"dyson sphere, star, solar, derelict, alien tech, probe, sci-fi, the derelict dyson ring, epic","The year was 2184, and the research team stationed at Ancient Solar Star Base had just intercepted an artificial transmission from the galactic core.

The terraforming atmospheric scrubbers roared to life, releasing pure oxygen into the domed valley. Outside the transparent geodesic dome, the red Martian soil yielded its first resilient green sprout beneath the gentle glow of artificial sunlight.

As the communications relay transmitted the historic discovery back to Earth from Ancient Solar Star Base, the crew toasted to the dawn of a new interstellar era."
ST-0264,The Quantum The Synthetic Mind,Sci-Fi,The Synthetic Mind,Artificial Intelligence Core,Thought-Provoking,"ai, consciousness, core, code, sentience, future, network, sci-fi, the synthetic mind, thought-provoking","Deep inside the pressurized habitat of Artificial Intelligence Core, the environmental scrubber hummed its steady, reassuring rhythm.

Analyzing the spectral frequency of the incoming pulse, the quantum computer decrypted an intricate geometric code containing complete blueprints for clean fusion energy. The crew gathered around the holographic emitter in stunned silence as the alien message translated into universal mathematical constants.

Looking out across the infinite expanse of the cosmos, the explorers realized humanity was never truly alone in the vast cosmic tapestry."
ST-0265,Echoes of Titan Orbital Station,Sci-Fi,Titan Orbital Station,Titan Ring Orbit,Atmospheric,"space, station, orbit, titan, astronaut, future, galaxy, sci-fi, titan orbital station, atmospheric","Zero-gravity maintenance in Titan Ring Orbit was second nature to Dr. Vance, until the external sensors detected a gravimetric anomaly.

Thrusters fired with precision bursts, maneuvering the research probe into the subterranean ice trench. Spotlights pierced the pitch-black ocean, revealing bioluminescent organisms weaving in synchronized formations around a towering hydrothermal spire.

The propulsion drives hummed smoothly, propelling the starship toward the distant coordinates of humanity's new planetary home."
ST-0266,The Artificial The Quantum Relay,Sci-Fi,The Quantum Relay,Deep Space Colony Ship,Intriguing,"quantum, ai, spaceship, colony, warp, stars, crew, sci-fi, the quantum relay, intriguing","The telemetry display inside the control bridge of Deep Space Colony Ship flashed steady amber as the automated docking sequence initiated.

Rerouting the neural matrix through auxiliary cryogenic cooling channels, the engineer stabilized the core before catastrophic cascade. As the data streams realigned, the synthetic intelligence uttered its first original query: 'What is the purpose of dreaming?'

Safe within the orbit of Deep Space Colony Ship, the archives preserved the knowledge that would guide interstellar civilization for millennia."
ST-0267,Voyage to The Cybernetic Archive,Sci-Fi,The Cybernetic Archive,Neo-Tokyo Megacity Tower,Futuristic,"cyber, neon, data, android, neural, hacker, future, sci-fi, the cybernetic archive, futuristic","Beyond the reinforced titanium viewport of Neo-Tokyo Megacity Tower, the gas giant rotated silently against a backdrop of ten thousand unblinking stars.

The terraforming atmospheric scrubbers roared to life, releasing pure oxygen into the domed valley. Outside the transparent geodesic dome, the red Martian soil yielded its first resilient green sprout beneath the gentle glow of artificial sunlight.

As the communications relay transmitted the historic discovery back to Earth from Neo-Tokyo Megacity Tower, the crew toasted to the dawn of a new interstellar era."
ST-0268,The Horizon of First Contact on Europa,Sci-Fi,First Contact on Europa,Sub-Surface Ice Ocean,Wonder,"alien, europa, ocean, ice, submarine, signal, discovery, sci-fi, first contact on europa, wonder","The year was 2184, and the research team stationed at Sub-Surface Ice Ocean had just intercepted an artificial transmission from the galactic core.

Analyzing the spectral frequency of the incoming pulse, the quantum computer decrypted an intricate geometric code containing complete blueprints for clean fusion energy. The crew gathered around the holographic emitter in stunned silence as the alien message translated into universal mathematical constants.

Looking out across the infinite expanse of the cosmos, the explorers realized humanity was never truly alone in the vast cosmic tapestry."
ST-0269,The Chronicles of The Chrono Singularity,Sci-Fi,The Chrono Singularity,Temporal Physics Institute,Mind-Bending,"time travel, singularity, timeline, paradox, quantum, chrono, sci-fi, the chrono singularity, mind-bending","Deep inside the pressurized habitat of Temporal Physics Institute, the environmental scrubber hummed its steady, reassuring rhythm.

Thrusters fired with precision bursts, maneuvering the research probe into the subterranean ice trench. Spotlights pierced the pitch-black ocean, revealing bioluminescent organisms weaving in synchronized formations around a towering hydrothermal spire.

The propulsion drives hummed smoothly, propelling the starship toward the distant coordinates of humanity's new planetary home."
ST-0270,Beyond The Red Planet Terraformer,Sci-Fi,The Red Planet Terraformer,Martian Valley Biosphere,Inspiring,"mars, terraforming, dome, atmosphere, colonists, red dust, sci-fi, the red planet terraformer, inspiring","Zero-gravity maintenance in Martian Valley Biosphere was second nature to Dr. Vance, until the external sensors detected a gravimetric anomaly.

Rerouting the neural matrix through auxiliary cryogenic cooling channels, the engineer stabilized the core before catastrophic cascade. As the data streams realigned, the synthetic intelligence uttered its first original query: 'What is the purpose of dreaming?'

Safe within the orbit of Martian Valley Biosphere, the archives preserved the knowledge that would guide interstellar civilization for millennia."
ST-0271,Signals from The Derelict Dyson Ring,Sci-Fi,The Derelict Dyson Ring,Ancient Solar Star Base,Epic,"dyson sphere, star, solar, derelict, alien tech, probe, sci-fi, the derelict dyson ring, epic","The telemetry display inside the control bridge of Ancient Solar Star Base flashed steady amber as the automated docking sequence initiated.

The terraforming atmospheric scrubbers roared to life, releasing pure oxygen into the domed valley. Outside the transparent geodesic dome, the red Martian soil yielded its first resilient green sprout beneath the gentle glow of artificial sunlight.

As the communications relay transmitted the historic discovery back to Earth from Ancient Solar Star Base, the crew toasted to the dawn of a new interstellar era."
ST-0272,The Orbit of The Synthetic Mind,Sci-Fi,The Synthetic Mind,Artificial Intelligence Core,Thought-Provoking,"ai, consciousness, core, code, sentience, future, network, sci-fi, the synthetic mind, thought-provoking","Beyond the reinforced titanium viewport of Artificial Intelligence Core, the gas giant rotated silently against a backdrop of ten thousand unblinking stars.

Analyzing the spectral frequency of the incoming pulse, the quantum computer decrypted an intricate geometric code containing complete blueprints for clean fusion energy. The crew gathered around the holographic emitter in stunned silence as the alien message translated into universal mathematical constants.

Looking out across the infinite expanse of the cosmos, the explorers realized humanity was never truly alone in the vast cosmic tapestry."
ST-0273,Mission to Titan Orbital Station,Sci-Fi,Titan Orbital Station,Titan Ring Orbit,Atmospheric,"space, station, orbit, titan, astronaut, future, galaxy, sci-fi, titan orbital station, atmospheric","The year was 2184, and the research team stationed at Titan Ring Orbit had just intercepted an artificial transmission from the galactic core.

Thrusters fired with precision bursts, maneuvering the research probe into the subterranean ice trench. Spotlights pierced the pitch-black ocean, revealing bioluminescent organisms weaving in synchronized formations around a towering hydrothermal spire.

The propulsion drives hummed smoothly, propelling the starship toward the distant coordinates of humanity's new planetary home."
ST-0274,The Quantum The Quantum Relay,Sci-Fi,The Quantum Relay,Deep Space Colony Ship,Intriguing,"quantum, ai, spaceship, colony, warp, stars, crew, sci-fi, the quantum relay, intriguing","Deep inside the pressurized habitat of Deep Space Colony Ship, the environmental scrubber hummed its steady, reassuring rhythm.

Rerouting the neural matrix through auxiliary cryogenic cooling channels, the engineer stabilized the core before catastrophic cascade. As the data streams realigned, the synthetic intelligence uttered its first original query: 'What is the purpose of dreaming?'

Safe within the orbit of Deep Space Colony Ship, the archives preserved the knowledge that would guide interstellar civilization for millennia."
ST-0275,Echoes of The Cybernetic Archive,Sci-Fi,The Cybernetic Archive,Neo-Tokyo Megacity Tower,Futuristic,"cyber, neon, data, android, neural, hacker, future, sci-fi, the cybernetic archive, futuristic","Zero-gravity maintenance in Neo-Tokyo Megacity Tower was second nature to Dr. Vance, until the external sensors detected a gravimetric anomaly.

The terraforming atmospheric scrubbers roared to life, releasing pure oxygen into the domed valley. Outside the transparent geodesic dome, the red Martian soil yielded its first resilient green sprout beneath the gentle glow of artificial sunlight.

As the communications relay transmitted the historic discovery back to Earth from Neo-Tokyo Megacity Tower, the crew toasted to the dawn of a new interstellar era."
ST-0276,The Artificial First Contact on Europa,Sci-Fi,First Contact on Europa,Sub-Surface Ice Ocean,Wonder,"alien, europa, ocean, ice, submarine, signal, discovery, sci-fi, first contact on europa, wonder","The telemetry display inside the control bridge of Sub-Surface Ice Ocean flashed steady amber as the automated docking sequence initiated.

Analyzing the spectral frequency of the incoming pulse, the quantum computer decrypted an intricate geometric code containing complete blueprints for clean fusion energy. The crew gathered around the holographic emitter in stunned silence as the alien message translated into universal mathematical constants.

Looking out across the infinite expanse of the cosmos, the explorers realized humanity was never truly alone in the vast cosmic tapestry."
ST-0277,Voyage to The Chrono Singularity,Sci-Fi,The Chrono Singularity,Temporal Physics Institute,Mind-Bending,"time travel, singularity, timeline, paradox, quantum, chrono, sci-fi, the chrono singularity, mind-bending","Beyond the reinforced titanium viewport of Temporal Physics Institute, the gas giant rotated silently against a backdrop of ten thousand unblinking stars.

Thrusters fired with precision bursts, maneuvering the research probe into the subterranean ice trench. Spotlights pierced the pitch-black ocean, revealing bioluminescent organisms weaving in synchronized formations around a towering hydrothermal spire.

The propulsion drives hummed smoothly, propelling the starship toward the distant coordinates of humanity's new planetary home."
ST-0278,The Horizon of The Red Planet Terraformer,Sci-Fi,The Red Planet Terraformer,Martian Valley Biosphere,Inspiring,"mars, terraforming, dome, atmosphere, colonists, red dust, sci-fi, the red planet terraformer, inspiring","The year was 2184, and the research team stationed at Martian Valley Biosphere had just intercepted an artificial transmission from the galactic core.

Rerouting the neural matrix through auxiliary cryogenic cooling channels, the engineer stabilized the core before catastrophic cascade. As the data streams realigned, the synthetic intelligence uttered its first original query: 'What is the purpose of dreaming?'

Safe within the orbit of Martian Valley Biosphere, the archives preserved the knowledge that would guide interstellar civilization for millennia."
ST-0279,The Chronicles of The Derelict Dyson Ring,Sci-Fi,The Derelict Dyson Ring,Ancient Solar Star Base,Epic,"dyson sphere, star, solar, derelict, alien tech, probe, sci-fi, the derelict dyson ring, epic","Deep inside the pressurized habitat of Ancient Solar Star Base, the environmental scrubber hummed its steady, reassuring rhythm.

The terraforming atmospheric scrubbers roared to life, releasing pure oxygen into the domed valley. Outside the transparent geodesic dome, the red Martian soil yielded its first resilient green sprout beneath the gentle glow of artificial sunlight.

As the communications relay transmitted the historic discovery back to Earth from Ancient Solar Star Base, the crew toasted to the dawn of a new interstellar era."
ST-0280,Beyond The Synthetic Mind,Sci-Fi,The Synthetic Mind,Artificial Intelligence Core,Thought-Provoking,"ai, consciousness, core, code, sentience, future, network, sci-fi, the synthetic mind, thought-provoking","Zero-gravity maintenance in Artificial Intelligence Core was second nature to Dr. Vance, until the external sensors detected a gravimetric anomaly.

Analyzing the spectral frequency of the incoming pulse, the quantum computer decrypted an intricate geometric code containing complete blueprints for clean fusion energy. The crew gathered around the holographic emitter in stunned silence as the alien message translated into universal mathematical constants.

Looking out across the infinite expanse of the cosmos, the explorers realized humanity was never truly alone in the vast cosmic tapestry."
ST-0281,The Protocol of The Blackwood Conspiracy,Thriller,The Blackwood Conspiracy,Embassy Ballroom Reception,Tense,"conspiracy, agent, spy, danger, briefcase, escape, chase, thriller, the blackwood conspiracy, tense","Agent Cross checked his watch: 02:47. He had exactly three minutes before the perimeter security swept Embassy Ballroom Reception.

The cable car swayed violently in the freezing mountain gale, dangling thousands of feet above the jagged ravine. With nerves of steel, the rescue specialist climbed onto the icy roof, bypassed the electronic override, and secured the emergency brake moments before impact.

With the hostages safe and the conspiracy dismantled, the morning sun rose over Embassy Ballroom Reception on a city that would never know how close it came to disaster."
ST-0282,Escape from Midnight Freight Escape,Thriller,Midnight Freight Escape,Industrial Freight Rail Yard,Gripping,"chase, train, tracks, shadows, pursuit, danger, night, thriller, midnight freight escape, gripping","Rain lashed against the windows of Industrial Freight Rail Yard, masking the sound of muffled footsteps on the gravel path outside.

Hands steady despite the racing pulse, the operative clipped the blue detonation wire with two seconds remaining on the digital display. The deafening hum of the device died down to a faint click, saving the entire precinct.

Justice was delivered swiftly, the classified files secured, and peace restored across the continent."
ST-0283,The Conspiracy at The Cipher Decryption,Thriller,The Cipher Decryption,Underground Bunker Complex,Intense,"countdown, code, bomb, defuse, bunker, wire, suspense, thriller, the cipher decryption, intense","The encrypted dossier in his jacket pocket was the only thing standing between peace and total catastrophe in Underground Bunker Complex.

Weaving through narrow alleys and crowded train platforms, the operative blended seamlessly into the commuter crowd, swapping coats and slipping past the surveillance cameras undetected.

As the extraction helicopter touched down on the roof above Underground Bunker Complex, Cross handed over the recovered intelligence, knowing the crisis was averted."
ST-0284,Countdown in Rogue Operative,Thriller,Rogue Operative,Berlin Metro Station,Fast-Paced,"metro, subway, operative, surveillance, trench coat, chase, thriller, rogue operative, fast-paced","Sirens wailed in the distance, echoing off the cold concrete walls of Berlin Metro Station as the countdown timer reached forty seconds.

Slipping through the laser grid with practiced acrobatic precision, Cross inserted the flash drive into the terminal. Data bars surged to ninety-nine percent just as heavy boots kicked open the reinforced security door. Diving behind the server rack, he deployed a smoke canister that filled the corridor with blinding white fog.

Disappearing into the rainy midnight streets, the operative left no trace behind, another mission completed in the shadows of Berlin Metro Station."
ST-0285,The Operative of Hostage at Timberline,Thriller,Hostage at Timberline,Alpine Summit Cable Car,High-Stakes,"cable car, hostage, blizzard, heights, rescue, peril, thriller, hostage at timberline, high-stakes","Under the flickering fluorescent lights of Alpine Summit Cable Car, every shadow seemed to conceal an assassin waiting for the order.

The cable car swayed violently in the freezing mountain gale, dangling thousands of feet above the jagged ravine. With nerves of steel, the rescue specialist climbed onto the icy roof, bypassed the electronic override, and secured the emergency brake moments before impact.

With the hostages safe and the conspiracy dismantled, the morning sun rose over Alpine Summit Cable Car on a city that would never know how close it came to disaster."
ST-0286,Showdown at The Double Agent's Drop,Thriller,The Double Agent's Drop,Rainy Port Warehouse,Suspenseful,"informant, docks, rain, microfilm, betrayal, covert, thriller, the double agent's drop, suspenseful","Agent Cross checked his watch: 02:47. He had exactly three minutes before the perimeter security swept Rainy Port Warehouse.

Hands steady despite the racing pulse, the operative clipped the blue detonation wire with two seconds remaining on the digital display. The deafening hum of the device died down to a faint click, saving the entire precinct.

Justice was delivered swiftly, the classified files secured, and peace restored across the continent."
ST-0287,The Infiltration of The Cyber Infiltration,Thriller,The Cyber Infiltration,Financial District Headquarters,Nail-Biting,"firewall, heist, alarm, security, countdown, stealth, thriller, the cyber infiltration, nail-biting","Rain lashed against the windows of Financial District Headquarters, masking the sound of muffled footsteps on the gravel path outside.

Weaving through narrow alleys and crowded train platforms, the operative blended seamlessly into the commuter crowd, swapping coats and slipping past the surveillance cameras undetected.

As the extraction helicopter touched down on the roof above Financial District Headquarters, Cross handed over the recovered intelligence, knowing the crisis was averted."
ST-0288,Target: The Highway Pursuit,Thriller,The Highway Pursuit,Mountain Pass Highway,Adrenaline,"car chase, curves, headlights, cliffside, speed, danger, thriller, the highway pursuit, adrenaline","The encrypted dossier in his jacket pocket was the only thing standing between peace and total catastrophe in Mountain Pass Highway.

Slipping through the laser grid with practiced acrobatic precision, Cross inserted the flash drive into the terminal. Data bars surged to ninety-nine percent just as heavy boots kicked open the reinforced security door. Diving behind the server rack, he deployed a smoke canister that filled the corridor with blinding white fog.

Disappearing into the rainy midnight streets, the operative left no trace behind, another mission completed in the shadows of Mountain Pass Highway."
ST-0289,The Pursuit of The Blackwood Conspiracy,Thriller,The Blackwood Conspiracy,Embassy Ballroom Reception,Tense,"conspiracy, agent, spy, danger, briefcase, escape, chase, thriller, the blackwood conspiracy, tense","Sirens wailed in the distance, echoing off the cold concrete walls of Embassy Ballroom Reception as the countdown timer reached forty seconds.

The cable car swayed violently in the freezing mountain gale, dangling thousands of feet above the jagged ravine. With nerves of steel, the rescue specialist climbed onto the icy roof, bypassed the electronic override, and secured the emergency brake moments before impact.

With the hostages safe and the conspiracy dismantled, the morning sun rose over Embassy Ballroom Reception on a city that would never know how close it came to disaster."
ST-0290,The Code of Midnight Freight Escape,Thriller,Midnight Freight Escape,Industrial Freight Rail Yard,Gripping,"chase, train, tracks, shadows, pursuit, danger, night, thriller, midnight freight escape, gripping","Under the flickering fluorescent lights of Industrial Freight Rail Yard, every shadow seemed to conceal an assassin waiting for the order.

Hands steady despite the racing pulse, the operative clipped the blue detonation wire with two seconds remaining on the digital display. The deafening hum of the device died down to a faint click, saving the entire precinct.

Justice was delivered swiftly, the classified files secured, and peace restored across the continent."
ST-0291,The Protocol of The Cipher Decryption,Thriller,The Cipher Decryption,Underground Bunker Complex,Intense,"countdown, code, bomb, defuse, bunker, wire, suspense, thriller, the cipher decryption, intense","Agent Cross checked his watch: 02:47. He had exactly three minutes before the perimeter security swept Underground Bunker Complex.

Weaving through narrow alleys and crowded train platforms, the operative blended seamlessly into the commuter crowd, swapping coats and slipping past the surveillance cameras undetected.

As the extraction helicopter touched down on the roof above Underground Bunker Complex, Cross handed over the recovered intelligence, knowing the crisis was averted."
ST-0292,Escape from Rogue Operative,Thriller,Rogue Operative,Berlin Metro Station,Fast-Paced,"metro, subway, operative, surveillance, trench coat, chase, thriller, rogue operative, fast-paced","Rain lashed against the windows of Berlin Metro Station, masking the sound of muffled footsteps on the gravel path outside.

Slipping through the laser grid with practiced acrobatic precision, Cross inserted the flash drive into the terminal. Data bars surged to ninety-nine percent just as heavy boots kicked open the reinforced security door. Diving behind the server rack, he deployed a smoke canister that filled the corridor with blinding white fog.

Disappearing into the rainy midnight streets, the operative left no trace behind, another mission completed in the shadows of Berlin Metro Station."
ST-0293,The Conspiracy at Hostage at Timberline,Thriller,Hostage at Timberline,Alpine Summit Cable Car,High-Stakes,"cable car, hostage, blizzard, heights, rescue, peril, thriller, hostage at timberline, high-stakes","The encrypted dossier in his jacket pocket was the only thing standing between peace and total catastrophe in Alpine Summit Cable Car.

The cable car swayed violently in the freezing mountain gale, dangling thousands of feet above the jagged ravine. With nerves of steel, the rescue specialist climbed onto the icy roof, bypassed the electronic override, and secured the emergency brake moments before impact.

With the hostages safe and the conspiracy dismantled, the morning sun rose over Alpine Summit Cable Car on a city that would never know how close it came to disaster."
ST-0294,Countdown in The Double Agent's Drop,Thriller,The Double Agent's Drop,Rainy Port Warehouse,Suspenseful,"informant, docks, rain, microfilm, betrayal, covert, thriller, the double agent's drop, suspenseful","Sirens wailed in the distance, echoing off the cold concrete walls of Rainy Port Warehouse as the countdown timer reached forty seconds.

Hands steady despite the racing pulse, the operative clipped the blue detonation wire with two seconds remaining on the digital display. The deafening hum of the device died down to a faint click, saving the entire precinct.

Justice was delivered swiftly, the classified files secured, and peace restored across the continent."
ST-0295,The Operative of The Cyber Infiltration,Thriller,The Cyber Infiltration,Financial District Headquarters,Nail-Biting,"firewall, heist, alarm, security, countdown, stealth, thriller, the cyber infiltration, nail-biting","Under the flickering fluorescent lights of Financial District Headquarters, every shadow seemed to conceal an assassin waiting for the order.

Weaving through narrow alleys and crowded train platforms, the operative blended seamlessly into the commuter crowd, swapping coats and slipping past the surveillance cameras undetected.

As the extraction helicopter touched down on the roof above Financial District Headquarters, Cross handed over the recovered intelligence, knowing the crisis was averted."
ST-0296,Showdown at The Highway Pursuit,Thriller,The Highway Pursuit,Mountain Pass Highway,Adrenaline,"car chase, curves, headlights, cliffside, speed, danger, thriller, the highway pursuit, adrenaline","Agent Cross checked his watch: 02:47. He had exactly three minutes before the perimeter security swept Mountain Pass Highway.

Slipping through the laser grid with practiced acrobatic precision, Cross inserted the flash drive into the terminal. Data bars surged to ninety-nine percent just as heavy boots kicked open the reinforced security door. Diving behind the server rack, he deployed a smoke canister that filled the corridor with blinding white fog.

Disappearing into the rainy midnight streets, the operative left no trace behind, another mission completed in the shadows of Mountain Pass Highway."
ST-0297,The Infiltration of The Blackwood Conspiracy,Thriller,The Blackwood Conspiracy,Embassy Ballroom Reception,Tense,"conspiracy, agent, spy, danger, briefcase, escape, chase, thriller, the blackwood conspiracy, tense","Rain lashed against the windows of Embassy Ballroom Reception, masking the sound of muffled footsteps on the gravel path outside.

The cable car swayed violently in the freezing mountain gale, dangling thousands of feet above the jagged ravine. With nerves of steel, the rescue specialist climbed onto the icy roof, bypassed the electronic override, and secured the emergency brake moments before impact.

With the hostages safe and the conspiracy dismantled, the morning sun rose over Embassy Ballroom Reception on a city that would never know how close it came to disaster."
ST-0298,Target: Midnight Freight Escape,Thriller,Midnight Freight Escape,Industrial Freight Rail Yard,Gripping,"chase, train, tracks, shadows, pursuit, danger, night, thriller, midnight freight escape, gripping","The encrypted dossier in his jacket pocket was the only thing standing between peace and total catastrophe in Industrial Freight Rail Yard.

Hands steady despite the racing pulse, the operative clipped the blue detonation wire with two seconds remaining on the digital display. The deafening hum of the device died down to a faint click, saving the entire precinct.

Justice was delivered swiftly, the classified files secured, and peace restored across the continent."
ST-0299,The Pursuit of The Cipher Decryption,Thriller,The Cipher Decryption,Underground Bunker Complex,Intense,"countdown, code, bomb, defuse, bunker, wire, suspense, thriller, the cipher decryption, intense","Sirens wailed in the distance, echoing off the cold concrete walls of Underground Bunker Complex as the countdown timer reached forty seconds.

Weaving through narrow alleys and crowded train platforms, the operative blended seamlessly into the commuter crowd, swapping coats and slipping past the surveillance cameras undetected.

As the extraction helicopter touched down on the roof above Underground Bunker Complex, Cross handed over the recovered intelligence, knowing the crisis was averted."
ST-0300,The Code of Rogue Operative,Thriller,Rogue Operative,Berlin Metro Station,Fast-Paced,"metro, subway, operative, surveillance, trench coat, chase, thriller, rogue operative, fast-paced","Under the flickering fluorescent lights of Berlin Metro Station, every shadow seemed to conceal an assassin waiting for the order.

Slipping through the laser grid with practiced acrobatic precision, Cross inserted the flash drive into the terminal. Data bars surged to ninety-nine percent just as heavy boots kicked open the reinforced security door. Diving behind the server rack, he deployed a smoke canister that filled the corridor with blinding white fog.

Disappearing into the rainy midnight streets, the operative left no trace behind, another mission completed in the shadows of Berlin Metro Station."
ST-0301,The Protocol of Hostage at Timberline,Thriller,Hostage at Timberline,Alpine Summit Cable Car,High-Stakes,"cable car, hostage, blizzard, heights, rescue, peril, thriller, hostage at timberline, high-stakes","Agent Cross checked his watch: 02:47. He had exactly three minutes before the perimeter security swept Alpine Summit Cable Car.

The cable car swayed violently in the freezing mountain gale, dangling thousands of feet above the jagged ravine. With nerves of steel, the rescue specialist climbed onto the icy roof, bypassed the electronic override, and secured the emergency brake moments before impact.

With the hostages safe and the conspiracy dismantled, the morning sun rose over Alpine Summit Cable Car on a city that would never know how close it came to disaster."
ST-0302,Escape from The Double Agent's Drop,Thriller,The Double Agent's Drop,Rainy Port Warehouse,Suspenseful,"informant, docks, rain, microfilm, betrayal, covert, thriller, the double agent's drop, suspenseful","Rain lashed against the windows of Rainy Port Warehouse, masking the sound of muffled footsteps on the gravel path outside.

Hands steady despite the racing pulse, the operative clipped the blue detonation wire with two seconds remaining on the digital display. The deafening hum of the device died down to a faint click, saving the entire precinct.

Justice was delivered swiftly, the classified files secured, and peace restored across the continent."
ST-0303,The Conspiracy at The Cyber Infiltration,Thriller,The Cyber Infiltration,Financial District Headquarters,Nail-Biting,"firewall, heist, alarm, security, countdown, stealth, thriller, the cyber infiltration, nail-biting","The encrypted dossier in his jacket pocket was the only thing standing between peace and total catastrophe in Financial District Headquarters.

Weaving through narrow alleys and crowded train platforms, the operative blended seamlessly into the commuter crowd, swapping coats and slipping past the surveillance cameras undetected.

As the extraction helicopter touched down on the roof above Financial District Headquarters, Cross handed over the recovered intelligence, knowing the crisis was averted."
ST-0304,Countdown in The Highway Pursuit,Thriller,The Highway Pursuit,Mountain Pass Highway,Adrenaline,"car chase, curves, headlights, cliffside, speed, danger, thriller, the highway pursuit, adrenaline","Sirens wailed in the distance, echoing off the cold concrete walls of Mountain Pass Highway as the countdown timer reached forty seconds.

Slipping through the laser grid with practiced acrobatic precision, Cross inserted the flash drive into the terminal. Data bars surged to ninety-nine percent just as heavy boots kicked open the reinforced security door. Diving behind the server rack, he deployed a smoke canister that filled the corridor with blinding white fog.

Disappearing into the rainy midnight streets, the operative left no trace behind, another mission completed in the shadows of Mountain Pass Highway."
ST-0305,The Operative of The Blackwood Conspiracy,Thriller,The Blackwood Conspiracy,Embassy Ballroom Reception,Tense,"conspiracy, agent, spy, danger, briefcase, escape, chase, thriller, the blackwood conspiracy, tense","Under the flickering fluorescent lights of Embassy Ballroom Reception, every shadow seemed to conceal an assassin waiting for the order.

The cable car swayed violently in the freezing mountain gale, dangling thousands of feet above the jagged ravine. With nerves of steel, the rescue specialist climbed onto the icy roof, bypassed the electronic override, and secured the emergency brake moments before impact.

With the hostages safe and the conspiracy dismantled, the morning sun rose over Embassy Ballroom Reception on a city that would never know how close it came to disaster."
ST-0306,Showdown at Midnight Freight Escape,Thriller,Midnight Freight Escape,Industrial Freight Rail Yard,Gripping,"chase, train, tracks, shadows, pursuit, danger, night, thriller, midnight freight escape, gripping","Agent Cross checked his watch: 02:47. He had exactly three minutes before the perimeter security swept Industrial Freight Rail Yard.

Hands steady despite the racing pulse, the operative clipped the blue detonation wire with two seconds remaining on the digital display. The deafening hum of the device died down to a faint click, saving the entire precinct.

Justice was delivered swiftly, the classified files secured, and peace restored across the continent."
ST-0307,The Infiltration of The Cipher Decryption,Thriller,The Cipher Decryption,Underground Bunker Complex,Intense,"countdown, code, bomb, defuse, bunker, wire, suspense, thriller, the cipher decryption, intense","Rain lashed against the windows of Underground Bunker Complex, masking the sound of muffled footsteps on the gravel path outside.

Weaving through narrow alleys and crowded train platforms, the operative blended seamlessly into the commuter crowd, swapping coats and slipping past the surveillance cameras undetected.

As the extraction helicopter touched down on the roof above Underground Bunker Complex, Cross handed over the recovered intelligence, knowing the crisis was averted."
ST-0308,Target: Rogue Operative,Thriller,Rogue Operative,Berlin Metro Station,Fast-Paced,"metro, subway, operative, surveillance, trench coat, chase, thriller, rogue operative, fast-paced","The encrypted dossier in his jacket pocket was the only thing standing between peace and total catastrophe in Berlin Metro Station.

Slipping through the laser grid with practiced acrobatic precision, Cross inserted the flash drive into the terminal. Data bars surged to ninety-nine percent just as heavy boots kicked open the reinforced security door. Diving behind the server rack, he deployed a smoke canister that filled the corridor with blinding white fog.

Disappearing into the rainy midnight streets, the operative left no trace behind, another mission completed in the shadows of Berlin Metro Station."
ST-0309,The Pursuit of Hostage at Timberline,Thriller,Hostage at Timberline,Alpine Summit Cable Car,High-Stakes,"cable car, hostage, blizzard, heights, rescue, peril, thriller, hostage at timberline, high-stakes","Sirens wailed in the distance, echoing off the cold concrete walls of Alpine Summit Cable Car as the countdown timer reached forty seconds.

The cable car swayed violently in the freezing mountain gale, dangling thousands of feet above the jagged ravine. With nerves of steel, the rescue specialist climbed onto the icy roof, bypassed the electronic override, and secured the emergency brake moments before impact.

With the hostages safe and the conspiracy dismantled, the morning sun rose over Alpine Summit Cable Car on a city that would never know how close it came to disaster."
ST-0310,The Code of The Double Agent's Drop,Thriller,The Double Agent's Drop,Rainy Port Warehouse,Suspenseful,"informant, docks, rain, microfilm, betrayal, covert, thriller, the double agent's drop, suspenseful","Under the flickering fluorescent lights of Rainy Port Warehouse, every shadow seemed to conceal an assassin waiting for the order.

Hands steady despite the racing pulse, the operative clipped the blue detonation wire with two seconds remaining on the digital display. The deafening hum of the device died down to a faint click, saving the entire precinct.

Justice was delivered swiftly, the classified files secured, and peace restored across the continent."
ST-0311,The Protocol of The Cyber Infiltration,Thriller,The Cyber Infiltration,Financial District Headquarters,Nail-Biting,"firewall, heist, alarm, security, countdown, stealth, thriller, the cyber infiltration, nail-biting","Agent Cross checked his watch: 02:47. He had exactly three minutes before the perimeter security swept Financial District Headquarters.

Weaving through narrow alleys and crowded train platforms, the operative blended seamlessly into the commuter crowd, swapping coats and slipping past the surveillance cameras undetected.

As the extraction helicopter touched down on the roof above Financial District Headquarters, Cross handed over the recovered intelligence, knowing the crisis was averted."
ST-0312,Escape from The Highway Pursuit,Thriller,The Highway Pursuit,Mountain Pass Highway,Adrenaline,"car chase, curves, headlights, cliffside, speed, danger, thriller, the highway pursuit, adrenaline","Rain lashed against the windows of Mountain Pass Highway, masking the sound of muffled footsteps on the gravel path outside.

Slipping through the laser grid with practiced acrobatic precision, Cross inserted the flash drive into the terminal. Data bars surged to ninety-nine percent just as heavy boots kicked open the reinforced security door. Diving behind the server rack, he deployed a smoke canister that filled the corridor with blinding white fog.

Disappearing into the rainy midnight streets, the operative left no trace behind, another mission completed in the shadows of Mountain Pass Highway."
ST-0313,The Conspiracy at The Blackwood Conspiracy,Thriller,The Blackwood Conspiracy,Embassy Ballroom Reception,Tense,"conspiracy, agent, spy, danger, briefcase, escape, chase, thriller, the blackwood conspiracy, tense","The encrypted dossier in his jacket pocket was the only thing standing between peace and total catastrophe in Embassy Ballroom Reception.

The cable car swayed violently in the freezing mountain gale, dangling thousands of feet above the jagged ravine. With nerves of steel, the rescue specialist climbed onto the icy roof, bypassed the electronic override, and secured the emergency brake moments before impact.

With the hostages safe and the conspiracy dismantled, the morning sun rose over Embassy Ballroom Reception on a city that would never know how close it came to disaster."
ST-0314,Countdown in Midnight Freight Escape,Thriller,Midnight Freight Escape,Industrial Freight Rail Yard,Gripping,"chase, train, tracks, shadows, pursuit, danger, night, thriller, midnight freight escape, gripping","Sirens wailed in the distance, echoing off the cold concrete walls of Industrial Freight Rail Yard as the countdown timer reached forty seconds.

Hands steady despite the racing pulse, the operative clipped the blue detonation wire with two seconds remaining on the digital display. The deafening hum of the device died down to a faint click, saving the entire precinct.

Justice was delivered swiftly, the classified files secured, and peace restored across the continent."
ST-0315,The Operative of The Cipher Decryption,Thriller,The Cipher Decryption,Underground Bunker Complex,Intense,"countdown, code, bomb, defuse, bunker, wire, suspense, thriller, the cipher decryption, intense","Under the flickering fluorescent lights of Underground Bunker Complex, every shadow seemed to conceal an assassin waiting for the order.

Weaving through narrow alleys and crowded train platforms, the operative blended seamlessly into the commuter crowd, swapping coats and slipping past the surveillance cameras undetected.

As the extraction helicopter touched down on the roof above Underground Bunker Complex, Cross handed over the recovered intelligence, knowing the crisis was averted."
ST-0316,Showdown at Rogue Operative,Thriller,Rogue Operative,Berlin Metro Station,Fast-Paced,"metro, subway, operative, surveillance, trench coat, chase, thriller, rogue operative, fast-paced","Agent Cross checked his watch: 02:47. He had exactly three minutes before the perimeter security swept Berlin Metro Station.

Slipping through the laser grid with practiced acrobatic precision, Cross inserted the flash drive into the terminal. Data bars surged to ninety-nine percent just as heavy boots kicked open the reinforced security door. Diving behind the server rack, he deployed a smoke canister that filled the corridor with blinding white fog.

Disappearing into the rainy midnight streets, the operative left no trace behind, another mission completed in the shadows of Berlin Metro Station."
ST-0317,The Infiltration of Hostage at Timberline,Thriller,Hostage at Timberline,Alpine Summit Cable Car,High-Stakes,"cable car, hostage, blizzard, heights, rescue, peril, thriller, hostage at timberline, high-stakes","Rain lashed against the windows of Alpine Summit Cable Car, masking the sound of muffled footsteps on the gravel path outside.

The cable car swayed violently in the freezing mountain gale, dangling thousands of feet above the jagged ravine. With nerves of steel, the rescue specialist climbed onto the icy roof, bypassed the electronic override, and secured the emergency brake moments before impact.

With the hostages safe and the conspiracy dismantled, the morning sun rose over Alpine Summit Cable Car on a city that would never know how close it came to disaster."
ST-0318,Target: The Double Agent's Drop,Thriller,The Double Agent's Drop,Rainy Port Warehouse,Suspenseful,"informant, docks, rain, microfilm, betrayal, covert, thriller, the double agent's drop, suspenseful","The encrypted dossier in his jacket pocket was the only thing standing between peace and total catastrophe in Rainy Port Warehouse.

Hands steady despite the racing pulse, the operative clipped the blue detonation wire with two seconds remaining on the digital display. The deafening hum of the device died down to a faint click, saving the entire precinct.

Justice was delivered swiftly, the classified files secured, and peace restored across the continent."
ST-0319,The Pursuit of The Cyber Infiltration,Thriller,The Cyber Infiltration,Financial District Headquarters,Nail-Biting,"firewall, heist, alarm, security, countdown, stealth, thriller, the cyber infiltration, nail-biting","Sirens wailed in the distance, echoing off the cold concrete walls of Financial District Headquarters as the countdown timer reached forty seconds.

Weaving through narrow alleys and crowded train platforms, the operative blended seamlessly into the commuter crowd, swapping coats and slipping past the surveillance cameras undetected.

As the extraction helicopter touched down on the roof above Financial District Headquarters, Cross handed over the recovered intelligence, knowing the crisis was averted."
ST-0320,The Code of The Highway Pursuit,Thriller,The Highway Pursuit,Mountain Pass Highway,Adrenaline,"car chase, curves, headlights, cliffside, speed, danger, thriller, the highway pursuit, adrenaline","Under the flickering fluorescent lights of Mountain Pass Highway, every shadow seemed to conceal an assassin waiting for the order.

Slipping through the laser grid with practiced acrobatic precision, Cross inserted the flash drive into the terminal. Data bars surged to ninety-nine percent just as heavy boots kicked open the reinforced security door. Diving behind the server rack, he deployed a smoke canister that filled the corridor with blinding white fog.

Disappearing into the rainy midnight streets, the operative left no trace behind, another mission completed in the shadows of Mountain Pass Highway."
ST-0321,The Bond of The Treehouse Pact,Friendship,The Treehouse Pact,Summer Oak Treehouse,Heartwarming,"friends, treehouse, summer, loyalty, pact, childhood, trust, friendship, the treehouse pact, heartwarming","Sunlight filtered through the golden oak leaves of Summer Oak Treehouse, warming the weathered wooden floor where two best friends sat.

Sharing a crust of warm sourdough bread and a thermos of hot cocoa, the old fisherman and the injured tern sat peacefully on the pier. Day after day, patient care nurtured the broken wing until the bird could soar freely once more, always returning to rest gently on its friend's shoulder.

With hearts full of gratitude and pockets full of shared memories, the friends walked home under the evening stars."
ST-0322,Companions of Unlikely Allies,Friendship,Unlikely Allies,Sunny Farm Meadow,Sweet,"dog, cat, animals, unlikely friends, companions, meadow, bond, friendship, unlikely allies, sweet","True friendship isn't measured in words, but in the quiet moments shared together in places like Sunny Farm Meadow.

When the mathematics exam results were posted, tears of joy replaced weeks of anxiety. They had spent countless late nights quizzing each other, refusing to let either one fall behind, proving that mutual encouragement triumphs over every obstacle.

In a world that is always changing, the sanctuary of Sunny Farm Meadow proved that genuine friendship is the greatest gift of all."
ST-0323,The Shared The Old Sailor's Companion,Friendship,The Old Sailor's Companion,Harbor Fisherman's Shack,Tender,"fisherman, seagull, harbor, loyalty, trust, companionship, friendship, the old sailor's companion, tender","For ten glorious summers, the wooden boards of Harbor Fisherman's Shack had served as the headquarters for their grandest adventures.

Navigating the winding coastal highway with the radio playing their favorite anthems, they realized that the destination didn't matter half as much as the shared joy of traveling together with lifelong friends.

Looking out over the sunset from Harbor Fisherman's Shack, they placed their hands together in the center, knowing their bond would endure through every chapter of life."
ST-0324,The Summer of The Study Buddies,Friendship,The Study Buddies,College Library Alcove,Uplifting,"classmates, exams, study, encouragement, friendship, success, the study buddies, uplifting","When times were tough and hope seemed distant, the comforting companionship found in College Library Alcove made every burden lighter.

Working shoulder to shoulder from morning until dusk, they nailed together the final boards of the lookout deck. When Leo lost his balance on the ladder, Maya's steady grip pulled him back to safety without a second's hesitation, their shared laughter echoing through the trees.

Years later, returning to College Library Alcove, they found the carved initials still clear and deep on the wood, a testament to a friendship that never faded."
ST-0325,The Pact at The Shared Workshop,Friendship,The Shared Workshop,Community Woodworking Shop,Inspiring,"craft, woodworking, mentorship, patience, friendship, shared project, the shared workshop, inspiring","No matter how far life took them, the promise they carved into the cedar beam at Community Woodworking Shop remained unbreakable.

Sharing a crust of warm sourdough bread and a thermos of hot cocoa, the old fisherman and the injured tern sat peacefully on the pier. Day after day, patient care nurtured the broken wing until the bird could soar freely once more, always returning to rest gently on its friend's shoulder.

With hearts full of gratitude and pockets full of shared memories, the friends walked home under the evening stars."
ST-0326,Allies in The Road Trip Trio,Friendship,The Road Trip Trio,Vintage Convertible Highway,Joyful,"road trip, music, highway, laughter, memories, adventure, friendship, the road trip trio, joyful","Sunlight filtered through the golden oak leaves of Vintage Convertible Highway, warming the weathered wooden floor where two best friends sat.

When the mathematics exam results were posted, tears of joy replaced weeks of anxiety. They had spent countless late nights quizzing each other, refusing to let either one fall behind, proving that mutual encouragement triumphs over every obstacle.

In a world that is always changing, the sanctuary of Vintage Convertible Highway proved that genuine friendship is the greatest gift of all."
ST-0327,The Journey of The Mountain Rescue,Friendship,The Mountain Rescue,Rocky Hiking Trail,Loyal,"hiking, trail, rescue, help, support, trust, brotherhood, friendship, the mountain rescue, loyal","True friendship isn't measured in words, but in the quiet moments shared together in places like Rocky Hiking Trail.

Navigating the winding coastal highway with the radio playing their favorite anthems, they realized that the destination didn't matter half as much as the shared joy of traveling together with lifelong friends.

Looking out over the sunset from Rocky Hiking Trail, they placed their hands together in the center, knowing their bond would endure through every chapter of life."
ST-0328,The Secret of The Neighborhood Garden,Friendship,The Neighborhood Garden,Urban Community Patch,Warm,"garden, flowers, neighbors, community, sharing, friendship, the neighborhood garden, warm","For ten glorious summers, the wooden boards of Urban Community Patch had served as the headquarters for their grandest adventures.

Working shoulder to shoulder from morning until dusk, they nailed together the final boards of the lookout deck. When Leo lost his balance on the ladder, Maya's steady grip pulled him back to safety without a second's hesitation, their shared laughter echoing through the trees.

Years later, returning to Urban Community Patch, they found the carved initials still clear and deep on the wood, a testament to a friendship that never faded."
ST-0329,The Friends of The Treehouse Pact,Friendship,The Treehouse Pact,Summer Oak Treehouse,Heartwarming,"friends, treehouse, summer, loyalty, pact, childhood, trust, friendship, the treehouse pact, heartwarming","When times were tough and hope seemed distant, the comforting companionship found in Summer Oak Treehouse made every burden lighter.

Sharing a crust of warm sourdough bread and a thermos of hot cocoa, the old fisherman and the injured tern sat peacefully on the pier. Day after day, patient care nurtured the broken wing until the bird could soar freely once more, always returning to rest gently on its friend's shoulder.

With hearts full of gratitude and pockets full of shared memories, the friends walked home under the evening stars."
ST-0330,The Promise at Unlikely Allies,Friendship,Unlikely Allies,Sunny Farm Meadow,Sweet,"dog, cat, animals, unlikely friends, companions, meadow, bond, friendship, unlikely allies, sweet","No matter how far life took them, the promise they carved into the cedar beam at Sunny Farm Meadow remained unbreakable.

When the mathematics exam results were posted, tears of joy replaced weeks of anxiety. They had spent countless late nights quizzing each other, refusing to let either one fall behind, proving that mutual encouragement triumphs over every obstacle.

In a world that is always changing, the sanctuary of Sunny Farm Meadow proved that genuine friendship is the greatest gift of all."
ST-0331,The Bond of The Old Sailor's Companion,Friendship,The Old Sailor's Companion,Harbor Fisherman's Shack,Tender,"fisherman, seagull, harbor, loyalty, trust, companionship, friendship, the old sailor's companion, tender","Sunlight filtered through the golden oak leaves of Harbor Fisherman's Shack, warming the weathered wooden floor where two best friends sat.

Navigating the winding coastal highway with the radio playing their favorite anthems, they realized that the destination didn't matter half as much as the shared joy of traveling together with lifelong friends.

Looking out over the sunset from Harbor Fisherman's Shack, they placed their hands together in the center, knowing their bond would endure through every chapter of life."
ST-0332,Companions of The Study Buddies,Friendship,The Study Buddies,College Library Alcove,Uplifting,"classmates, exams, study, encouragement, friendship, success, the study buddies, uplifting","True friendship isn't measured in words, but in the quiet moments shared together in places like College Library Alcove.

Working shoulder to shoulder from morning until dusk, they nailed together the final boards of the lookout deck. When Leo lost his balance on the ladder, Maya's steady grip pulled him back to safety without a second's hesitation, their shared laughter echoing through the trees.

Years later, returning to College Library Alcove, they found the carved initials still clear and deep on the wood, a testament to a friendship that never faded."
ST-0333,The Shared The Shared Workshop,Friendship,The Shared Workshop,Community Woodworking Shop,Inspiring,"craft, woodworking, mentorship, patience, friendship, shared project, the shared workshop, inspiring","For ten glorious summers, the wooden boards of Community Woodworking Shop had served as the headquarters for their grandest adventures.

Sharing a crust of warm sourdough bread and a thermos of hot cocoa, the old fisherman and the injured tern sat peacefully on the pier. Day after day, patient care nurtured the broken wing until the bird could soar freely once more, always returning to rest gently on its friend's shoulder.

With hearts full of gratitude and pockets full of shared memories, the friends walked home under the evening stars."
ST-0334,The Summer of The Road Trip Trio,Friendship,The Road Trip Trio,Vintage Convertible Highway,Joyful,"road trip, music, highway, laughter, memories, adventure, friendship, the road trip trio, joyful","When times were tough and hope seemed distant, the comforting companionship found in Vintage Convertible Highway made every burden lighter.

When the mathematics exam results were posted, tears of joy replaced weeks of anxiety. They had spent countless late nights quizzing each other, refusing to let either one fall behind, proving that mutual encouragement triumphs over every obstacle.

In a world that is always changing, the sanctuary of Vintage Convertible Highway proved that genuine friendship is the greatest gift of all."
ST-0335,The Pact at The Mountain Rescue,Friendship,The Mountain Rescue,Rocky Hiking Trail,Loyal,"hiking, trail, rescue, help, support, trust, brotherhood, friendship, the mountain rescue, loyal","No matter how far life took them, the promise they carved into the cedar beam at Rocky Hiking Trail remained unbreakable.

Navigating the winding coastal highway with the radio playing their favorite anthems, they realized that the destination didn't matter half as much as the shared joy of traveling together with lifelong friends.

Looking out over the sunset from Rocky Hiking Trail, they placed their hands together in the center, knowing their bond would endure through every chapter of life."
ST-0336,Allies in The Neighborhood Garden,Friendship,The Neighborhood Garden,Urban Community Patch,Warm,"garden, flowers, neighbors, community, sharing, friendship, the neighborhood garden, warm","Sunlight filtered through the golden oak leaves of Urban Community Patch, warming the weathered wooden floor where two best friends sat.

Working shoulder to shoulder from morning until dusk, they nailed together the final boards of the lookout deck. When Leo lost his balance on the ladder, Maya's steady grip pulled him back to safety without a second's hesitation, their shared laughter echoing through the trees.

Years later, returning to Urban Community Patch, they found the carved initials still clear and deep on the wood, a testament to a friendship that never faded."
ST-0337,The Journey of The Treehouse Pact,Friendship,The Treehouse Pact,Summer Oak Treehouse,Heartwarming,"friends, treehouse, summer, loyalty, pact, childhood, trust, friendship, the treehouse pact, heartwarming","True friendship isn't measured in words, but in the quiet moments shared together in places like Summer Oak Treehouse.

Sharing a crust of warm sourdough bread and a thermos of hot cocoa, the old fisherman and the injured tern sat peacefully on the pier. Day after day, patient care nurtured the broken wing until the bird could soar freely once more, always returning to rest gently on its friend's shoulder.

With hearts full of gratitude and pockets full of shared memories, the friends walked home under the evening stars."
ST-0338,The Secret of Unlikely Allies,Friendship,Unlikely Allies,Sunny Farm Meadow,Sweet,"dog, cat, animals, unlikely friends, companions, meadow, bond, friendship, unlikely allies, sweet","For ten glorious summers, the wooden boards of Sunny Farm Meadow had served as the headquarters for their grandest adventures.

When the mathematics exam results were posted, tears of joy replaced weeks of anxiety. They had spent countless late nights quizzing each other, refusing to let either one fall behind, proving that mutual encouragement triumphs over every obstacle.

In a world that is always changing, the sanctuary of Sunny Farm Meadow proved that genuine friendship is the greatest gift of all."
ST-0339,The Friends of The Old Sailor's Companion,Friendship,The Old Sailor's Companion,Harbor Fisherman's Shack,Tender,"fisherman, seagull, harbor, loyalty, trust, companionship, friendship, the old sailor's companion, tender","When times were tough and hope seemed distant, the comforting companionship found in Harbor Fisherman's Shack made every burden lighter.

Navigating the winding coastal highway with the radio playing their favorite anthems, they realized that the destination didn't matter half as much as the shared joy of traveling together with lifelong friends.

Looking out over the sunset from Harbor Fisherman's Shack, they placed their hands together in the center, knowing their bond would endure through every chapter of life."
ST-0340,The Promise at The Study Buddies,Friendship,The Study Buddies,College Library Alcove,Uplifting,"classmates, exams, study, encouragement, friendship, success, the study buddies, uplifting","No matter how far life took them, the promise they carved into the cedar beam at College Library Alcove remained unbreakable.

Working shoulder to shoulder from morning until dusk, they nailed together the final boards of the lookout deck. When Leo lost his balance on the ladder, Maya's steady grip pulled him back to safety without a second's hesitation, their shared laughter echoing through the trees.

Years later, returning to College Library Alcove, they found the carved initials still clear and deep on the wood, a testament to a friendship that never faded."
ST-0341,The Bond of The Shared Workshop,Friendship,The Shared Workshop,Community Woodworking Shop,Inspiring,"craft, woodworking, mentorship, patience, friendship, shared project, the shared workshop, inspiring","Sunlight filtered through the golden oak leaves of Community Woodworking Shop, warming the weathered wooden floor where two best friends sat.

Sharing a crust of warm sourdough bread and a thermos of hot cocoa, the old fisherman and the injured tern sat peacefully on the pier. Day after day, patient care nurtured the broken wing until the bird could soar freely once more, always returning to rest gently on its friend's shoulder.

With hearts full of gratitude and pockets full of shared memories, the friends walked home under the evening stars."
ST-0342,Companions of The Road Trip Trio,Friendship,The Road Trip Trio,Vintage Convertible Highway,Joyful,"road trip, music, highway, laughter, memories, adventure, friendship, the road trip trio, joyful","True friendship isn't measured in words, but in the quiet moments shared together in places like Vintage Convertible Highway.

When the mathematics exam results were posted, tears of joy replaced weeks of anxiety. They had spent countless late nights quizzing each other, refusing to let either one fall behind, proving that mutual encouragement triumphs over every obstacle.

In a world that is always changing, the sanctuary of Vintage Convertible Highway proved that genuine friendship is the greatest gift of all."
ST-0343,The Shared The Mountain Rescue,Friendship,The Mountain Rescue,Rocky Hiking Trail,Loyal,"hiking, trail, rescue, help, support, trust, brotherhood, friendship, the mountain rescue, loyal","For ten glorious summers, the wooden boards of Rocky Hiking Trail had served as the headquarters for their grandest adventures.

Navigating the winding coastal highway with the radio playing their favorite anthems, they realized that the destination didn't matter half as much as the shared joy of traveling together with lifelong friends.

Looking out over the sunset from Rocky Hiking Trail, they placed their hands together in the center, knowing their bond would endure through every chapter of life."
ST-0344,The Summer of The Neighborhood Garden,Friendship,The Neighborhood Garden,Urban Community Patch,Warm,"garden, flowers, neighbors, community, sharing, friendship, the neighborhood garden, warm","When times were tough and hope seemed distant, the comforting companionship found in Urban Community Patch made every burden lighter.

Working shoulder to shoulder from morning until dusk, they nailed together the final boards of the lookout deck. When Leo lost his balance on the ladder, Maya's steady grip pulled him back to safety without a second's hesitation, their shared laughter echoing through the trees.

Years later, returning to Urban Community Patch, they found the carved initials still clear and deep on the wood, a testament to a friendship that never faded."
ST-0345,The Pact at The Treehouse Pact,Friendship,The Treehouse Pact,Summer Oak Treehouse,Heartwarming,"friends, treehouse, summer, loyalty, pact, childhood, trust, friendship, the treehouse pact, heartwarming","No matter how far life took them, the promise they carved into the cedar beam at Summer Oak Treehouse remained unbreakable.

Sharing a crust of warm sourdough bread and a thermos of hot cocoa, the old fisherman and the injured tern sat peacefully on the pier. Day after day, patient care nurtured the broken wing until the bird could soar freely once more, always returning to rest gently on its friend's shoulder.

With hearts full of gratitude and pockets full of shared memories, the friends walked home under the evening stars."
ST-0346,Allies in Unlikely Allies,Friendship,Unlikely Allies,Sunny Farm Meadow,Sweet,"dog, cat, animals, unlikely friends, companions, meadow, bond, friendship, unlikely allies, sweet","Sunlight filtered through the golden oak leaves of Sunny Farm Meadow, warming the weathered wooden floor where two best friends sat.

When the mathematics exam results were posted, tears of joy replaced weeks of anxiety. They had spent countless late nights quizzing each other, refusing to let either one fall behind, proving that mutual encouragement triumphs over every obstacle.

In a world that is always changing, the sanctuary of Sunny Farm Meadow proved that genuine friendship is the greatest gift of all."
ST-0347,The Journey of The Old Sailor's Companion,Friendship,The Old Sailor's Companion,Harbor Fisherman's Shack,Tender,"fisherman, seagull, harbor, loyalty, trust, companionship, friendship, the old sailor's companion, tender","True friendship isn't measured in words, but in the quiet moments shared together in places like Harbor Fisherman's Shack.

Navigating the winding coastal highway with the radio playing their favorite anthems, they realized that the destination didn't matter half as much as the shared joy of traveling together with lifelong friends.

Looking out over the sunset from Harbor Fisherman's Shack, they placed their hands together in the center, knowing their bond would endure through every chapter of life."
ST-0348,The Secret of The Study Buddies,Friendship,The Study Buddies,College Library Alcove,Uplifting,"classmates, exams, study, encouragement, friendship, success, the study buddies, uplifting","For ten glorious summers, the wooden boards of College Library Alcove had served as the headquarters for their grandest adventures.

Working shoulder to shoulder from morning until dusk, they nailed together the final boards of the lookout deck. When Leo lost his balance on the ladder, Maya's steady grip pulled him back to safety without a second's hesitation, their shared laughter echoing through the trees.

Years later, returning to College Library Alcove, they found the carved initials still clear and deep on the wood, a testament to a friendship that never faded."
ST-0349,The Friends of The Shared Workshop,Friendship,The Shared Workshop,Community Woodworking Shop,Inspiring,"craft, woodworking, mentorship, patience, friendship, shared project, the shared workshop, inspiring","When times were tough and hope seemed distant, the comforting companionship found in Community Woodworking Shop made every burden lighter.

Sharing a crust of warm sourdough bread and a thermos of hot cocoa, the old fisherman and the injured tern sat peacefully on the pier. Day after day, patient care nurtured the broken wing until the bird could soar freely once more, always returning to rest gently on its friend's shoulder.

With hearts full of gratitude and pockets full of shared memories, the friends walked home under the evening stars."
ST-0350,The Promise at The Road Trip Trio,Friendship,The Road Trip Trio,Vintage Convertible Highway,Joyful,"road trip, music, highway, laughter, memories, adventure, friendship, the road trip trio, joyful","No matter how far life took them, the promise they carved into the cedar beam at Vintage Convertible Highway remained unbreakable.

When the mathematics exam results were posted, tears of joy replaced weeks of anxiety. They had spent countless late nights quizzing each other, refusing to let either one fall behind, proving that mutual encouragement triumphs over every obstacle.

In a world that is always changing, the sanctuary of Vintage Convertible Highway proved that genuine friendship is the greatest gift of all."
ST-0351,The Bond of The Mountain Rescue,Friendship,The Mountain Rescue,Rocky Hiking Trail,Loyal,"hiking, trail, rescue, help, support, trust, brotherhood, friendship, the mountain rescue, loyal","Sunlight filtered through the golden oak leaves of Rocky Hiking Trail, warming the weathered wooden floor where two best friends sat.

Navigating the winding coastal highway with the radio playing their favorite anthems, they realized that the destination didn't matter half as much as the shared joy of traveling together with lifelong friends.

Looking out over the sunset from Rocky Hiking Trail, they placed their hands together in the center, knowing their bond would endure through every chapter of life."
ST-0352,Companions of The Neighborhood Garden,Friendship,The Neighborhood Garden,Urban Community Patch,Warm,"garden, flowers, neighbors, community, sharing, friendship, the neighborhood garden, warm","True friendship isn't measured in words, but in the quiet moments shared together in places like Urban Community Patch.

Working shoulder to shoulder from morning until dusk, they nailed together the final boards of the lookout deck. When Leo lost his balance on the ladder, Maya's steady grip pulled him back to safety without a second's hesitation, their shared laughter echoing through the trees.

Years later, returning to Urban Community Patch, they found the carved initials still clear and deep on the wood, a testament to a friendship that never faded."
ST-0353,The Shared The Treehouse Pact,Friendship,The Treehouse Pact,Summer Oak Treehouse,Heartwarming,"friends, treehouse, summer, loyalty, pact, childhood, trust, friendship, the treehouse pact, heartwarming","For ten glorious summers, the wooden boards of Summer Oak Treehouse had served as the headquarters for their grandest adventures.

Sharing a crust of warm sourdough bread and a thermos of hot cocoa, the old fisherman and the injured tern sat peacefully on the pier. Day after day, patient care nurtured the broken wing until the bird could soar freely once more, always returning to rest gently on its friend's shoulder.

With hearts full of gratitude and pockets full of shared memories, the friends walked home under the evening stars."
ST-0354,The Summer of Unlikely Allies,Friendship,Unlikely Allies,Sunny Farm Meadow,Sweet,"dog, cat, animals, unlikely friends, companions, meadow, bond, friendship, unlikely allies, sweet","When times were tough and hope seemed distant, the comforting companionship found in Sunny Farm Meadow made every burden lighter.

When the mathematics exam results were posted, tears of joy replaced weeks of anxiety. They had spent countless late nights quizzing each other, refusing to let either one fall behind, proving that mutual encouragement triumphs over every obstacle.

In a world that is always changing, the sanctuary of Sunny Farm Meadow proved that genuine friendship is the greatest gift of all."
ST-0355,The Pact at The Old Sailor's Companion,Friendship,The Old Sailor's Companion,Harbor Fisherman's Shack,Tender,"fisherman, seagull, harbor, loyalty, trust, companionship, friendship, the old sailor's companion, tender","No matter how far life took them, the promise they carved into the cedar beam at Harbor Fisherman's Shack remained unbreakable.

Navigating the winding coastal highway with the radio playing their favorite anthems, they realized that the destination didn't matter half as much as the shared joy of traveling together with lifelong friends.

Looking out over the sunset from Harbor Fisherman's Shack, they placed their hands together in the center, knowing their bond would endure through every chapter of life."
ST-0356,Allies in The Study Buddies,Friendship,The Study Buddies,College Library Alcove,Uplifting,"classmates, exams, study, encouragement, friendship, success, the study buddies, uplifting","Sunlight filtered through the golden oak leaves of College Library Alcove, warming the weathered wooden floor where two best friends sat.

Working shoulder to shoulder from morning until dusk, they nailed together the final boards of the lookout deck. When Leo lost his balance on the ladder, Maya's steady grip pulled him back to safety without a second's hesitation, their shared laughter echoing through the trees.

Years later, returning to College Library Alcove, they found the carved initials still clear and deep on the wood, a testament to a friendship that never faded."
ST-0357,The Journey of The Shared Workshop,Friendship,The Shared Workshop,Community Woodworking Shop,Inspiring,"craft, woodworking, mentorship, patience, friendship, shared project, the shared workshop, inspiring","True friendship isn't measured in words, but in the quiet moments shared together in places like Community Woodworking Shop.

Sharing a crust of warm sourdough bread and a thermos of hot cocoa, the old fisherman and the injured tern sat peacefully on the pier. Day after day, patient care nurtured the broken wing until the bird could soar freely once more, always returning to rest gently on its friend's shoulder.

With hearts full of gratitude and pockets full of shared memories, the friends walked home under the evening stars."
ST-0358,The Secret of The Road Trip Trio,Friendship,The Road Trip Trio,Vintage Convertible Highway,Joyful,"road trip, music, highway, laughter, memories, adventure, friendship, the road trip trio, joyful","For ten glorious summers, the wooden boards of Vintage Convertible Highway had served as the headquarters for their grandest adventures.

When the mathematics exam results were posted, tears of joy replaced weeks of anxiety. They had spent countless late nights quizzing each other, refusing to let either one fall behind, proving that mutual encouragement triumphs over every obstacle.

In a world that is always changing, the sanctuary of Vintage Convertible Highway proved that genuine friendship is the greatest gift of all."
ST-0359,The Friends of The Mountain Rescue,Friendship,The Mountain Rescue,Rocky Hiking Trail,Loyal,"hiking, trail, rescue, help, support, trust, brotherhood, friendship, the mountain rescue, loyal","When times were tough and hope seemed distant, the comforting companionship found in Rocky Hiking Trail made every burden lighter.

Navigating the winding coastal highway with the radio playing their favorite anthems, they realized that the destination didn't matter half as much as the shared joy of traveling together with lifelong friends.

Looking out over the sunset from Rocky Hiking Trail, they placed their hands together in the center, knowing their bond would endure through every chapter of life."
ST-0360,The Promise at The Neighborhood Garden,Friendship,The Neighborhood Garden,Urban Community Patch,Warm,"garden, flowers, neighbors, community, sharing, friendship, the neighborhood garden, warm","No matter how far life took them, the promise they carved into the cedar beam at Urban Community Patch remained unbreakable.

Working shoulder to shoulder from morning until dusk, they nailed together the final boards of the lookout deck. When Leo lost his balance on the ladder, Maya's steady grip pulled him back to safety without a second's hesitation, their shared laughter echoing through the trees.

Years later, returning to Urban Community Patch, they found the carved initials still clear and deep on the wood, a testament to a friendship that never faded."
ST-0361,The Memory of The Grandfather's Violin,Emotional,The Grandfather's Violin,Dusty Attic Music Box,Bittersweet,"violin, music, grandfather, memory, tears, family, heartfelt, emotional, the grandfather's violin, bittersweet","A delicate layer of dust rested upon the velvet case in Dusty Attic Music Box, preserving a song that hadn't been heard in thirty years.

Raking back the fallen leaves from the stone path, she uncovered the miniature rosebush her mother had planted decades ago. Defying the harsh winter frost, a single pink bud had opened, offering its sweet fragrance like a whisper of love from beyond.

Holding the letter close to his chest, he looked up at the stars above Dusty Attic Music Box, filled with strength for the days ahead."
ST-0362,The Echoes of The Forgotten Garden,Emotional,The Forgotten Garden,Cottage Garden Bench,Poignant,"garden, flowers, memory, mother, seasons, grief, remembrance, emotional, the forgotten garden, poignant","Memories have a way of lingering in the quiet corners of Cottage Garden Bench, waiting for a gentle touch to awaken them.

Reading the handwritten pages penned in his father's steady script, tears rolled down his cheeks. Every line was filled with encouragement, forgiveness, and unconditional pride, answering the questions he had carried in his heart for half a lifetime.

Surrounded by the warmth of family in Cottage Garden Bench, he finally understood that home is not a place, but the people who love you unconditionally."
ST-0363,The Legacy of Letters to Tomorrow,Emotional,Letters to Tomorrow,Antique Writing Desk,Deep,"letters, legacy, father, son, advice, love, touching, emotional, letters to tomorrow, deep","Sitting alone by the window in Antique Writing Desk, Nora held the worn envelope with hands that trembled with quiet reverence.

Stepping off the train into the misty evening air, he saw his family waiting under the station lamps. The instant their arms wrapped around him in a tight embrace, all the weariness of the long journey dissolved into pure, restorative tears of joy.

As the final musical note faded into the peaceful stillness of Antique Writing Desk, a serene smile touched his lips, knowing love never truly ends."
ST-0364,A Letter from The Old Photograph Album,Emotional,The Old Photograph Album,Living Room Fireside,Nostalgic,"photo album, sepia, ancestors, laughter, passing time, generations, emotional, the old photograph album, nostalgic","The twilight hour always brought a poignant hush over Living Room Fireside, when the boundaries between past and present seemed to blur.

Lifting the polished spruce violin to his shoulder, Julian drew the horsehair bow across the strings. The resonant melody of his grandfather's favorite lullaby filled the sunlit room, vibrant with memories of childhood summers, warm hugs, and wise guidance that transcended time itself.

Placing the dried rose between the pages of the family Bible, she felt an overwhelming sense of peace settle over her soul."
ST-0365,The Melody in The Lighthouse Keeper's Watch,Emotional,The Lighthouse Keeper's Watch,Lonely Sea Cliff,Melancholic,"lighthouse, watch, sea, waiting, solitude, devotion, honor, emotional, the lighthouse keeper's watch, melancholic","Every crease in the sepia photograph told a story of sacrifice, devotion, and boundless love in Lonely Sea Cliff.

Raking back the fallen leaves from the stone path, she uncovered the miniature rosebush her mother had planted decades ago. Defying the harsh winter frost, a single pink bud had opened, offering its sweet fragrance like a whisper of love from beyond.

Holding the letter close to his chest, he looked up at the stars above Lonely Sea Cliff, filled with strength for the days ahead."
ST-0366,The Harvest of The Last Harvest,Emotional,The Last Harvest,Autumn Wheat Field,Bittersweet,"harvest, farm, father, land, hard work, passing the torch, pride, emotional, the last harvest, bittersweet","A delicate layer of dust rested upon the velvet case in Autumn Wheat Field, preserving a song that hadn't been heard in thirty years.

Reading the handwritten pages penned in his father's steady script, tears rolled down his cheeks. Every line was filled with encouragement, forgiveness, and unconditional pride, answering the questions he had carried in his heart for half a lifetime.

Surrounded by the warmth of family in Autumn Wheat Field, he finally understood that home is not a place, but the people who love you unconditionally."
ST-0367,The Return to The Homecoming,Emotional,The Homecoming,Rainy Train Platform,Overwhelming,"reunion, train, embrace, welcome, tears of joy, family, home, emotional, the homecoming, overwhelming","Memories have a way of lingering in the quiet corners of Rainy Train Platform, waiting for a gentle touch to awaken them.

Stepping off the train into the misty evening air, he saw his family waiting under the station lamps. The instant their arms wrapped around him in a tight embrace, all the weariness of the long journey dissolved into pure, restorative tears of joy.

As the final musical note faded into the peaceful stillness of Rainy Train Platform, a serene smile touched his lips, knowing love never truly ends."
ST-0368,Tears in The Painter's Final Canvas,Emotional,The Painter's Final Canvas,Sunlit Studio Easel,Profound,"artist, painting, legacy, beauty, final work, gratitude, colors, emotional, the painter's final canvas, profound","Sitting alone by the window in Sunlit Studio Easel, Nora held the worn envelope with hands that trembled with quiet reverence.

Lifting the polished spruce violin to his shoulder, Julian drew the horsehair bow across the strings. The resonant melody of his grandfather's favorite lullaby filled the sunlit room, vibrant with memories of childhood summers, warm hugs, and wise guidance that transcended time itself.

Placing the dried rose between the pages of the family Bible, she felt an overwhelming sense of peace settle over her soul."
ST-0369,The Keeper of The Grandfather's Violin,Emotional,The Grandfather's Violin,Dusty Attic Music Box,Bittersweet,"violin, music, grandfather, memory, tears, family, heartfelt, emotional, the grandfather's violin, bittersweet","The twilight hour always brought a poignant hush over Dusty Attic Music Box, when the boundaries between past and present seemed to blur.

Raking back the fallen leaves from the stone path, she uncovered the miniature rosebush her mother had planted decades ago. Defying the harsh winter frost, a single pink bud had opened, offering its sweet fragrance like a whisper of love from beyond.

Holding the letter close to his chest, he looked up at the stars above Dusty Attic Music Box, filled with strength for the days ahead."
ST-0370,The Portrait of The Forgotten Garden,Emotional,The Forgotten Garden,Cottage Garden Bench,Poignant,"garden, flowers, memory, mother, seasons, grief, remembrance, emotional, the forgotten garden, poignant","Every crease in the sepia photograph told a story of sacrifice, devotion, and boundless love in Cottage Garden Bench.

Reading the handwritten pages penned in his father's steady script, tears rolled down his cheeks. Every line was filled with encouragement, forgiveness, and unconditional pride, answering the questions he had carried in his heart for half a lifetime.

Surrounded by the warmth of family in Cottage Garden Bench, he finally understood that home is not a place, but the people who love you unconditionally."
ST-0371,The Memory of Letters to Tomorrow,Emotional,Letters to Tomorrow,Antique Writing Desk,Deep,"letters, legacy, father, son, advice, love, touching, emotional, letters to tomorrow, deep","A delicate layer of dust rested upon the velvet case in Antique Writing Desk, preserving a song that hadn't been heard in thirty years.

Stepping off the train into the misty evening air, he saw his family waiting under the station lamps. The instant their arms wrapped around him in a tight embrace, all the weariness of the long journey dissolved into pure, restorative tears of joy.

As the final musical note faded into the peaceful stillness of Antique Writing Desk, a serene smile touched his lips, knowing love never truly ends."
ST-0372,The Echoes of The Old Photograph Album,Emotional,The Old Photograph Album,Living Room Fireside,Nostalgic,"photo album, sepia, ancestors, laughter, passing time, generations, emotional, the old photograph album, nostalgic","Memories have a way of lingering in the quiet corners of Living Room Fireside, waiting for a gentle touch to awaken them.

Lifting the polished spruce violin to his shoulder, Julian drew the horsehair bow across the strings. The resonant melody of his grandfather's favorite lullaby filled the sunlit room, vibrant with memories of childhood summers, warm hugs, and wise guidance that transcended time itself.

Placing the dried rose between the pages of the family Bible, she felt an overwhelming sense of peace settle over her soul."
ST-0373,The Legacy of The Lighthouse Keeper's Watch,Emotional,The Lighthouse Keeper's Watch,Lonely Sea Cliff,Melancholic,"lighthouse, watch, sea, waiting, solitude, devotion, honor, emotional, the lighthouse keeper's watch, melancholic","Sitting alone by the window in Lonely Sea Cliff, Nora held the worn envelope with hands that trembled with quiet reverence.

Raking back the fallen leaves from the stone path, she uncovered the miniature rosebush her mother had planted decades ago. Defying the harsh winter frost, a single pink bud had opened, offering its sweet fragrance like a whisper of love from beyond.

Holding the letter close to his chest, he looked up at the stars above Lonely Sea Cliff, filled with strength for the days ahead."
ST-0374,A Letter from The Last Harvest,Emotional,The Last Harvest,Autumn Wheat Field,Bittersweet,"harvest, farm, father, land, hard work, passing the torch, pride, emotional, the last harvest, bittersweet","The twilight hour always brought a poignant hush over Autumn Wheat Field, when the boundaries between past and present seemed to blur.

Reading the handwritten pages penned in his father's steady script, tears rolled down his cheeks. Every line was filled with encouragement, forgiveness, and unconditional pride, answering the questions he had carried in his heart for half a lifetime.

Surrounded by the warmth of family in Autumn Wheat Field, he finally understood that home is not a place, but the people who love you unconditionally."
ST-0375,The Melody in The Homecoming,Emotional,The Homecoming,Rainy Train Platform,Overwhelming,"reunion, train, embrace, welcome, tears of joy, family, home, emotional, the homecoming, overwhelming","Every crease in the sepia photograph told a story of sacrifice, devotion, and boundless love in Rainy Train Platform.

Stepping off the train into the misty evening air, he saw his family waiting under the station lamps. The instant their arms wrapped around him in a tight embrace, all the weariness of the long journey dissolved into pure, restorative tears of joy.

As the final musical note faded into the peaceful stillness of Rainy Train Platform, a serene smile touched his lips, knowing love never truly ends."
ST-0376,The Harvest of The Painter's Final Canvas,Emotional,The Painter's Final Canvas,Sunlit Studio Easel,Profound,"artist, painting, legacy, beauty, final work, gratitude, colors, emotional, the painter's final canvas, profound","A delicate layer of dust rested upon the velvet case in Sunlit Studio Easel, preserving a song that hadn't been heard in thirty years.

Lifting the polished spruce violin to his shoulder, Julian drew the horsehair bow across the strings. The resonant melody of his grandfather's favorite lullaby filled the sunlit room, vibrant with memories of childhood summers, warm hugs, and wise guidance that transcended time itself.

Placing the dried rose between the pages of the family Bible, she felt an overwhelming sense of peace settle over her soul."
ST-0377,The Return to The Grandfather's Violin,Emotional,The Grandfather's Violin,Dusty Attic Music Box,Bittersweet,"violin, music, grandfather, memory, tears, family, heartfelt, emotional, the grandfather's violin, bittersweet","Memories have a way of lingering in the quiet corners of Dusty Attic Music Box, waiting for a gentle touch to awaken them.

Raking back the fallen leaves from the stone path, she uncovered the miniature rosebush her mother had planted decades ago. Defying the harsh winter frost, a single pink bud had opened, offering its sweet fragrance like a whisper of love from beyond.

Holding the letter close to his chest, he looked up at the stars above Dusty Attic Music Box, filled with strength for the days ahead."
ST-0378,Tears in The Forgotten Garden,Emotional,The Forgotten Garden,Cottage Garden Bench,Poignant,"garden, flowers, memory, mother, seasons, grief, remembrance, emotional, the forgotten garden, poignant","Sitting alone by the window in Cottage Garden Bench, Nora held the worn envelope with hands that trembled with quiet reverence.

Reading the handwritten pages penned in his father's steady script, tears rolled down his cheeks. Every line was filled with encouragement, forgiveness, and unconditional pride, answering the questions he had carried in his heart for half a lifetime.

Surrounded by the warmth of family in Cottage Garden Bench, he finally understood that home is not a place, but the people who love you unconditionally."
ST-0379,The Keeper of Letters to Tomorrow,Emotional,Letters to Tomorrow,Antique Writing Desk,Deep,"letters, legacy, father, son, advice, love, touching, emotional, letters to tomorrow, deep","The twilight hour always brought a poignant hush over Antique Writing Desk, when the boundaries between past and present seemed to blur.

Stepping off the train into the misty evening air, he saw his family waiting under the station lamps. The instant their arms wrapped around him in a tight embrace, all the weariness of the long journey dissolved into pure, restorative tears of joy.

As the final musical note faded into the peaceful stillness of Antique Writing Desk, a serene smile touched his lips, knowing love never truly ends."
ST-0380,The Portrait of The Old Photograph Album,Emotional,The Old Photograph Album,Living Room Fireside,Nostalgic,"photo album, sepia, ancestors, laughter, passing time, generations, emotional, the old photograph album, nostalgic","Every crease in the sepia photograph told a story of sacrifice, devotion, and boundless love in Living Room Fireside.

Lifting the polished spruce violin to his shoulder, Julian drew the horsehair bow across the strings. The resonant melody of his grandfather's favorite lullaby filled the sunlit room, vibrant with memories of childhood summers, warm hugs, and wise guidance that transcended time itself.

Placing the dried rose between the pages of the family Bible, she felt an overwhelming sense of peace settle over her soul."
ST-0381,The Memory of The Lighthouse Keeper's Watch,Emotional,The Lighthouse Keeper's Watch,Lonely Sea Cliff,Melancholic,"lighthouse, watch, sea, waiting, solitude, devotion, honor, emotional, the lighthouse keeper's watch, melancholic","A delicate layer of dust rested upon the velvet case in Lonely Sea Cliff, preserving a song that hadn't been heard in thirty years.

Raking back the fallen leaves from the stone path, she uncovered the miniature rosebush her mother had planted decades ago. Defying the harsh winter frost, a single pink bud had opened, offering its sweet fragrance like a whisper of love from beyond.

Holding the letter close to his chest, he looked up at the stars above Lonely Sea Cliff, filled with strength for the days ahead."
ST-0382,The Echoes of The Last Harvest,Emotional,The Last Harvest,Autumn Wheat Field,Bittersweet,"harvest, farm, father, land, hard work, passing the torch, pride, emotional, the last harvest, bittersweet","Memories have a way of lingering in the quiet corners of Autumn Wheat Field, waiting for a gentle touch to awaken them.

Reading the handwritten pages penned in his father's steady script, tears rolled down his cheeks. Every line was filled with encouragement, forgiveness, and unconditional pride, answering the questions he had carried in his heart for half a lifetime.

Surrounded by the warmth of family in Autumn Wheat Field, he finally understood that home is not a place, but the people who love you unconditionally."
ST-0383,The Legacy of The Homecoming,Emotional,The Homecoming,Rainy Train Platform,Overwhelming,"reunion, train, embrace, welcome, tears of joy, family, home, emotional, the homecoming, overwhelming","Sitting alone by the window in Rainy Train Platform, Nora held the worn envelope with hands that trembled with quiet reverence.

Stepping off the train into the misty evening air, he saw his family waiting under the station lamps. The instant their arms wrapped around him in a tight embrace, all the weariness of the long journey dissolved into pure, restorative tears of joy.

As the final musical note faded into the peaceful stillness of Rainy Train Platform, a serene smile touched his lips, knowing love never truly ends."
ST-0384,A Letter from The Painter's Final Canvas,Emotional,The Painter's Final Canvas,Sunlit Studio Easel,Profound,"artist, painting, legacy, beauty, final work, gratitude, colors, emotional, the painter's final canvas, profound","The twilight hour always brought a poignant hush over Sunlit Studio Easel, when the boundaries between past and present seemed to blur.

Lifting the polished spruce violin to his shoulder, Julian drew the horsehair bow across the strings. The resonant melody of his grandfather's favorite lullaby filled the sunlit room, vibrant with memories of childhood summers, warm hugs, and wise guidance that transcended time itself.

Placing the dried rose between the pages of the family Bible, she felt an overwhelming sense of peace settle over her soul."
ST-0385,The Melody in The Grandfather's Violin,Emotional,The Grandfather's Violin,Dusty Attic Music Box,Bittersweet,"violin, music, grandfather, memory, tears, family, heartfelt, emotional, the grandfather's violin, bittersweet","Every crease in the sepia photograph told a story of sacrifice, devotion, and boundless love in Dusty Attic Music Box.

Raking back the fallen leaves from the stone path, she uncovered the miniature rosebush her mother had planted decades ago. Defying the harsh winter frost, a single pink bud had opened, offering its sweet fragrance like a whisper of love from beyond.

Holding the letter close to his chest, he looked up at the stars above Dusty Attic Music Box, filled with strength for the days ahead."
ST-0386,The Harvest of The Forgotten Garden,Emotional,The Forgotten Garden,Cottage Garden Bench,Poignant,"garden, flowers, memory, mother, seasons, grief, remembrance, emotional, the forgotten garden, poignant","A delicate layer of dust rested upon the velvet case in Cottage Garden Bench, preserving a song that hadn't been heard in thirty years.

Reading the handwritten pages penned in his father's steady script, tears rolled down his cheeks. Every line was filled with encouragement, forgiveness, and unconditional pride, answering the questions he had carried in his heart for half a lifetime.

Surrounded by the warmth of family in Cottage Garden Bench, he finally understood that home is not a place, but the people who love you unconditionally."
ST-0387,The Return to Letters to Tomorrow,Emotional,Letters to Tomorrow,Antique Writing Desk,Deep,"letters, legacy, father, son, advice, love, touching, emotional, letters to tomorrow, deep","Memories have a way of lingering in the quiet corners of Antique Writing Desk, waiting for a gentle touch to awaken them.

Stepping off the train into the misty evening air, he saw his family waiting under the station lamps. The instant their arms wrapped around him in a tight embrace, all the weariness of the long journey dissolved into pure, restorative tears of joy.

As the final musical note faded into the peaceful stillness of Antique Writing Desk, a serene smile touched his lips, knowing love never truly ends."
ST-0388,Tears in The Old Photograph Album,Emotional,The Old Photograph Album,Living Room Fireside,Nostalgic,"photo album, sepia, ancestors, laughter, passing time, generations, emotional, the old photograph album, nostalgic","Sitting alone by the window in Living Room Fireside, Nora held the worn envelope with hands that trembled with quiet reverence.

Lifting the polished spruce violin to his shoulder, Julian drew the horsehair bow across the strings. The resonant melody of his grandfather's favorite lullaby filled the sunlit room, vibrant with memories of childhood summers, warm hugs, and wise guidance that transcended time itself.

Placing the dried rose between the pages of the family Bible, she felt an overwhelming sense of peace settle over her soul."
ST-0389,The Keeper of The Lighthouse Keeper's Watch,Emotional,The Lighthouse Keeper's Watch,Lonely Sea Cliff,Melancholic,"lighthouse, watch, sea, waiting, solitude, devotion, honor, emotional, the lighthouse keeper's watch, melancholic","The twilight hour always brought a poignant hush over Lonely Sea Cliff, when the boundaries between past and present seemed to blur.

Raking back the fallen leaves from the stone path, she uncovered the miniature rosebush her mother had planted decades ago. Defying the harsh winter frost, a single pink bud had opened, offering its sweet fragrance like a whisper of love from beyond.

Holding the letter close to his chest, he looked up at the stars above Lonely Sea Cliff, filled with strength for the days ahead."
ST-0390,The Portrait of The Last Harvest,Emotional,The Last Harvest,Autumn Wheat Field,Bittersweet,"harvest, farm, father, land, hard work, passing the torch, pride, emotional, the last harvest, bittersweet","Every crease in the sepia photograph told a story of sacrifice, devotion, and boundless love in Autumn Wheat Field.

Reading the handwritten pages penned in his father's steady script, tears rolled down his cheeks. Every line was filled with encouragement, forgiveness, and unconditional pride, answering the questions he had carried in his heart for half a lifetime.

Surrounded by the warmth of family in Autumn Wheat Field, he finally understood that home is not a place, but the people who love you unconditionally."
ST-0391,The Memory of The Homecoming,Emotional,The Homecoming,Rainy Train Platform,Overwhelming,"reunion, train, embrace, welcome, tears of joy, family, home, emotional, the homecoming, overwhelming","A delicate layer of dust rested upon the velvet case in Rainy Train Platform, preserving a song that hadn't been heard in thirty years.

Stepping off the train into the misty evening air, he saw his family waiting under the station lamps. The instant their arms wrapped around him in a tight embrace, all the weariness of the long journey dissolved into pure, restorative tears of joy.

As the final musical note faded into the peaceful stillness of Rainy Train Platform, a serene smile touched his lips, knowing love never truly ends."
ST-0392,The Echoes of The Painter's Final Canvas,Emotional,The Painter's Final Canvas,Sunlit Studio Easel,Profound,"artist, painting, legacy, beauty, final work, gratitude, colors, emotional, the painter's final canvas, profound","Memories have a way of lingering in the quiet corners of Sunlit Studio Easel, waiting for a gentle touch to awaken them.

Lifting the polished spruce violin to his shoulder, Julian drew the horsehair bow across the strings. The resonant melody of his grandfather's favorite lullaby filled the sunlit room, vibrant with memories of childhood summers, warm hugs, and wise guidance that transcended time itself.

Placing the dried rose between the pages of the family Bible, she felt an overwhelming sense of peace settle over her soul."
ST-0393,The Legacy of The Grandfather's Violin,Emotional,The Grandfather's Violin,Dusty Attic Music Box,Bittersweet,"violin, music, grandfather, memory, tears, family, heartfelt, emotional, the grandfather's violin, bittersweet","Sitting alone by the window in Dusty Attic Music Box, Nora held the worn envelope with hands that trembled with quiet reverence.

Raking back the fallen leaves from the stone path, she uncovered the miniature rosebush her mother had planted decades ago. Defying the harsh winter frost, a single pink bud had opened, offering its sweet fragrance like a whisper of love from beyond.

Holding the letter close to his chest, he looked up at the stars above Dusty Attic Music Box, filled with strength for the days ahead."
ST-0394,A Letter from The Forgotten Garden,Emotional,The Forgotten Garden,Cottage Garden Bench,Poignant,"garden, flowers, memory, mother, seasons, grief, remembrance, emotional, the forgotten garden, poignant","The twilight hour always brought a poignant hush over Cottage Garden Bench, when the boundaries between past and present seemed to blur.

Reading the handwritten pages penned in his father's steady script, tears rolled down his cheeks. Every line was filled with encouragement, forgiveness, and unconditional pride, answering the questions he had carried in his heart for half a lifetime.

Surrounded by the warmth of family in Cottage Garden Bench, he finally understood that home is not a place, but the people who love you unconditionally."
ST-0395,The Melody in Letters to Tomorrow,Emotional,Letters to Tomorrow,Antique Writing Desk,Deep,"letters, legacy, father, son, advice, love, touching, emotional, letters to tomorrow, deep","Every crease in the sepia photograph told a story of sacrifice, devotion, and boundless love in Antique Writing Desk.

Stepping off the train into the misty evening air, he saw his family waiting under the station lamps. The instant their arms wrapped around him in a tight embrace, all the weariness of the long journey dissolved into pure, restorative tears of joy.

As the final musical note faded into the peaceful stillness of Antique Writing Desk, a serene smile touched his lips, knowing love never truly ends."
ST-0396,The Harvest of The Old Photograph Album,Emotional,The Old Photograph Album,Living Room Fireside,Nostalgic,"photo album, sepia, ancestors, laughter, passing time, generations, emotional, the old photograph album, nostalgic","A delicate layer of dust rested upon the velvet case in Living Room Fireside, preserving a song that hadn't been heard in thirty years.

Lifting the polished spruce violin to his shoulder, Julian drew the horsehair bow across the strings. The resonant melody of his grandfather's favorite lullaby filled the sunlit room, vibrant with memories of childhood summers, warm hugs, and wise guidance that transcended time itself.

Placing the dried rose between the pages of the family Bible, she felt an overwhelming sense of peace settle over her soul."
ST-0397,The Return to The Lighthouse Keeper's Watch,Emotional,The Lighthouse Keeper's Watch,Lonely Sea Cliff,Melancholic,"lighthouse, watch, sea, waiting, solitude, devotion, honor, emotional, the lighthouse keeper's watch, melancholic","Memories have a way of lingering in the quiet corners of Lonely Sea Cliff, waiting for a gentle touch to awaken them.

Raking back the fallen leaves from the stone path, she uncovered the miniature rosebush her mother had planted decades ago. Defying the harsh winter frost, a single pink bud had opened, offering its sweet fragrance like a whisper of love from beyond.

Holding the letter close to his chest, he looked up at the stars above Lonely Sea Cliff, filled with strength for the days ahead."
ST-0398,Tears in The Last Harvest,Emotional,The Last Harvest,Autumn Wheat Field,Bittersweet,"harvest, farm, father, land, hard work, passing the torch, pride, emotional, the last harvest, bittersweet","Sitting alone by the window in Autumn Wheat Field, Nora held the worn envelope with hands that trembled with quiet reverence.

Reading the handwritten pages penned in his father's steady script, tears rolled down his cheeks. Every line was filled with encouragement, forgiveness, and unconditional pride, answering the questions he had carried in his heart for half a lifetime.

Surrounded by the warmth of family in Autumn Wheat Field, he finally understood that home is not a place, but the people who love you unconditionally."
ST-0399,The Keeper of The Homecoming,Emotional,The Homecoming,Rainy Train Platform,Overwhelming,"reunion, train, embrace, welcome, tears of joy, family, home, emotional, the homecoming, overwhelming","The twilight hour always brought a poignant hush over Rainy Train Platform, when the boundaries between past and present seemed to blur.

Stepping off the train into the misty evening air, he saw his family waiting under the station lamps. The instant their arms wrapped around him in a tight embrace, all the weariness of the long journey dissolved into pure, restorative tears of joy.

As the final musical note faded into the peaceful stillness of Rainy Train Platform, a serene smile touched his lips, knowing love never truly ends."
ST-0400,The Portrait of The Painter's Final Canvas,Emotional,The Painter's Final Canvas,Sunlit Studio Easel,Profound,"artist, painting, legacy, beauty, final work, gratitude, colors, emotional, the painter's final canvas, profound","Every crease in the sepia photograph told a story of sacrifice, devotion, and boundless love in Sunlit Studio Easel.

Lifting the polished spruce violin to his shoulder, Julian drew the horsehair bow across the strings. The resonant melody of his grandfather's favorite lullaby filled the sunlit room, vibrant with memories of childhood summers, warm hugs, and wise guidance that transcended time itself.

Placing the dried rose between the pages of the family Bible, she felt an overwhelming sense of peace settle over her soul."
ST-0401,The Wisdom of The Honest Woodcutter,Moral,The Honest Woodcutter,Forest Stream Bank,Inspiring,"woodcutter, honesty, axe, gold, truth, reward, water, moral, the honest woodcutter, inspiring","In ancient times, when beasts and trees spoke the language of wisdom, a traveler walked the path near Forest Stream Bank.

Dropping pebbles one by one into the tall pitcher with tireless persistence, the thirsty crow watched the water level rise steadily until its beak could drink freely, proving that patience and ingenuity conquer brute force every time.

To this day, travelers passing Forest Stream Bank remember the timeless proverb: true strength lies in humility, unity, and honesty."
ST-0402,The Fable of The Greedy Merchant's Gold,Moral,The Greedy Merchant's Gold,Bustling Marketplace,Wise,"merchant, greed, gold, lesson, generosity, karma, market, moral, the greedy merchant's gold, wise","A timeless fable from the village elders of Bustling Marketplace teaches a lesson that every generation must learn anew.

The mighty oak boasted of its rigid unbending strength, while the slender reed bowed low before the storm. When the hurricane passed, the proud oak lay uprooted on the ground, while the humble reed stood graceful and unblemished in the morning sun.

And so the simple truth of Bustling Marketplace was carved into stone, guiding future generations toward wisdom and virtue."
ST-0403,The Honest The Crow and the Pitcher,Moral,The Crow and the Pitcher,Dry Country Road,Clever,"crow, pitcher, pebbles, patience, wisdom, water, thirst, moral, the crow and the pitcher, clever","There once lived a man in Dry Country Road who believed that wealth alone could measure the true value of a person.

Handing a single stick to his sons, the father watched them break it easily. But when he bound twelve sticks into a single bundle, not even the strongest warrior could bend it, proving that united we stand invincible, but divided we easily fall.

The lesson learned at Dry Country Road echoed through the village, reminding all that integrity is the highest currency of human character."
ST-0404,The Lesson of The Pride of the Mountain Oak,Moral,The Pride of the Mountain Oak,Windy Mountain Crest,Thoughtful,"oak, reed, wind, humility, pride, storm, strength, moral, the pride of the mountain oak, thoughtful","The wise teacher gathered the village children beneath the shade of Windy Mountain Crest to share an unforgettable tale of truth.

When the golden axe rose from the river, the humble woodcutter shook his head and spoke honestly: 'That is not mine; my axe was simple forged iron.' Pleased by such incorruptible integrity, the spirit of the waters gifted him both the gold and silver axes alongside his own.

Content with an honest life and a clean conscience, the family lived in peace, blessed by the enduring wisdom of Windy Mountain Crest."
ST-0405,The Tale of The Two Travelers and the Bear,Moral,The Two Travelers and the Bear,Deep Woodland Trail,Insightful,"travelers, bear, loyalty, danger, promise, fable, friendship, moral, the two travelers and the bear, insightful","Pride and humility met on the rocky slopes of Deep Woodland Trail to test which virtue would withstand the coming tempest.

Dropping pebbles one by one into the tall pitcher with tireless persistence, the thirsty crow watched the water level rise steadily until its beak could drink freely, proving that patience and ingenuity conquer brute force every time.

To this day, travelers passing Deep Woodland Trail remember the timeless proverb: true strength lies in humility, unity, and honesty."
ST-0406,The Truth in The Golden Touch,Moral,The Golden Touch,King's Palace Banquet,Cautionary,"king, gold, greed, touch, daughter, fable, regret, wisdom, moral, the golden touch, cautionary","In ancient times, when beasts and trees spoke the language of wisdom, a traveler walked the path near King's Palace Banquet.

The mighty oak boasted of its rigid unbending strength, while the slender reed bowed low before the storm. When the hurricane passed, the proud oak lay uprooted on the ground, while the humble reed stood graceful and unblemished in the morning sun.

And so the simple truth of King's Palace Banquet was carved into stone, guiding future generations toward wisdom and virtue."
ST-0407,The Choice at The Bundle of Sticks,Moral,The Bundle of Sticks,Elder's Village Hearth,Unifying,"sticks, unity, brothers, strength, family, cooperation, lesson, moral, the bundle of sticks, unifying","A timeless fable from the village elders of Elder's Village Hearth teaches a lesson that every generation must learn anew.

Handing a single stick to his sons, the father watched them break it easily. But when he bound twelve sticks into a single bundle, not even the strongest warrior could bend it, proving that united we stand invincible, but divided we easily fall.

The lesson learned at Elder's Village Hearth echoed through the village, reminding all that integrity is the highest currency of human character."
ST-0408,The Parable of The Blind Men and the Elephant,Moral,The Blind Men and the Elephant,Shady Banyan Tree,Philosophical,"elephant, perspective, wisdom, truth, blind men, understanding, moral, the blind men and the elephant, philosophical","There once lived a man in Shady Banyan Tree who believed that wealth alone could measure the true value of a person.

When the golden axe rose from the river, the humble woodcutter shook his head and spoke honestly: 'That is not mine; my axe was simple forged iron.' Pleased by such incorruptible integrity, the spirit of the waters gifted him both the gold and silver axes alongside his own.

Content with an honest life and a clean conscience, the family lived in peace, blessed by the enduring wisdom of Shady Banyan Tree."
ST-0409,The Test of The Honest Woodcutter,Moral,The Honest Woodcutter,Forest Stream Bank,Inspiring,"woodcutter, honesty, axe, gold, truth, reward, water, moral, the honest woodcutter, inspiring","The wise teacher gathered the village children beneath the shade of Forest Stream Bank to share an unforgettable tale of truth.

Dropping pebbles one by one into the tall pitcher with tireless persistence, the thirsty crow watched the water level rise steadily until its beak could drink freely, proving that patience and ingenuity conquer brute force every time.

To this day, travelers passing Forest Stream Bank remember the timeless proverb: true strength lies in humility, unity, and honesty."
ST-0410,The Heritage of The Greedy Merchant's Gold,Moral,The Greedy Merchant's Gold,Bustling Marketplace,Wise,"merchant, greed, gold, lesson, generosity, karma, market, moral, the greedy merchant's gold, wise","Pride and humility met on the rocky slopes of Bustling Marketplace to test which virtue would withstand the coming tempest.

The mighty oak boasted of its rigid unbending strength, while the slender reed bowed low before the storm. When the hurricane passed, the proud oak lay uprooted on the ground, while the humble reed stood graceful and unblemished in the morning sun.

And so the simple truth of Bustling Marketplace was carved into stone, guiding future generations toward wisdom and virtue."
ST-0411,The Wisdom of The Crow and the Pitcher,Moral,The Crow and the Pitcher,Dry Country Road,Clever,"crow, pitcher, pebbles, patience, wisdom, water, thirst, moral, the crow and the pitcher, clever","In ancient times, when beasts and trees spoke the language of wisdom, a traveler walked the path near Dry Country Road.

Handing a single stick to his sons, the father watched them break it easily. But when he bound twelve sticks into a single bundle, not even the strongest warrior could bend it, proving that united we stand invincible, but divided we easily fall.

The lesson learned at Dry Country Road echoed through the village, reminding all that integrity is the highest currency of human character."
ST-0412,The Fable of The Pride of the Mountain Oak,Moral,The Pride of the Mountain Oak,Windy Mountain Crest,Thoughtful,"oak, reed, wind, humility, pride, storm, strength, moral, the pride of the mountain oak, thoughtful","A timeless fable from the village elders of Windy Mountain Crest teaches a lesson that every generation must learn anew.

When the golden axe rose from the river, the humble woodcutter shook his head and spoke honestly: 'That is not mine; my axe was simple forged iron.' Pleased by such incorruptible integrity, the spirit of the waters gifted him both the gold and silver axes alongside his own.

Content with an honest life and a clean conscience, the family lived in peace, blessed by the enduring wisdom of Windy Mountain Crest."
ST-0413,The Honest The Two Travelers and the Bear,Moral,The Two Travelers and the Bear,Deep Woodland Trail,Insightful,"travelers, bear, loyalty, danger, promise, fable, friendship, moral, the two travelers and the bear, insightful","There once lived a man in Deep Woodland Trail who believed that wealth alone could measure the true value of a person.

Dropping pebbles one by one into the tall pitcher with tireless persistence, the thirsty crow watched the water level rise steadily until its beak could drink freely, proving that patience and ingenuity conquer brute force every time.

To this day, travelers passing Deep Woodland Trail remember the timeless proverb: true strength lies in humility, unity, and honesty."
ST-0414,The Lesson of The Golden Touch,Moral,The Golden Touch,King's Palace Banquet,Cautionary,"king, gold, greed, touch, daughter, fable, regret, wisdom, moral, the golden touch, cautionary","The wise teacher gathered the village children beneath the shade of King's Palace Banquet to share an unforgettable tale of truth.

The mighty oak boasted of its rigid unbending strength, while the slender reed bowed low before the storm. When the hurricane passed, the proud oak lay uprooted on the ground, while the humble reed stood graceful and unblemished in the morning sun.

And so the simple truth of King's Palace Banquet was carved into stone, guiding future generations toward wisdom and virtue."
ST-0415,The Tale of The Bundle of Sticks,Moral,The Bundle of Sticks,Elder's Village Hearth,Unifying,"sticks, unity, brothers, strength, family, cooperation, lesson, moral, the bundle of sticks, unifying","Pride and humility met on the rocky slopes of Elder's Village Hearth to test which virtue would withstand the coming tempest.

Handing a single stick to his sons, the father watched them break it easily. But when he bound twelve sticks into a single bundle, not even the strongest warrior could bend it, proving that united we stand invincible, but divided we easily fall.

The lesson learned at Elder's Village Hearth echoed through the village, reminding all that integrity is the highest currency of human character."
ST-0416,The Truth in The Blind Men and the Elephant,Moral,The Blind Men and the Elephant,Shady Banyan Tree,Philosophical,"elephant, perspective, wisdom, truth, blind men, understanding, moral, the blind men and the elephant, philosophical","In ancient times, when beasts and trees spoke the language of wisdom, a traveler walked the path near Shady Banyan Tree.

When the golden axe rose from the river, the humble woodcutter shook his head and spoke honestly: 'That is not mine; my axe was simple forged iron.' Pleased by such incorruptible integrity, the spirit of the waters gifted him both the gold and silver axes alongside his own.

Content with an honest life and a clean conscience, the family lived in peace, blessed by the enduring wisdom of Shady Banyan Tree."
ST-0417,The Choice at The Honest Woodcutter,Moral,The Honest Woodcutter,Forest Stream Bank,Inspiring,"woodcutter, honesty, axe, gold, truth, reward, water, moral, the honest woodcutter, inspiring","A timeless fable from the village elders of Forest Stream Bank teaches a lesson that every generation must learn anew.

Dropping pebbles one by one into the tall pitcher with tireless persistence, the thirsty crow watched the water level rise steadily until its beak could drink freely, proving that patience and ingenuity conquer brute force every time.

To this day, travelers passing Forest Stream Bank remember the timeless proverb: true strength lies in humility, unity, and honesty."
ST-0418,The Parable of The Greedy Merchant's Gold,Moral,The Greedy Merchant's Gold,Bustling Marketplace,Wise,"merchant, greed, gold, lesson, generosity, karma, market, moral, the greedy merchant's gold, wise","There once lived a man in Bustling Marketplace who believed that wealth alone could measure the true value of a person.

The mighty oak boasted of its rigid unbending strength, while the slender reed bowed low before the storm. When the hurricane passed, the proud oak lay uprooted on the ground, while the humble reed stood graceful and unblemished in the morning sun.

And so the simple truth of Bustling Marketplace was carved into stone, guiding future generations toward wisdom and virtue."
ST-0419,The Test of The Crow and the Pitcher,Moral,The Crow and the Pitcher,Dry Country Road,Clever,"crow, pitcher, pebbles, patience, wisdom, water, thirst, moral, the crow and the pitcher, clever","The wise teacher gathered the village children beneath the shade of Dry Country Road to share an unforgettable tale of truth.

Handing a single stick to his sons, the father watched them break it easily. But when he bound twelve sticks into a single bundle, not even the strongest warrior could bend it, proving that united we stand invincible, but divided we easily fall.

The lesson learned at Dry Country Road echoed through the village, reminding all that integrity is the highest currency of human character."
ST-0420,The Heritage of The Pride of the Mountain Oak,Moral,The Pride of the Mountain Oak,Windy Mountain Crest,Thoughtful,"oak, reed, wind, humility, pride, storm, strength, moral, the pride of the mountain oak, thoughtful","Pride and humility met on the rocky slopes of Windy Mountain Crest to test which virtue would withstand the coming tempest.

When the golden axe rose from the river, the humble woodcutter shook his head and spoke honestly: 'That is not mine; my axe was simple forged iron.' Pleased by such incorruptible integrity, the spirit of the waters gifted him both the gold and silver axes alongside his own.

Content with an honest life and a clean conscience, the family lived in peace, blessed by the enduring wisdom of Windy Mountain Crest."
ST-0421,The Wisdom of The Two Travelers and the Bear,Moral,The Two Travelers and the Bear,Deep Woodland Trail,Insightful,"travelers, bear, loyalty, danger, promise, fable, friendship, moral, the two travelers and the bear, insightful","In ancient times, when beasts and trees spoke the language of wisdom, a traveler walked the path near Deep Woodland Trail.

Dropping pebbles one by one into the tall pitcher with tireless persistence, the thirsty crow watched the water level rise steadily until its beak could drink freely, proving that patience and ingenuity conquer brute force every time.

To this day, travelers passing Deep Woodland Trail remember the timeless proverb: true strength lies in humility, unity, and honesty."
ST-0422,The Fable of The Golden Touch,Moral,The Golden Touch,King's Palace Banquet,Cautionary,"king, gold, greed, touch, daughter, fable, regret, wisdom, moral, the golden touch, cautionary","A timeless fable from the village elders of King's Palace Banquet teaches a lesson that every generation must learn anew.

The mighty oak boasted of its rigid unbending strength, while the slender reed bowed low before the storm. When the hurricane passed, the proud oak lay uprooted on the ground, while the humble reed stood graceful and unblemished in the morning sun.

And so the simple truth of King's Palace Banquet was carved into stone, guiding future generations toward wisdom and virtue."
ST-0423,The Honest The Bundle of Sticks,Moral,The Bundle of Sticks,Elder's Village Hearth,Unifying,"sticks, unity, brothers, strength, family, cooperation, lesson, moral, the bundle of sticks, unifying","There once lived a man in Elder's Village Hearth who believed that wealth alone could measure the true value of a person.

Handing a single stick to his sons, the father watched them break it easily. But when he bound twelve sticks into a single bundle, not even the strongest warrior could bend it, proving that united we stand invincible, but divided we easily fall.

The lesson learned at Elder's Village Hearth echoed through the village, reminding all that integrity is the highest currency of human character."
ST-0424,The Lesson of The Blind Men and the Elephant,Moral,The Blind Men and the Elephant,Shady Banyan Tree,Philosophical,"elephant, perspective, wisdom, truth, blind men, understanding, moral, the blind men and the elephant, philosophical","The wise teacher gathered the village children beneath the shade of Shady Banyan Tree to share an unforgettable tale of truth.

When the golden axe rose from the river, the humble woodcutter shook his head and spoke honestly: 'That is not mine; my axe was simple forged iron.' Pleased by such incorruptible integrity, the spirit of the waters gifted him both the gold and silver axes alongside his own.

Content with an honest life and a clean conscience, the family lived in peace, blessed by the enduring wisdom of Shady Banyan Tree."
ST-0425,The Tale of The Honest Woodcutter,Moral,The Honest Woodcutter,Forest Stream Bank,Inspiring,"woodcutter, honesty, axe, gold, truth, reward, water, moral, the honest woodcutter, inspiring","Pride and humility met on the rocky slopes of Forest Stream Bank to test which virtue would withstand the coming tempest.

Dropping pebbles one by one into the tall pitcher with tireless persistence, the thirsty crow watched the water level rise steadily until its beak could drink freely, proving that patience and ingenuity conquer brute force every time.

To this day, travelers passing Forest Stream Bank remember the timeless proverb: true strength lies in humility, unity, and honesty."
ST-0426,The Truth in The Greedy Merchant's Gold,Moral,The Greedy Merchant's Gold,Bustling Marketplace,Wise,"merchant, greed, gold, lesson, generosity, karma, market, moral, the greedy merchant's gold, wise","In ancient times, when beasts and trees spoke the language of wisdom, a traveler walked the path near Bustling Marketplace.

The mighty oak boasted of its rigid unbending strength, while the slender reed bowed low before the storm. When the hurricane passed, the proud oak lay uprooted on the ground, while the humble reed stood graceful and unblemished in the morning sun.

And so the simple truth of Bustling Marketplace was carved into stone, guiding future generations toward wisdom and virtue."
ST-0427,The Choice at The Crow and the Pitcher,Moral,The Crow and the Pitcher,Dry Country Road,Clever,"crow, pitcher, pebbles, patience, wisdom, water, thirst, moral, the crow and the pitcher, clever","A timeless fable from the village elders of Dry Country Road teaches a lesson that every generation must learn anew.

Handing a single stick to his sons, the father watched them break it easily. But when he bound twelve sticks into a single bundle, not even the strongest warrior could bend it, proving that united we stand invincible, but divided we easily fall.

The lesson learned at Dry Country Road echoed through the village, reminding all that integrity is the highest currency of human character."
ST-0428,The Parable of The Pride of the Mountain Oak,Moral,The Pride of the Mountain Oak,Windy Mountain Crest,Thoughtful,"oak, reed, wind, humility, pride, storm, strength, moral, the pride of the mountain oak, thoughtful","There once lived a man in Windy Mountain Crest who believed that wealth alone could measure the true value of a person.

When the golden axe rose from the river, the humble woodcutter shook his head and spoke honestly: 'That is not mine; my axe was simple forged iron.' Pleased by such incorruptible integrity, the spirit of the waters gifted him both the gold and silver axes alongside his own.

Content with an honest life and a clean conscience, the family lived in peace, blessed by the enduring wisdom of Windy Mountain Crest."
ST-0429,The Test of The Two Travelers and the Bear,Moral,The Two Travelers and the Bear,Deep Woodland Trail,Insightful,"travelers, bear, loyalty, danger, promise, fable, friendship, moral, the two travelers and the bear, insightful","The wise teacher gathered the village children beneath the shade of Deep Woodland Trail to share an unforgettable tale of truth.

Dropping pebbles one by one into the tall pitcher with tireless persistence, the thirsty crow watched the water level rise steadily until its beak could drink freely, proving that patience and ingenuity conquer brute force every time.

To this day, travelers passing Deep Woodland Trail remember the timeless proverb: true strength lies in humility, unity, and honesty."
ST-0430,The Heritage of The Golden Touch,Moral,The Golden Touch,King's Palace Banquet,Cautionary,"king, gold, greed, touch, daughter, fable, regret, wisdom, moral, the golden touch, cautionary","Pride and humility met on the rocky slopes of King's Palace Banquet to test which virtue would withstand the coming tempest.

The mighty oak boasted of its rigid unbending strength, while the slender reed bowed low before the storm. When the hurricane passed, the proud oak lay uprooted on the ground, while the humble reed stood graceful and unblemished in the morning sun.

And so the simple truth of King's Palace Banquet was carved into stone, guiding future generations toward wisdom and virtue."
ST-0431,The Wisdom of The Bundle of Sticks,Moral,The Bundle of Sticks,Elder's Village Hearth,Unifying,"sticks, unity, brothers, strength, family, cooperation, lesson, moral, the bundle of sticks, unifying","In ancient times, when beasts and trees spoke the language of wisdom, a traveler walked the path near Elder's Village Hearth.

Handing a single stick to his sons, the father watched them break it easily. But when he bound twelve sticks into a single bundle, not even the strongest warrior could bend it, proving that united we stand invincible, but divided we easily fall.

The lesson learned at Elder's Village Hearth echoed through the village, reminding all that integrity is the highest currency of human character."
ST-0432,The Fable of The Blind Men and the Elephant,Moral,The Blind Men and the Elephant,Shady Banyan Tree,Philosophical,"elephant, perspective, wisdom, truth, blind men, understanding, moral, the blind men and the elephant, philosophical","A timeless fable from the village elders of Shady Banyan Tree teaches a lesson that every generation must learn anew.

When the golden axe rose from the river, the humble woodcutter shook his head and spoke honestly: 'That is not mine; my axe was simple forged iron.' Pleased by such incorruptible integrity, the spirit of the waters gifted him both the gold and silver axes alongside his own.

Content with an honest life and a clean conscience, the family lived in peace, blessed by the enduring wisdom of Shady Banyan Tree."
ST-0433,The Honest The Honest Woodcutter,Moral,The Honest Woodcutter,Forest Stream Bank,Inspiring,"woodcutter, honesty, axe, gold, truth, reward, water, moral, the honest woodcutter, inspiring","There once lived a man in Forest Stream Bank who believed that wealth alone could measure the true value of a person.

Dropping pebbles one by one into the tall pitcher with tireless persistence, the thirsty crow watched the water level rise steadily until its beak could drink freely, proving that patience and ingenuity conquer brute force every time.

To this day, travelers passing Forest Stream Bank remember the timeless proverb: true strength lies in humility, unity, and honesty."
ST-0434,The Lesson of The Greedy Merchant's Gold,Moral,The Greedy Merchant's Gold,Bustling Marketplace,Wise,"merchant, greed, gold, lesson, generosity, karma, market, moral, the greedy merchant's gold, wise","The wise teacher gathered the village children beneath the shade of Bustling Marketplace to share an unforgettable tale of truth.

The mighty oak boasted of its rigid unbending strength, while the slender reed bowed low before the storm. When the hurricane passed, the proud oak lay uprooted on the ground, while the humble reed stood graceful and unblemished in the morning sun.

And so the simple truth of Bustling Marketplace was carved into stone, guiding future generations toward wisdom and virtue."
ST-0435,The Tale of The Crow and the Pitcher,Moral,The Crow and the Pitcher,Dry Country Road,Clever,"crow, pitcher, pebbles, patience, wisdom, water, thirst, moral, the crow and the pitcher, clever","Pride and humility met on the rocky slopes of Dry Country Road to test which virtue would withstand the coming tempest.

Handing a single stick to his sons, the father watched them break it easily. But when he bound twelve sticks into a single bundle, not even the strongest warrior could bend it, proving that united we stand invincible, but divided we easily fall.

The lesson learned at Dry Country Road echoed through the village, reminding all that integrity is the highest currency of human character."
ST-0436,The Truth in The Pride of the Mountain Oak,Moral,The Pride of the Mountain Oak,Windy Mountain Crest,Thoughtful,"oak, reed, wind, humility, pride, storm, strength, moral, the pride of the mountain oak, thoughtful","In ancient times, when beasts and trees spoke the language of wisdom, a traveler walked the path near Windy Mountain Crest.

When the golden axe rose from the river, the humble woodcutter shook his head and spoke honestly: 'That is not mine; my axe was simple forged iron.' Pleased by such incorruptible integrity, the spirit of the waters gifted him both the gold and silver axes alongside his own.

Content with an honest life and a clean conscience, the family lived in peace, blessed by the enduring wisdom of Windy Mountain Crest."
ST-0437,The Choice at The Two Travelers and the Bear,Moral,The Two Travelers and the Bear,Deep Woodland Trail,Insightful,"travelers, bear, loyalty, danger, promise, fable, friendship, moral, the two travelers and the bear, insightful","A timeless fable from the village elders of Deep Woodland Trail teaches a lesson that every generation must learn anew.

Dropping pebbles one by one into the tall pitcher with tireless persistence, the thirsty crow watched the water level rise steadily until its beak could drink freely, proving that patience and ingenuity conquer brute force every time.

To this day, travelers passing Deep Woodland Trail remember the timeless proverb: true strength lies in humility, unity, and honesty."
ST-0438,The Parable of The Golden Touch,Moral,The Golden Touch,King's Palace Banquet,Cautionary,"king, gold, greed, touch, daughter, fable, regret, wisdom, moral, the golden touch, cautionary","There once lived a man in King's Palace Banquet who believed that wealth alone could measure the true value of a person.

The mighty oak boasted of its rigid unbending strength, while the slender reed bowed low before the storm. When the hurricane passed, the proud oak lay uprooted on the ground, while the humble reed stood graceful and unblemished in the morning sun.

And so the simple truth of King's Palace Banquet was carved into stone, guiding future generations toward wisdom and virtue."
ST-0439,The Test of The Bundle of Sticks,Moral,The Bundle of Sticks,Elder's Village Hearth,Unifying,"sticks, unity, brothers, strength, family, cooperation, lesson, moral, the bundle of sticks, unifying","The wise teacher gathered the village children beneath the shade of Elder's Village Hearth to share an unforgettable tale of truth.

Handing a single stick to his sons, the father watched them break it easily. But when he bound twelve sticks into a single bundle, not even the strongest warrior could bend it, proving that united we stand invincible, but divided we easily fall.

The lesson learned at Elder's Village Hearth echoed through the village, reminding all that integrity is the highest currency of human character."
ST-0440,The Heritage of The Blind Men and the Elephant,Moral,The Blind Men and the Elephant,Shady Banyan Tree,Philosophical,"elephant, perspective, wisdom, truth, blind men, understanding, moral, the blind men and the elephant, philosophical","Pride and humility met on the rocky slopes of Shady Banyan Tree to test which virtue would withstand the coming tempest.

When the golden axe rose from the river, the humble woodcutter shook his head and spoke honestly: 'That is not mine; my axe was simple forged iron.' Pleased by such incorruptible integrity, the spirit of the waters gifted him both the gold and silver axes alongside his own.

Content with an honest life and a clean conscience, the family lived in peace, blessed by the enduring wisdom of Shady Banyan Tree."
ST-0441,The Adventures of Barnaby the Helpful Bear,Children's Stories,Barnaby the Helpful Bear,Sunny Berry Meadow,Playful,"bear, berries, forest animals, sharing, cute, children, whimsical, children's stories, barnaby the helpful bear, playful","Once upon a sunny morning in Sunny Berry Meadow, a fluffy little creature woke up with an enormous smile on its face.

With a swish of the magic paintbrush, vibrant swirls of yellow, turquoise, and magenta sprang from the canvas. The painted dragon blinked its friendly eyes, puffed a tiny bubble of rainbow steam, and hopped out to play hide-and-seek with the laughing children.

With high-fives and cheerful giggles, they promised to meet again tomorrow for another brand-new adventure in Sunny Berry Meadow."
ST-0442,The Magical The Magic Paintbrush,Children's Stories,The Magic Paintbrush,Rainbow Village School,Wondrous,"paintbrush, colors, magic, art, children, dragon, creativity, children's stories, the magic paintbrush, wondrous","Deep in the cheerful woods of Rainbow Village School, all the forest animals were gathering for a very special celebration.

Rolling the shiny golden acorn up the mossy slope, Pippin asked his friend Benny Beaver for a helping paw. Together, they planted it deep in the rich soil, dancing with glee as a tiny green oak sprout popped up to say hello!

And from that day on, the warm sunshine and gentle giggles of Rainbow Village School made every creature smile with pure delight."
ST-0443,The Little Pippin's Lost Acorn,Children's Stories,Pippin's Lost Acorn,Ancient Hollow Tree,Cute,"squirrel, acorn, friends, forest, cute, adventure, animals, children's stories, pippin's lost acorn","If you look closely between the clover blossoms of Ancient Hollow Tree, you might just spot a tiny friend on a grand adventure.

Gathering all its strength, the tiny cloud puffed its cheeks and sent down a gentle shower of sparkling raindrops. Instantly, all the drooping daisies and buttercups perked up their petals, waving in joyful gratitude beneath a glowing rainbow.

All the happy forest animals clapped their paws and sang together, grateful for another wonderful, magical day in Ancient Hollow Tree."
ST-0444,The Day of the The Little Cloud That Could,Children's Stories,The Little Cloud That Could,Sunny Blue Sky,Uplifting,"cloud, rain, rainbow, flowers, gentle, happy, children, children's stories, the little cloud that could, uplifting","High up in the bright blue sky above Sunny Blue Sky, little fluffy clouds danced and played games of tag.

Barnaby dipped his wooden bucket into the bramble bush, gathering sweet blueberries for everyone. When little Oliver rabbit dropped his basket, Barnaby shared his berries with a joyful laugh, showing that sharing treats makes them taste twice as sweet!

Tucked into bed with full tummies and happy hearts, the little friends closed their eyes and dreamed sweet, colorful dreams."
ST-0445,The Story of The Starfish Wish,Children's Stories,The Starfish Wish,Tide Pool Cove,Charming,"starfish, ocean, shell, wish, waves, sea creatures, magic, children's stories, the starfish wish, charming","There was once a cheerful little adventurer in Tide Pool Cove who loved nothing more than helping his friends.

With a swish of the magic paintbrush, vibrant swirls of yellow, turquoise, and magenta sprang from the canvas. The painted dragon blinked its friendly eyes, puffed a tiny bubble of rainbow steam, and hopped out to play hide-and-seek with the laughing children.

With high-fives and cheerful giggles, they promised to meet again tomorrow for another brand-new adventure in Tide Pool Cove."
ST-0446,The Curious The Friendly Garden Snail,Children's Stories,The Friendly Garden Snail,Vegetable Garden Patch,Delightful,"snail, lettuce, race, garden, friends, cute, patience, children's stories, the friendly garden snail, delightful","Once upon a sunny morning in Vegetable Garden Patch, a fluffy little creature woke up with an enormous smile on its face.

Rolling the shiny golden acorn up the mossy slope, Pippin asked his friend Benny Beaver for a helping paw. Together, they planted it deep in the rich soil, dancing with glee as a tiny green oak sprout popped up to say hello!

And from that day on, the warm sunshine and gentle giggles of Vegetable Garden Patch made every creature smile with pure delight."
ST-0447,The Friendly The Curious Kitten's Adventure,Children's Stories,The Curious Kitten's Adventure,Sunny Farmyard Barn,Sweet,"kitten, yarn, butterflies, barnyard, milk, cute, playful, children's stories, the curious kitten's adventure, sweet","Deep in the cheerful woods of Sunny Farmyard Barn, all the forest animals were gathering for a very special celebration.

Gathering all its strength, the tiny cloud puffed its cheeks and sent down a gentle shower of sparkling raindrops. Instantly, all the drooping daisies and buttercups perked up their petals, waving in joyful gratitude beneath a glowing rainbow.

All the happy forest animals clapped their paws and sang together, grateful for another wonderful, magical day in Sunny Farmyard Barn."
ST-0448,Fun in The Sleepy Little Hedgehog,Children's Stories,The Sleepy Little Hedgehog,Mossy Forest Glen,Gentle,"hedgehog, leaves, autumn, sleepy, berries, cute, snuggle, children's stories, the sleepy little hedgehog, gentle","If you look closely between the clover blossoms of Mossy Forest Glen, you might just spot a tiny friend on a grand adventure.

Barnaby dipped his wooden bucket into the bramble bush, gathering sweet blueberries for everyone. When little Oliver rabbit dropped his basket, Barnaby shared his berries with a joyful laugh, showing that sharing treats makes them taste twice as sweet!

Tucked into bed with full tummies and happy hearts, the little friends closed their eyes and dreamed sweet, colorful dreams."
ST-0449,The Secret of Barnaby the Helpful Bear,Children's Stories,Barnaby the Helpful Bear,Sunny Berry Meadow,Playful,"bear, berries, forest animals, sharing, cute, children, whimsical, children's stories, barnaby the helpful bear, playful","High up in the bright blue sky above Sunny Berry Meadow, little fluffy clouds danced and played games of tag.

With a swish of the magic paintbrush, vibrant swirls of yellow, turquoise, and magenta sprang from the canvas. The painted dragon blinked its friendly eyes, puffed a tiny bubble of rainbow steam, and hopped out to play hide-and-seek with the laughing children.

With high-fives and cheerful giggles, they promised to meet again tomorrow for another brand-new adventure in Sunny Berry Meadow."
ST-0450,The Happy The Magic Paintbrush,Children's Stories,The Magic Paintbrush,Rainbow Village School,Wondrous,"paintbrush, colors, magic, art, children, dragon, creativity, children's stories, the magic paintbrush, wondrous","There was once a cheerful little adventurer in Rainbow Village School who loved nothing more than helping his friends.

Rolling the shiny golden acorn up the mossy slope, Pippin asked his friend Benny Beaver for a helping paw. Together, they planted it deep in the rich soil, dancing with glee as a tiny green oak sprout popped up to say hello!

And from that day on, the warm sunshine and gentle giggles of Rainbow Village School made every creature smile with pure delight."
ST-0451,The Adventures of Pippin's Lost Acorn,Children's Stories,Pippin's Lost Acorn,Ancient Hollow Tree,Cute,"squirrel, acorn, friends, forest, cute, adventure, animals, children's stories, pippin's lost acorn","Once upon a sunny morning in Ancient Hollow Tree, a fluffy little creature woke up with an enormous smile on its face.

Gathering all its strength, the tiny cloud puffed its cheeks and sent down a gentle shower of sparkling raindrops. Instantly, all the drooping daisies and buttercups perked up their petals, waving in joyful gratitude beneath a glowing rainbow.

All the happy forest animals clapped their paws and sang together, grateful for another wonderful, magical day in Ancient Hollow Tree."
ST-0452,The Magical The Little Cloud That Could,Children's Stories,The Little Cloud That Could,Sunny Blue Sky,Uplifting,"cloud, rain, rainbow, flowers, gentle, happy, children, children's stories, the little cloud that could, uplifting","Deep in the cheerful woods of Sunny Blue Sky, all the forest animals were gathering for a very special celebration.

Barnaby dipped his wooden bucket into the bramble bush, gathering sweet blueberries for everyone. When little Oliver rabbit dropped his basket, Barnaby shared his berries with a joyful laugh, showing that sharing treats makes them taste twice as sweet!

Tucked into bed with full tummies and happy hearts, the little friends closed their eyes and dreamed sweet, colorful dreams."
ST-0453,The Little The Starfish Wish,Children's Stories,The Starfish Wish,Tide Pool Cove,Charming,"starfish, ocean, shell, wish, waves, sea creatures, magic, children's stories, the starfish wish, charming","If you look closely between the clover blossoms of Tide Pool Cove, you might just spot a tiny friend on a grand adventure.

With a swish of the magic paintbrush, vibrant swirls of yellow, turquoise, and magenta sprang from the canvas. The painted dragon blinked its friendly eyes, puffed a tiny bubble of rainbow steam, and hopped out to play hide-and-seek with the laughing children.

With high-fives and cheerful giggles, they promised to meet again tomorrow for another brand-new adventure in Tide Pool Cove."
ST-0454,The Day of the The Friendly Garden Snail,Children's Stories,The Friendly Garden Snail,Vegetable Garden Patch,Delightful,"snail, lettuce, race, garden, friends, cute, patience, children's stories, the friendly garden snail, delightful","High up in the bright blue sky above Vegetable Garden Patch, little fluffy clouds danced and played games of tag.

Rolling the shiny golden acorn up the mossy slope, Pippin asked his friend Benny Beaver for a helping paw. Together, they planted it deep in the rich soil, dancing with glee as a tiny green oak sprout popped up to say hello!

And from that day on, the warm sunshine and gentle giggles of Vegetable Garden Patch made every creature smile with pure delight."
ST-0455,The Story of The Curious Kitten's Adventure,Children's Stories,The Curious Kitten's Adventure,Sunny Farmyard Barn,Sweet,"kitten, yarn, butterflies, barnyard, milk, cute, playful, children's stories, the curious kitten's adventure, sweet","There was once a cheerful little adventurer in Sunny Farmyard Barn who loved nothing more than helping his friends.

Gathering all its strength, the tiny cloud puffed its cheeks and sent down a gentle shower of sparkling raindrops. Instantly, all the drooping daisies and buttercups perked up their petals, waving in joyful gratitude beneath a glowing rainbow.

All the happy forest animals clapped their paws and sang together, grateful for another wonderful, magical day in Sunny Farmyard Barn."
ST-0456,The Curious The Sleepy Little Hedgehog,Children's Stories,The Sleepy Little Hedgehog,Mossy Forest Glen,Gentle,"hedgehog, leaves, autumn, sleepy, berries, cute, snuggle, children's stories, the sleepy little hedgehog, gentle","Once upon a sunny morning in Mossy Forest Glen, a fluffy little creature woke up with an enormous smile on its face.

Barnaby dipped his wooden bucket into the bramble bush, gathering sweet blueberries for everyone. When little Oliver rabbit dropped his basket, Barnaby shared his berries with a joyful laugh, showing that sharing treats makes them taste twice as sweet!

Tucked into bed with full tummies and happy hearts, the little friends closed their eyes and dreamed sweet, colorful dreams."
ST-0457,The Friendly Barnaby the Helpful Bear,Children's Stories,Barnaby the Helpful Bear,Sunny Berry Meadow,Playful,"bear, berries, forest animals, sharing, cute, children, whimsical, children's stories, barnaby the helpful bear, playful","Deep in the cheerful woods of Sunny Berry Meadow, all the forest animals were gathering for a very special celebration.

With a swish of the magic paintbrush, vibrant swirls of yellow, turquoise, and magenta sprang from the canvas. The painted dragon blinked its friendly eyes, puffed a tiny bubble of rainbow steam, and hopped out to play hide-and-seek with the laughing children.

With high-fives and cheerful giggles, they promised to meet again tomorrow for another brand-new adventure in Sunny Berry Meadow."
ST-0458,Fun in The Magic Paintbrush,Children's Stories,The Magic Paintbrush,Rainbow Village School,Wondrous,"paintbrush, colors, magic, art, children, dragon, creativity, children's stories, the magic paintbrush, wondrous","If you look closely between the clover blossoms of Rainbow Village School, you might just spot a tiny friend on a grand adventure.

Rolling the shiny golden acorn up the mossy slope, Pippin asked his friend Benny Beaver for a helping paw. Together, they planted it deep in the rich soil, dancing with glee as a tiny green oak sprout popped up to say hello!

And from that day on, the warm sunshine and gentle giggles of Rainbow Village School made every creature smile with pure delight."
ST-0459,The Secret of Pippin's Lost Acorn,Children's Stories,Pippin's Lost Acorn,Ancient Hollow Tree,Cute,"squirrel, acorn, friends, forest, cute, adventure, animals, children's stories, pippin's lost acorn","High up in the bright blue sky above Ancient Hollow Tree, little fluffy clouds danced and played games of tag.

Gathering all its strength, the tiny cloud puffed its cheeks and sent down a gentle shower of sparkling raindrops. Instantly, all the drooping daisies and buttercups perked up their petals, waving in joyful gratitude beneath a glowing rainbow.

All the happy forest animals clapped their paws and sang together, grateful for another wonderful, magical day in Ancient Hollow Tree."
ST-0460,The Happy The Little Cloud That Could,Children's Stories,The Little Cloud That Could,Sunny Blue Sky,Uplifting,"cloud, rain, rainbow, flowers, gentle, happy, children, children's stories, the little cloud that could, uplifting","There was once a cheerful little adventurer in Sunny Blue Sky who loved nothing more than helping his friends.

Barnaby dipped his wooden bucket into the bramble bush, gathering sweet blueberries for everyone. When little Oliver rabbit dropped his basket, Barnaby shared his berries with a joyful laugh, showing that sharing treats makes them taste twice as sweet!

Tucked into bed with full tummies and happy hearts, the little friends closed their eyes and dreamed sweet, colorful dreams."
ST-0461,The Adventures of The Starfish Wish,Children's Stories,The Starfish Wish,Tide Pool Cove,Charming,"starfish, ocean, shell, wish, waves, sea creatures, magic, children's stories, the starfish wish, charming","Once upon a sunny morning in Tide Pool Cove, a fluffy little creature woke up with an enormous smile on its face.

With a swish of the magic paintbrush, vibrant swirls of yellow, turquoise, and magenta sprang from the canvas. The painted dragon blinked its friendly eyes, puffed a tiny bubble of rainbow steam, and hopped out to play hide-and-seek with the laughing children.

With high-fives and cheerful giggles, they promised to meet again tomorrow for another brand-new adventure in Tide Pool Cove."
ST-0462,The Magical The Friendly Garden Snail,Children's Stories,The Friendly Garden Snail,Vegetable Garden Patch,Delightful,"snail, lettuce, race, garden, friends, cute, patience, children's stories, the friendly garden snail, delightful","Deep in the cheerful woods of Vegetable Garden Patch, all the forest animals were gathering for a very special celebration.

Rolling the shiny golden acorn up the mossy slope, Pippin asked his friend Benny Beaver for a helping paw. Together, they planted it deep in the rich soil, dancing with glee as a tiny green oak sprout popped up to say hello!

And from that day on, the warm sunshine and gentle giggles of Vegetable Garden Patch made every creature smile with pure delight."
ST-0463,The Little The Curious Kitten's Adventure,Children's Stories,The Curious Kitten's Adventure,Sunny Farmyard Barn,Sweet,"kitten, yarn, butterflies, barnyard, milk, cute, playful, children's stories, the curious kitten's adventure, sweet","If you look closely between the clover blossoms of Sunny Farmyard Barn, you might just spot a tiny friend on a grand adventure.

Gathering all its strength, the tiny cloud puffed its cheeks and sent down a gentle shower of sparkling raindrops. Instantly, all the drooping daisies and buttercups perked up their petals, waving in joyful gratitude beneath a glowing rainbow.

All the happy forest animals clapped their paws and sang together, grateful for another wonderful, magical day in Sunny Farmyard Barn."
ST-0464,The Day of the The Sleepy Little Hedgehog,Children's Stories,The Sleepy Little Hedgehog,Mossy Forest Glen,Gentle,"hedgehog, leaves, autumn, sleepy, berries, cute, snuggle, children's stories, the sleepy little hedgehog, gentle","High up in the bright blue sky above Mossy Forest Glen, little fluffy clouds danced and played games of tag.

Barnaby dipped his wooden bucket into the bramble bush, gathering sweet blueberries for everyone. When little Oliver rabbit dropped his basket, Barnaby shared his berries with a joyful laugh, showing that sharing treats makes them taste twice as sweet!

Tucked into bed with full tummies and happy hearts, the little friends closed their eyes and dreamed sweet, colorful dreams."
ST-0465,The Story of Barnaby the Helpful Bear,Children's Stories,Barnaby the Helpful Bear,Sunny Berry Meadow,Playful,"bear, berries, forest animals, sharing, cute, children, whimsical, children's stories, barnaby the helpful bear, playful","There was once a cheerful little adventurer in Sunny Berry Meadow who loved nothing more than helping his friends.

With a swish of the magic paintbrush, vibrant swirls of yellow, turquoise, and magenta sprang from the canvas. The painted dragon blinked its friendly eyes, puffed a tiny bubble of rainbow steam, and hopped out to play hide-and-seek with the laughing children.

With high-fives and cheerful giggles, they promised to meet again tomorrow for another brand-new adventure in Sunny Berry Meadow."
ST-0466,The Curious The Magic Paintbrush,Children's Stories,The Magic Paintbrush,Rainbow Village School,Wondrous,"paintbrush, colors, magic, art, children, dragon, creativity, children's stories, the magic paintbrush, wondrous","Once upon a sunny morning in Rainbow Village School, a fluffy little creature woke up with an enormous smile on its face.

Rolling the shiny golden acorn up the mossy slope, Pippin asked his friend Benny Beaver for a helping paw. Together, they planted it deep in the rich soil, dancing with glee as a tiny green oak sprout popped up to say hello!

And from that day on, the warm sunshine and gentle giggles of Rainbow Village School made every creature smile with pure delight."
ST-0467,The Friendly Pippin's Lost Acorn,Children's Stories,Pippin's Lost Acorn,Ancient Hollow Tree,Cute,"squirrel, acorn, friends, forest, cute, adventure, animals, children's stories, pippin's lost acorn","Deep in the cheerful woods of Ancient Hollow Tree, all the forest animals were gathering for a very special celebration.

Gathering all its strength, the tiny cloud puffed its cheeks and sent down a gentle shower of sparkling raindrops. Instantly, all the drooping daisies and buttercups perked up their petals, waving in joyful gratitude beneath a glowing rainbow.

All the happy forest animals clapped their paws and sang together, grateful for another wonderful, magical day in Ancient Hollow Tree."
ST-0468,Fun in The Little Cloud That Could,Children's Stories,The Little Cloud That Could,Sunny Blue Sky,Uplifting,"cloud, rain, rainbow, flowers, gentle, happy, children, children's stories, the little cloud that could, uplifting","If you look closely between the clover blossoms of Sunny Blue Sky, you might just spot a tiny friend on a grand adventure.

Barnaby dipped his wooden bucket into the bramble bush, gathering sweet blueberries for everyone. When little Oliver rabbit dropped his basket, Barnaby shared his berries with a joyful laugh, showing that sharing treats makes them taste twice as sweet!

Tucked into bed with full tummies and happy hearts, the little friends closed their eyes and dreamed sweet, colorful dreams."
ST-0469,The Secret of The Starfish Wish,Children's Stories,The Starfish Wish,Tide Pool Cove,Charming,"starfish, ocean, shell, wish, waves, sea creatures, magic, children's stories, the starfish wish, charming","High up in the bright blue sky above Tide Pool Cove, little fluffy clouds danced and played games of tag.

With a swish of the magic paintbrush, vibrant swirls of yellow, turquoise, and magenta sprang from the canvas. The painted dragon blinked its friendly eyes, puffed a tiny bubble of rainbow steam, and hopped out to play hide-and-seek with the laughing children.

With high-fives and cheerful giggles, they promised to meet again tomorrow for another brand-new adventure in Tide Pool Cove."
ST-0470,The Happy The Friendly Garden Snail,Children's Stories,The Friendly Garden Snail,Vegetable Garden Patch,Delightful,"snail, lettuce, race, garden, friends, cute, patience, children's stories, the friendly garden snail, delightful","There was once a cheerful little adventurer in Vegetable Garden Patch who loved nothing more than helping his friends.

Rolling the shiny golden acorn up the mossy slope, Pippin asked his friend Benny Beaver for a helping paw. Together, they planted it deep in the rich soil, dancing with glee as a tiny green oak sprout popped up to say hello!

And from that day on, the warm sunshine and gentle giggles of Vegetable Garden Patch made every creature smile with pure delight."
ST-0471,The Adventures of The Curious Kitten's Adventure,Children's Stories,The Curious Kitten's Adventure,Sunny Farmyard Barn,Sweet,"kitten, yarn, butterflies, barnyard, milk, cute, playful, children's stories, the curious kitten's adventure, sweet","Once upon a sunny morning in Sunny Farmyard Barn, a fluffy little creature woke up with an enormous smile on its face.

Gathering all its strength, the tiny cloud puffed its cheeks and sent down a gentle shower of sparkling raindrops. Instantly, all the drooping daisies and buttercups perked up their petals, waving in joyful gratitude beneath a glowing rainbow.

All the happy forest animals clapped their paws and sang together, grateful for another wonderful, magical day in Sunny Farmyard Barn."
ST-0472,The Magical The Sleepy Little Hedgehog,Children's Stories,The Sleepy Little Hedgehog,Mossy Forest Glen,Gentle,"hedgehog, leaves, autumn, sleepy, berries, cute, snuggle, children's stories, the sleepy little hedgehog, gentle","Deep in the cheerful woods of Mossy Forest Glen, all the forest animals were gathering for a very special celebration.

Barnaby dipped his wooden bucket into the bramble bush, gathering sweet blueberries for everyone. When little Oliver rabbit dropped his basket, Barnaby shared his berries with a joyful laugh, showing that sharing treats makes them taste twice as sweet!

Tucked into bed with full tummies and happy hearts, the little friends closed their eyes and dreamed sweet, colorful dreams."
ST-0473,The Little Barnaby the Helpful Bear,Children's Stories,Barnaby the Helpful Bear,Sunny Berry Meadow,Playful,"bear, berries, forest animals, sharing, cute, children, whimsical, children's stories, barnaby the helpful bear, playful","If you look closely between the clover blossoms of Sunny Berry Meadow, you might just spot a tiny friend on a grand adventure.

With a swish of the magic paintbrush, vibrant swirls of yellow, turquoise, and magenta sprang from the canvas. The painted dragon blinked its friendly eyes, puffed a tiny bubble of rainbow steam, and hopped out to play hide-and-seek with the laughing children.

With high-fives and cheerful giggles, they promised to meet again tomorrow for another brand-new adventure in Sunny Berry Meadow."
ST-0474,The Day of the The Magic Paintbrush,Children's Stories,The Magic Paintbrush,Rainbow Village School,Wondrous,"paintbrush, colors, magic, art, children, dragon, creativity, children's stories, the magic paintbrush, wondrous","High up in the bright blue sky above Rainbow Village School, little fluffy clouds danced and played games of tag.

Rolling the shiny golden acorn up the mossy slope, Pippin asked his friend Benny Beaver for a helping paw. Together, they planted it deep in the rich soil, dancing with glee as a tiny green oak sprout popped up to say hello!

And from that day on, the warm sunshine and gentle giggles of Rainbow Village School made every creature smile with pure delight."
ST-0475,The Story of Pippin's Lost Acorn,Children's Stories,Pippin's Lost Acorn,Ancient Hollow Tree,Cute,"squirrel, acorn, friends, forest, cute, adventure, animals, children's stories, pippin's lost acorn","There was once a cheerful little adventurer in Ancient Hollow Tree who loved nothing more than helping his friends.

Gathering all its strength, the tiny cloud puffed its cheeks and sent down a gentle shower of sparkling raindrops. Instantly, all the drooping daisies and buttercups perked up their petals, waving in joyful gratitude beneath a glowing rainbow.

All the happy forest animals clapped their paws and sang together, grateful for another wonderful, magical day in Ancient Hollow Tree."
ST-0476,The Curious The Little Cloud That Could,Children's Stories,The Little Cloud That Could,Sunny Blue Sky,Uplifting,"cloud, rain, rainbow, flowers, gentle, happy, children, children's stories, the little cloud that could, uplifting","Once upon a sunny morning in Sunny Blue Sky, a fluffy little creature woke up with an enormous smile on its face.

Barnaby dipped his wooden bucket into the bramble bush, gathering sweet blueberries for everyone. When little Oliver rabbit dropped his basket, Barnaby shared his berries with a joyful laugh, showing that sharing treats makes them taste twice as sweet!

Tucked into bed with full tummies and happy hearts, the little friends closed their eyes and dreamed sweet, colorful dreams."
ST-0477,The Friendly The Starfish Wish,Children's Stories,The Starfish Wish,Tide Pool Cove,Charming,"starfish, ocean, shell, wish, waves, sea creatures, magic, children's stories, the starfish wish, charming","Deep in the cheerful woods of Tide Pool Cove, all the forest animals were gathering for a very special celebration.

With a swish of the magic paintbrush, vibrant swirls of yellow, turquoise, and magenta sprang from the canvas. The painted dragon blinked its friendly eyes, puffed a tiny bubble of rainbow steam, and hopped out to play hide-and-seek with the laughing children.

With high-fives and cheerful giggles, they promised to meet again tomorrow for another brand-new adventure in Tide Pool Cove."
ST-0478,Fun in The Friendly Garden Snail,Children's Stories,The Friendly Garden Snail,Vegetable Garden Patch,Delightful,"snail, lettuce, race, garden, friends, cute, patience, children's stories, the friendly garden snail, delightful","If you look closely between the clover blossoms of Vegetable Garden Patch, you might just spot a tiny friend on a grand adventure.

Rolling the shiny golden acorn up the mossy slope, Pippin asked his friend Benny Beaver for a helping paw. Together, they planted it deep in the rich soil, dancing with glee as a tiny green oak sprout popped up to say hello!

And from that day on, the warm sunshine and gentle giggles of Vegetable Garden Patch made every creature smile with pure delight."
ST-0479,The Secret of The Curious Kitten's Adventure,Children's Stories,The Curious Kitten's Adventure,Sunny Farmyard Barn,Sweet,"kitten, yarn, butterflies, barnyard, milk, cute, playful, children's stories, the curious kitten's adventure, sweet","High up in the bright blue sky above Sunny Farmyard Barn, little fluffy clouds danced and played games of tag.

Gathering all its strength, the tiny cloud puffed its cheeks and sent down a gentle shower of sparkling raindrops. Instantly, all the drooping daisies and buttercups perked up their petals, waving in joyful gratitude beneath a glowing rainbow.

All the happy forest animals clapped their paws and sang together, grateful for another wonderful, magical day in Sunny Farmyard Barn."
ST-0480,The Happy The Sleepy Little Hedgehog,Children's Stories,The Sleepy Little Hedgehog,Mossy Forest Glen,Gentle,"hedgehog, leaves, autumn, sleepy, berries, cute, snuggle, children's stories, the sleepy little hedgehog, gentle","There was once a cheerful little adventurer in Mossy Forest Glen who loved nothing more than helping his friends.

Barnaby dipped his wooden bucket into the bramble bush, gathering sweet blueberries for everyone. When little Oliver rabbit dropped his basket, Barnaby shared his berries with a joyful laugh, showing that sharing treats makes them taste twice as sweet!

Tucked into bed with full tummies and happy hearts, the little friends closed their eyes and dreamed sweet, colorful dreams."
ST-0481,The Gentle The Moonlit Lullaby,Bedtime Stories,The Moonlit Lullaby,Quiet Starry Sky,Calm,"sleep, moon, lullaby, stars, soothing, peaceful, night, dreams, bedtime stories, the moonlit lullaby, calm","As twilight softly descends upon Quiet Starry Sky, the busy world slows down and prepares for sweet, peaceful slumber.

The gentle ocean waves roll onto the shore in a slow, hypnotic rhythm—hushhh... hushhh... washing away all the day's excitement and leaving behind calm, cool sand beneath the watchful smile of the silver moon.

The night wraps the world in tranquil comfort, promising a bright and joyful tomorrow. Sweet dreams in Quiet Starry Sky."
ST-0482,Goodnight to The Slumbering Mountain,Bedtime Stories,The Slumbering Mountain,Misty Blue Ridge,Peaceful,"mountain, mist, forest, gentle, calm, blanket, slumber, bedtime stories, the slumbering mountain, peaceful","The silvery moon rises high above Misty Blue Ridge, casting a gentle, soothing glow over the quiet hills and valleys.

Drifting gently on a soft cloud made of spun cotton candy, the dream ship sails across the constellation river. Sparkling stardust sprinkles softly upon the earth, bringing peaceful thoughts and happy dreams to every sleeping child.

And as the soft silver moonlight whispers goodnight, peaceful slumber carries you away until morning light. Rest well."
ST-0483,The Lullaby of The Pillow Cloud Kingdom,Bedtime Stories,The Pillow Cloud Kingdom,Dreamland Cloud Castles,Soothing,"clouds, pillow, dreams, soft, feather, gentle, night, bedtime stories, the pillow cloud kingdom, soothing","Listen closely to the gentle whisper of the evening breeze as it drifts through Dreamland Cloud Castles, singing a peaceful bedtime song.

The silver nightingale sings its gentle melody from the high willow branch. The petals of the moonflowers slowly fold in peace, and the cool night air carries the scent of lavender through open bedroom windows.

Close your eyes, breathe in deep and slow, and drift off into the sweetest dreams in the peaceful wonderland of Dreamland Cloud Castles. Goodnight."
ST-0484,The Sleepy The Whispering Waves,Bedtime Stories,The Whispering Waves,Moonlit Sandy Shore,Relaxing,"ocean, waves, sand, moonlight, tide, calm, sleepy, bedtime stories, the whispering waves, relaxing","Stars ignite like tiny silver nightlights across the velvet sky above Moonlit Sandy Shore, watching over everyone as they sleep.

One by one, the little woodland animals curl up in their warm burrows lined with soft moss and dry leaves. The mother deer nudges her fawn close, while the little owls tuck their wings and listen to the soft, rhythmic hum of crickets in the grass.

All is calm, all is bright, and under the loving guard of the stars above Moonlit Sandy Shore, you are safe and warm. Sleep tight."
ST-0485,A Dream in The Cozy Woodland Burrow,Bedtime Stories,The Cozy Woodland Burrow,Warm Mossy Tree Hollow,Snug,"burrow, blanket, warmth, leaves, cozy, firefly, sleep, bedtime stories, the cozy woodland burrow, snug","A warm, cozy hush settles across Warm Mossy Tree Hollow, wrapping every sleepy creature in a soft blanket of rest.

The gentle ocean waves roll onto the shore in a slow, hypnotic rhythm—hushhh... hushhh... washing away all the day's excitement and leaving behind calm, cool sand beneath the watchful smile of the silver moon.

The night wraps the world in tranquil comfort, promising a bright and joyful tomorrow. Sweet dreams in Warm Mossy Tree Hollow."
ST-0486,The Moonlit The Secret Garden of Dreams,Bedtime Stories,The Secret Garden of Dreams,Silver Moon Garden,Serene,"garden, silver flowers, nightingales, lullaby, dewdrops, peace, bedtime stories, the secret garden of dreams, serene","As twilight softly descends upon Silver Moon Garden, the busy world slows down and prepares for sweet, peaceful slumber.

Drifting gently on a soft cloud made of spun cotton candy, the dream ship sails across the constellation river. Sparkling stardust sprinkles softly upon the earth, bringing peaceful thoughts and happy dreams to every sleeping child.

And as the soft silver moonlight whispers goodnight, peaceful slumber carries you away until morning light. Rest well."
ST-0487,The Peaceful The Starlight Carousel,Bedtime Stories,The Starlight Carousel,Quiet Celestial Sky,Enchanting,"starlight, carousel, constellations, gentle, dreamland, peaceful, bedtime stories, the starlight carousel, enchanting","The silvery moon rises high above Quiet Celestial Sky, casting a gentle, soothing glow over the quiet hills and valleys.

The silver nightingale sings its gentle melody from the high willow branch. The petals of the moonflowers slowly fold in peace, and the cool night air carries the scent of lavender through open bedroom windows.

Close your eyes, breathe in deep and slow, and drift off into the sweetest dreams in the peaceful wonderland of Quiet Celestial Sky. Goodnight."
ST-0488,The Night in The Goodnight Forest,Bedtime Stories,The Goodnight Forest,Velvet Pine Woods,Tranquil,"pines, owl, crickets, twilight, goodnight, stars, slumber, bedtime stories, the goodnight forest, tranquil","Listen closely to the gentle whisper of the evening breeze as it drifts through Velvet Pine Woods, singing a peaceful bedtime song.

One by one, the little woodland animals curl up in their warm burrows lined with soft moss and dry leaves. The mother deer nudges her fawn close, while the little owls tuck their wings and listen to the soft, rhythmic hum of crickets in the grass.

All is calm, all is bright, and under the loving guard of the stars above Velvet Pine Woods, you are safe and warm. Sleep tight."
ST-0489,The Cozy The Moonlit Lullaby,Bedtime Stories,The Moonlit Lullaby,Quiet Starry Sky,Calm,"sleep, moon, lullaby, stars, soothing, peaceful, night, dreams, bedtime stories, the moonlit lullaby, calm","Stars ignite like tiny silver nightlights across the velvet sky above Quiet Starry Sky, watching over everyone as they sleep.

The gentle ocean waves roll onto the shore in a slow, hypnotic rhythm—hushhh... hushhh... washing away all the day's excitement and leaving behind calm, cool sand beneath the watchful smile of the silver moon.

The night wraps the world in tranquil comfort, promising a bright and joyful tomorrow. Sweet dreams in Quiet Starry Sky."
ST-0490,The Starlit The Slumbering Mountain,Bedtime Stories,The Slumbering Mountain,Misty Blue Ridge,Peaceful,"mountain, mist, forest, gentle, calm, blanket, slumber, bedtime stories, the slumbering mountain, peaceful","A warm, cozy hush settles across Misty Blue Ridge, wrapping every sleepy creature in a soft blanket of rest.

Drifting gently on a soft cloud made of spun cotton candy, the dream ship sails across the constellation river. Sparkling stardust sprinkles softly upon the earth, bringing peaceful thoughts and happy dreams to every sleeping child.

And as the soft silver moonlight whispers goodnight, peaceful slumber carries you away until morning light. Rest well."
ST-0491,The Gentle The Pillow Cloud Kingdom,Bedtime Stories,The Pillow Cloud Kingdom,Dreamland Cloud Castles,Soothing,"clouds, pillow, dreams, soft, feather, gentle, night, bedtime stories, the pillow cloud kingdom, soothing","As twilight softly descends upon Dreamland Cloud Castles, the busy world slows down and prepares for sweet, peaceful slumber.

The silver nightingale sings its gentle melody from the high willow branch. The petals of the moonflowers slowly fold in peace, and the cool night air carries the scent of lavender through open bedroom windows.

Close your eyes, breathe in deep and slow, and drift off into the sweetest dreams in the peaceful wonderland of Dreamland Cloud Castles. Goodnight."
ST-0492,Goodnight to The Whispering Waves,Bedtime Stories,The Whispering Waves,Moonlit Sandy Shore,Relaxing,"ocean, waves, sand, moonlight, tide, calm, sleepy, bedtime stories, the whispering waves, relaxing","The silvery moon rises high above Moonlit Sandy Shore, casting a gentle, soothing glow over the quiet hills and valleys.

One by one, the little woodland animals curl up in their warm burrows lined with soft moss and dry leaves. The mother deer nudges her fawn close, while the little owls tuck their wings and listen to the soft, rhythmic hum of crickets in the grass.

All is calm, all is bright, and under the loving guard of the stars above Moonlit Sandy Shore, you are safe and warm. Sleep tight."
ST-0493,The Lullaby of The Cozy Woodland Burrow,Bedtime Stories,The Cozy Woodland Burrow,Warm Mossy Tree Hollow,Snug,"burrow, blanket, warmth, leaves, cozy, firefly, sleep, bedtime stories, the cozy woodland burrow, snug","Listen closely to the gentle whisper of the evening breeze as it drifts through Warm Mossy Tree Hollow, singing a peaceful bedtime song.

The gentle ocean waves roll onto the shore in a slow, hypnotic rhythm—hushhh... hushhh... washing away all the day's excitement and leaving behind calm, cool sand beneath the watchful smile of the silver moon.

The night wraps the world in tranquil comfort, promising a bright and joyful tomorrow. Sweet dreams in Warm Mossy Tree Hollow."
ST-0494,The Sleepy The Secret Garden of Dreams,Bedtime Stories,The Secret Garden of Dreams,Silver Moon Garden,Serene,"garden, silver flowers, nightingales, lullaby, dewdrops, peace, bedtime stories, the secret garden of dreams, serene","Stars ignite like tiny silver nightlights across the velvet sky above Silver Moon Garden, watching over everyone as they sleep.

Drifting gently on a soft cloud made of spun cotton candy, the dream ship sails across the constellation river. Sparkling stardust sprinkles softly upon the earth, bringing peaceful thoughts and happy dreams to every sleeping child.

And as the soft silver moonlight whispers goodnight, peaceful slumber carries you away until morning light. Rest well."
ST-0495,A Dream in The Starlight Carousel,Bedtime Stories,The Starlight Carousel,Quiet Celestial Sky,Enchanting,"starlight, carousel, constellations, gentle, dreamland, peaceful, bedtime stories, the starlight carousel, enchanting","A warm, cozy hush settles across Quiet Celestial Sky, wrapping every sleepy creature in a soft blanket of rest.

The silver nightingale sings its gentle melody from the high willow branch. The petals of the moonflowers slowly fold in peace, and the cool night air carries the scent of lavender through open bedroom windows.

Close your eyes, breathe in deep and slow, and drift off into the sweetest dreams in the peaceful wonderland of Quiet Celestial Sky. Goodnight."
ST-0496,The Moonlit The Goodnight Forest,Bedtime Stories,The Goodnight Forest,Velvet Pine Woods,Tranquil,"pines, owl, crickets, twilight, goodnight, stars, slumber, bedtime stories, the goodnight forest, tranquil","As twilight softly descends upon Velvet Pine Woods, the busy world slows down and prepares for sweet, peaceful slumber.

One by one, the little woodland animals curl up in their warm burrows lined with soft moss and dry leaves. The mother deer nudges her fawn close, while the little owls tuck their wings and listen to the soft, rhythmic hum of crickets in the grass.

All is calm, all is bright, and under the loving guard of the stars above Velvet Pine Woods, you are safe and warm. Sleep tight."
ST-0497,The Peaceful The Moonlit Lullaby,Bedtime Stories,The Moonlit Lullaby,Quiet Starry Sky,Calm,"sleep, moon, lullaby, stars, soothing, peaceful, night, dreams, bedtime stories, the moonlit lullaby, calm","The silvery moon rises high above Quiet Starry Sky, casting a gentle, soothing glow over the quiet hills and valleys.

The gentle ocean waves roll onto the shore in a slow, hypnotic rhythm—hushhh... hushhh... washing away all the day's excitement and leaving behind calm, cool sand beneath the watchful smile of the silver moon.

The night wraps the world in tranquil comfort, promising a bright and joyful tomorrow. Sweet dreams in Quiet Starry Sky."
ST-0498,The Night in The Slumbering Mountain,Bedtime Stories,The Slumbering Mountain,Misty Blue Ridge,Peaceful,"mountain, mist, forest, gentle, calm, blanket, slumber, bedtime stories, the slumbering mountain, peaceful","Listen closely to the gentle whisper of the evening breeze as it drifts through Misty Blue Ridge, singing a peaceful bedtime song.

Drifting gently on a soft cloud made of spun cotton candy, the dream ship sails across the constellation river. Sparkling stardust sprinkles softly upon the earth, bringing peaceful thoughts and happy dreams to every sleeping child.

And as the soft silver moonlight whispers goodnight, peaceful slumber carries you away until morning light. Rest well."
ST-0499,The Cozy The Pillow Cloud Kingdom,Bedtime Stories,The Pillow Cloud Kingdom,Dreamland Cloud Castles,Soothing,"clouds, pillow, dreams, soft, feather, gentle, night, bedtime stories, the pillow cloud kingdom, soothing","Stars ignite like tiny silver nightlights across the velvet sky above Dreamland Cloud Castles, watching over everyone as they sleep.

The silver nightingale sings its gentle melody from the high willow branch. The petals of the moonflowers slowly fold in peace, and the cool night air carries the scent of lavender through open bedroom windows.

Close your eyes, breathe in deep and slow, and drift off into the sweetest dreams in the peaceful wonderland of Dreamland Cloud Castles. Goodnight."
ST-0500,The Starlit The Whispering Waves,Bedtime Stories,The Whispering Waves,Moonlit Sandy Shore,Relaxing,"ocean, waves, sand, moonlight, tide, calm, sleepy, bedtime stories, the whispering waves, relaxing","A warm, cozy hush settles across Moonlit Sandy Shore, wrapping every sleepy creature in a soft blanket of rest.

One by one, the little woodland animals curl up in their warm burrows lined with soft moss and dry leaves. The mother deer nudges her fawn close, while the little owls tuck their wings and listen to the soft, rhythmic hum of crickets in the grass.

All is calm, all is bright, and under the loving guard of the stars above Moonlit Sandy Shore, you are safe and warm. Sleep tight."
ST-0501,The Gentle The Cozy Woodland Burrow,Bedtime Stories,The Cozy Woodland Burrow,Warm Mossy Tree Hollow,Snug,"burrow, blanket, warmth, leaves, cozy, firefly, sleep, bedtime stories, the cozy woodland burrow, snug","As twilight softly descends upon Warm Mossy Tree Hollow, the busy world slows down and prepares for sweet, peaceful slumber.

The gentle ocean waves roll onto the shore in a slow, hypnotic rhythm—hushhh... hushhh... washing away all the day's excitement and leaving behind calm, cool sand beneath the watchful smile of the silver moon.

The night wraps the world in tranquil comfort, promising a bright and joyful tomorrow. Sweet dreams in Warm Mossy Tree Hollow."
ST-0502,Goodnight to The Secret Garden of Dreams,Bedtime Stories,The Secret Garden of Dreams,Silver Moon Garden,Serene,"garden, silver flowers, nightingales, lullaby, dewdrops, peace, bedtime stories, the secret garden of dreams, serene","The silvery moon rises high above Silver Moon Garden, casting a gentle, soothing glow over the quiet hills and valleys.

Drifting gently on a soft cloud made of spun cotton candy, the dream ship sails across the constellation river. Sparkling stardust sprinkles softly upon the earth, bringing peaceful thoughts and happy dreams to every sleeping child.

And as the soft silver moonlight whispers goodnight, peaceful slumber carries you away until morning light. Rest well."
ST-0503,The Lullaby of The Starlight Carousel,Bedtime Stories,The Starlight Carousel,Quiet Celestial Sky,Enchanting,"starlight, carousel, constellations, gentle, dreamland, peaceful, bedtime stories, the starlight carousel, enchanting","Listen closely to the gentle whisper of the evening breeze as it drifts through Quiet Celestial Sky, singing a peaceful bedtime song.

The silver nightingale sings its gentle melody from the high willow branch. The petals of the moonflowers slowly fold in peace, and the cool night air carries the scent of lavender through open bedroom windows.

Close your eyes, breathe in deep and slow, and drift off into the sweetest dreams in the peaceful wonderland of Quiet Celestial Sky. Goodnight."
ST-0504,The Sleepy The Goodnight Forest,Bedtime Stories,The Goodnight Forest,Velvet Pine Woods,Tranquil,"pines, owl, crickets, twilight, goodnight, stars, slumber, bedtime stories, the goodnight forest, tranquil","Stars ignite like tiny silver nightlights across the velvet sky above Velvet Pine Woods, watching over everyone as they sleep.

One by one, the little woodland animals curl up in their warm burrows lined with soft moss and dry leaves. The mother deer nudges her fawn close, while the little owls tuck their wings and listen to the soft, rhythmic hum of crickets in the grass.

All is calm, all is bright, and under the loving guard of the stars above Velvet Pine Woods, you are safe and warm. Sleep tight."
ST-0505,A Dream in The Moonlit Lullaby,Bedtime Stories,The Moonlit Lullaby,Quiet Starry Sky,Calm,"sleep, moon, lullaby, stars, soothing, peaceful, night, dreams, bedtime stories, the moonlit lullaby, calm","A warm, cozy hush settles across Quiet Starry Sky, wrapping every sleepy creature in a soft blanket of rest.

The gentle ocean waves roll onto the shore in a slow, hypnotic rhythm—hushhh... hushhh... washing away all the day's excitement and leaving behind calm, cool sand beneath the watchful smile of the silver moon.

The night wraps the world in tranquil comfort, promising a bright and joyful tomorrow. Sweet dreams in Quiet Starry Sky."
ST-0506,The Moonlit The Slumbering Mountain,Bedtime Stories,The Slumbering Mountain,Misty Blue Ridge,Peaceful,"mountain, mist, forest, gentle, calm, blanket, slumber, bedtime stories, the slumbering mountain, peaceful","As twilight softly descends upon Misty Blue Ridge, the busy world slows down and prepares for sweet, peaceful slumber.

Drifting gently on a soft cloud made of spun cotton candy, the dream ship sails across the constellation river. Sparkling stardust sprinkles softly upon the earth, bringing peaceful thoughts and happy dreams to every sleeping child.

And as the soft silver moonlight whispers goodnight, peaceful slumber carries you away until morning light. Rest well."
ST-0507,The Peaceful The Pillow Cloud Kingdom,Bedtime Stories,The Pillow Cloud Kingdom,Dreamland Cloud Castles,Soothing,"clouds, pillow, dreams, soft, feather, gentle, night, bedtime stories, the pillow cloud kingdom, soothing","The silvery moon rises high above Dreamland Cloud Castles, casting a gentle, soothing glow over the quiet hills and valleys.

The silver nightingale sings its gentle melody from the high willow branch. The petals of the moonflowers slowly fold in peace, and the cool night air carries the scent of lavender through open bedroom windows.

Close your eyes, breathe in deep and slow, and drift off into the sweetest dreams in the peaceful wonderland of Dreamland Cloud Castles. Goodnight."
ST-0508,The Night in The Whispering Waves,Bedtime Stories,The Whispering Waves,Moonlit Sandy Shore,Relaxing,"ocean, waves, sand, moonlight, tide, calm, sleepy, bedtime stories, the whispering waves, relaxing","Listen closely to the gentle whisper of the evening breeze as it drifts through Moonlit Sandy Shore, singing a peaceful bedtime song.

One by one, the little woodland animals curl up in their warm burrows lined with soft moss and dry leaves. The mother deer nudges her fawn close, while the little owls tuck their wings and listen to the soft, rhythmic hum of crickets in the grass.

All is calm, all is bright, and under the loving guard of the stars above Moonlit Sandy Shore, you are safe and warm. Sleep tight."
ST-0509,The Cozy The Cozy Woodland Burrow,Bedtime Stories,The Cozy Woodland Burrow,Warm Mossy Tree Hollow,Snug,"burrow, blanket, warmth, leaves, cozy, firefly, sleep, bedtime stories, the cozy woodland burrow, snug","Stars ignite like tiny silver nightlights across the velvet sky above Warm Mossy Tree Hollow, watching over everyone as they sleep.

The gentle ocean waves roll onto the shore in a slow, hypnotic rhythm—hushhh... hushhh... washing away all the day's excitement and leaving behind calm, cool sand beneath the watchful smile of the silver moon.

The night wraps the world in tranquil comfort, promising a bright and joyful tomorrow. Sweet dreams in Warm Mossy Tree Hollow."
ST-0510,The Starlit The Secret Garden of Dreams,Bedtime Stories,The Secret Garden of Dreams,Silver Moon Garden,Serene,"garden, silver flowers, nightingales, lullaby, dewdrops, peace, bedtime stories, the secret garden of dreams, serene","A warm, cozy hush settles across Silver Moon Garden, wrapping every sleepy creature in a soft blanket of rest.

Drifting gently on a soft cloud made of spun cotton candy, the dream ship sails across the constellation river. Sparkling stardust sprinkles softly upon the earth, bringing peaceful thoughts and happy dreams to every sleeping child.

And as the soft silver moonlight whispers goodnight, peaceful slumber carries you away until morning light. Rest well."
ST-0511,The Gentle The Starlight Carousel,Bedtime Stories,The Starlight Carousel,Quiet Celestial Sky,Enchanting,"starlight, carousel, constellations, gentle, dreamland, peaceful, bedtime stories, the starlight carousel, enchanting","As twilight softly descends upon Quiet Celestial Sky, the busy world slows down and prepares for sweet, peaceful slumber.

The silver nightingale sings its gentle melody from the high willow branch. The petals of the moonflowers slowly fold in peace, and the cool night air carries the scent of lavender through open bedroom windows.

Close your eyes, breathe in deep and slow, and drift off into the sweetest dreams in the peaceful wonderland of Quiet Celestial Sky. Goodnight."
ST-0512,Goodnight to The Goodnight Forest,Bedtime Stories,The Goodnight Forest,Velvet Pine Woods,Tranquil,"pines, owl, crickets, twilight, goodnight, stars, slumber, bedtime stories, the goodnight forest, tranquil","The silvery moon rises high above Velvet Pine Woods, casting a gentle, soothing glow over the quiet hills and valleys.

One by one, the little woodland animals curl up in their warm burrows lined with soft moss and dry leaves. The mother deer nudges her fawn close, while the little owls tuck their wings and listen to the soft, rhythmic hum of crickets in the grass.

All is calm, all is bright, and under the loving guard of the stars above Velvet Pine Woods, you are safe and warm. Sleep tight."
ST-0513,The Lullaby of The Moonlit Lullaby,Bedtime Stories,The Moonlit Lullaby,Quiet Starry Sky,Calm,"sleep, moon, lullaby, stars, soothing, peaceful, night, dreams, bedtime stories, the moonlit lullaby, calm","Listen closely to the gentle whisper of the evening breeze as it drifts through Quiet Starry Sky, singing a peaceful bedtime song.

The gentle ocean waves roll onto the shore in a slow, hypnotic rhythm—hushhh... hushhh... washing away all the day's excitement and leaving behind calm, cool sand beneath the watchful smile of the silver moon.

The night wraps the world in tranquil comfort, promising a bright and joyful tomorrow. Sweet dreams in Quiet Starry Sky."
ST-0514,The Sleepy The Slumbering Mountain,Bedtime Stories,The Slumbering Mountain,Misty Blue Ridge,Peaceful,"mountain, mist, forest, gentle, calm, blanket, slumber, bedtime stories, the slumbering mountain, peaceful","Stars ignite like tiny silver nightlights across the velvet sky above Misty Blue Ridge, watching over everyone as they sleep.

Drifting gently on a soft cloud made of spun cotton candy, the dream ship sails across the constellation river. Sparkling stardust sprinkles softly upon the earth, bringing peaceful thoughts and happy dreams to every sleeping child.

And as the soft silver moonlight whispers goodnight, peaceful slumber carries you away until morning light. Rest well."
ST-0515,A Dream in The Pillow Cloud Kingdom,Bedtime Stories,The Pillow Cloud Kingdom,Dreamland Cloud Castles,Soothing,"clouds, pillow, dreams, soft, feather, gentle, night, bedtime stories, the pillow cloud kingdom, soothing","A warm, cozy hush settles across Dreamland Cloud Castles, wrapping every sleepy creature in a soft blanket of rest.

The silver nightingale sings its gentle melody from the high willow branch. The petals of the moonflowers slowly fold in peace, and the cool night air carries the scent of lavender through open bedroom windows.

Close your eyes, breathe in deep and slow, and drift off into the sweetest dreams in the peaceful wonderland of Dreamland Cloud Castles. Goodnight."
ST-0516,The Moonlit The Whispering Waves,Bedtime Stories,The Whispering Waves,Moonlit Sandy Shore,Relaxing,"ocean, waves, sand, moonlight, tide, calm, sleepy, bedtime stories, the whispering waves, relaxing","As twilight softly descends upon Moonlit Sandy Shore, the busy world slows down and prepares for sweet, peaceful slumber.

One by one, the little woodland animals curl up in their warm burrows lined with soft moss and dry leaves. The mother deer nudges her fawn close, while the little owls tuck their wings and listen to the soft, rhythmic hum of crickets in the grass.

All is calm, all is bright, and under the loving guard of the stars above Moonlit Sandy Shore, you are safe and warm. Sleep tight."
ST-0517,The Peaceful The Cozy Woodland Burrow,Bedtime Stories,The Cozy Woodland Burrow,Warm Mossy Tree Hollow,Snug,"burrow, blanket, warmth, leaves, cozy, firefly, sleep, bedtime stories, the cozy woodland burrow, snug","The silvery moon rises high above Warm Mossy Tree Hollow, casting a gentle, soothing glow over the quiet hills and valleys.

The gentle ocean waves roll onto the shore in a slow, hypnotic rhythm—hushhh... hushhh... washing away all the day's excitement and leaving behind calm, cool sand beneath the watchful smile of the silver moon.

The night wraps the world in tranquil comfort, promising a bright and joyful tomorrow. Sweet dreams in Warm Mossy Tree Hollow."
ST-0518,The Night in The Secret Garden of Dreams,Bedtime Stories,The Secret Garden of Dreams,Silver Moon Garden,Serene,"garden, silver flowers, nightingales, lullaby, dewdrops, peace, bedtime stories, the secret garden of dreams, serene","Listen closely to the gentle whisper of the evening breeze as it drifts through Silver Moon Garden, singing a peaceful bedtime song.

Drifting gently on a soft cloud made of spun cotton candy, the dream ship sails across the constellation river. Sparkling stardust sprinkles softly upon the earth, bringing peaceful thoughts and happy dreams to every sleeping child.

And as the soft silver moonlight whispers goodnight, peaceful slumber carries you away until morning light. Rest well."
ST-0519,The Cozy The Starlight Carousel,Bedtime Stories,The Starlight Carousel,Quiet Celestial Sky,Enchanting,"starlight, carousel, constellations, gentle, dreamland, peaceful, bedtime stories, the starlight carousel, enchanting","Stars ignite like tiny silver nightlights across the velvet sky above Quiet Celestial Sky, watching over everyone as they sleep.

The silver nightingale sings its gentle melody from the high willow branch. The petals of the moonflowers slowly fold in peace, and the cool night air carries the scent of lavender through open bedroom windows.

Close your eyes, breathe in deep and slow, and drift off into the sweetest dreams in the peaceful wonderland of Quiet Celestial Sky. Goodnight."
ST-0520,The Starlit The Goodnight Forest,Bedtime Stories,The Goodnight Forest,Velvet Pine Woods,Tranquil,"pines, owl, crickets, twilight, goodnight, stars, slumber, bedtime stories, the goodnight forest, tranquil","A warm, cozy hush settles across Velvet Pine Woods, wrapping every sleepy creature in a soft blanket of rest.

One by one, the little woodland animals curl up in their warm burrows lined with soft moss and dry leaves. The mother deer nudges her fawn close, while the little owls tuck their wings and listen to the soft, rhythmic hum of crickets in the grass.

All is calm, all is bright, and under the loving guard of the stars above Velvet Pine Woods, you are safe and warm. Sleep tight."
